ngay,mua_vao,ban_ra
Lịch sử giá vàng SJC ngày 22/07/2009,21.060 x1000đ/lượng,21.120 x1000đ/lượng
Lịch sử giá vàng SJC ngày 23/07/2009,21.140 x1000đ/lượng,21.190 x1000đ/lượng
Lịch sử giá vàng SJC ngày 24/07/2009,21.090 x1000đ/lượng,21.140 x1000đ/lượng
Lịch sử giá vàng SJC ngày 25/07/2009,,
Lịch sử giá vàng SJC ngày 26/07/2009,,
Lịch sử giá vàng SJC ngày 27/07/2009,21.130 x1000đ/lượng,21.190 x1000đ/lượng
Lịch sử giá vàng SJC ngày 28/07/2009,,
Lịch sử giá vàng SJC ngày 29/07/2009,,
Lịch sử giá vàng SJC ngày 30/07/2009,,
Lịch sử giá vàng SJC ngày 31/07/2009,,
Lịch sử giá vàng SJC ngày 01/08/2009,,
Lịch sử giá vàng SJC ngày 02/08/2009,,
Lịch sử giá vàng SJC ngày 03/08/2009,,
Lịch sử giá vàng SJC ngày 04/08/2009,,
Lịch sử giá vàng SJC ngày 05/08/2009,,
Lịch sử giá vàng SJC ngày 06/08/2009,,
Lịch sử giá vàng SJC ngày 07/08/2009,,
Lịch sử giá vàng SJC ngày 08/08/2009,,
Lịch sử giá vàng SJC ngày 09/08/2009,,
Lịch sử giá vàng SJC ngày 10/08/2009,,
Lịch sử giá vàng SJC ngày 11/08/2009,,
Lịch sử giá vàng SJC ngày 12/08/2009,,
Lịch sử giá vàng SJC ngày 13/08/2009,,
Lịch sử giá vàng SJC ngày 14/08/2009,,
Lịch sử giá vàng SJC ngày 15/08/2009,,
Lịch sử giá vàng SJC ngày 16/08/2009,,
Lịch sử giá vàng SJC ngày 17/08/2009,,
Lịch sử giá vàng SJC ngày 18/08/2009,,
Lịch sử giá vàng SJC ngày 19/08/2009,,
Lịch sử giá vàng SJC ngày 20/08/2009,,
Lịch sử giá vàng SJC ngày 21/08/2009,,
Lịch sử giá vàng SJC ngày 22/08/2009,,
Lịch sử giá vàng SJC ngày 23/08/2009,,
Lịch sử giá vàng SJC ngày 24/08/2009,,
Lịch sử giá vàng SJC ngày 25/08/2009,,
Lịch sử giá vàng SJC ngày 26/08/2009,,
Lịch sử giá vàng SJC ngày 27/08/2009,,
Lịch sử giá vàng SJC ngày 28/08/2009,,
Lịch sử giá vàng SJC ngày 29/08/2009,,
Lịch sử giá vàng SJC ngày 30/08/2009,,
Lịch sử giá vàng SJC ngày 31/08/2009,,
Lịch sử giá vàng SJC ngày 01/09/2009,,
Lịch sử giá vàng SJC ngày 02/09/2009,,
Lịch sử giá vàng SJC ngày 03/09/2009,,
Lịch sử giá vàng SJC ngày 04/09/2009,,
Lịch sử giá vàng SJC ngày 05/09/2009,,
Lịch sử giá vàng SJC ngày 06/09/2009,,
Lịch sử giá vàng SJC ngày 07/09/2009,,
Lịch sử giá vàng SJC ngày 08/09/2009,,
Lịch sử giá vàng SJC ngày 09/09/2009,,
Lịch sử giá vàng SJC ngày 10/09/2009,,
Lịch sử giá vàng SJC ngày 11/09/2009,,
Lịch sử giá vàng SJC ngày 12/09/2009,,
Lịch sử giá vàng SJC ngày 13/09/2009,,
Lịch sử giá vàng SJC ngày 14/09/2009,,
Lịch sử giá vàng SJC ngày 15/09/2009,,
Lịch sử giá vàng SJC ngày 16/09/2009,,
Lịch sử giá vàng SJC ngày 17/09/2009,,
Lịch sử giá vàng SJC ngày 18/09/2009,,
Lịch sử giá vàng SJC ngày 19/09/2009,,
Lịch sử giá vàng SJC ngày 20/09/2009,,
Lịch sử giá vàng SJC ngày 21/09/2009,22.090 x1000đ/lượng,22.140 x1000đ/lượng
Lịch sử giá vàng SJC ngày 22/09/2009,22.220 x1000đ/lượng,22.280 x1000đ/lượng
Lịch sử giá vàng SJC ngày 23/09/2009,22.270 x1000đ/lượng,22.320 x1000đ/lượng
Lịch sử giá vàng SJC ngày 24/09/2009,22.230 x1000đ/lượng,22.280 x1000đ/lượng
Lịch sử giá vàng SJC ngày 25/09/2009,22.070 x1000đ/lượng,22.130 x1000đ/lượng
Lịch sử giá vàng SJC ngày 26/09/2009,22.040 x1000đ/lượng,22.090 x1000đ/lượng
Lịch sử giá vàng SJC ngày 27/09/2009,,
Lịch sử giá vàng SJC ngày 28/09/2009,22.070 x1000đ/lượng,22.120 x1000đ/lượng
Lịch sử giá vàng SJC ngày 29/09/2009,22.090 x1000đ/lượng,22.140 x1000đ/lượng
Lịch sử giá vàng SJC ngày 30/09/2009,22.190 x1000đ/lượng,22.240 x1000đ/lượng
Lịch sử giá vàng SJC ngày 01/10/2009,22.250 x1000đ/lượng,22.300 x1000đ/lượng
Lịch sử giá vàng SJC ngày 02/10/2009,22.180 x1000đ/lượng,22.230 x1000đ/lượng
Lịch sử giá vàng SJC ngày 03/10/2009,22.220 x1000đ/lượng,22.270 x1000đ/lượng
Lịch sử giá vàng SJC ngày 04/10/2009,,
Lịch sử giá vàng SJC ngày 05/10/2009,22.270 x1000đ/lượng,22.320 x1000đ/lượng
Lịch sử giá vàng SJC ngày 06/10/2009,22.500 x1000đ/lượng,22.560 x1000đ/lượng
Lịch sử giá vàng SJC ngày 07/10/2009,22.920 x1000đ/lượng,22.990 x1000đ/lượng
Lịch sử giá vàng SJC ngày 08/10/2009,23.130 x1000đ/lượng,23.190 x1000đ/lượng
Lịch sử giá vàng SJC ngày 09/10/2009,23.040 x1000đ/lượng,23.090 x1000đ/lượng
Lịch sử giá vàng SJC ngày 10/10/2009,23.070 x1000đ/lượng,23.120 x1000đ/lượng
Lịch sử giá vàng SJC ngày 11/10/2009,,
Lịch sử giá vàng SJC ngày 12/10/2009,23.150 x1000đ/lượng,23.200 x1000đ/lượng
Lịch sử giá vàng SJC ngày 13/10/2009,23.490 x1000đ/lượng,23.550 x1000đ/lượng
Lịch sử giá vàng SJC ngày 14/10/2009,23.760 x1000đ/lượng,23.840 x1000đ/lượng
Lịch sử giá vàng SJC ngày 15/10/2009,23.570 x1000đ/lượng,23.640 x1000đ/lượng
Lịch sử giá vàng SJC ngày 16/10/2009,23.470 x1000đ/lượng,23.520 x1000đ/lượng
Lịch sử giá vàng SJC ngày 17/10/2009,23.570 x1000đ/lượng,23.620 x1000đ/lượng
Lịch sử giá vàng SJC ngày 18/10/2009,,
Lịch sử giá vàng SJC ngày 19/10/2009,23.650 x1000đ/lượng,23.700 x1000đ/lượng
Lịch sử giá vàng SJC ngày 20/10/2009,23.820 x1000đ/lượng,23.890 x1000đ/lượng
Lịch sử giá vàng SJC ngày 21/10/2009,23.740 x1000đ/lượng,23.790 x1000đ/lượng
Lịch sử giá vàng SJC ngày 22/10/2009,23.800 x1000đ/lượng,23.850 x1000đ/lượng
Lịch sử giá vàng SJC ngày 23/10/2009,23.890 x1000đ/lượng,23.940 x1000đ/lượng
Lịch sử giá vàng SJC ngày 24/10/2009,,
Lịch sử giá vàng SJC ngày 25/10/2009,,
Lịch sử giá vàng SJC ngày 26/10/2009,23.890 x1000đ/lượng,23.950 x1000đ/lượng
Lịch sử giá vàng SJC ngày 27/10/2009,23.800 x1000đ/lượng,23.860 x1000đ/lượng
Lịch sử giá vàng SJC ngày 28/10/2009,23.790 x1000đ/lượng,23.850 x1000đ/lượng
Lịch sử giá vàng SJC ngày 29/10/2009,23.720 x1000đ/lượng,23.780 x1000đ/lượng
Lịch sử giá vàng SJC ngày 30/10/2009,23.800 x1000đ/lượng,23.850 x1000đ/lượng
Lịch sử giá vàng SJC ngày 31/10/2009,23.820 x1000đ/lượng,23.880 x1000đ/lượng
Lịch sử giá vàng SJC ngày 01/11/2009,,
Lịch sử giá vàng SJC ngày 02/11/2009,23.890 x1000đ/lượng,23.950 x1000đ/lượng
Lịch sử giá vàng SJC ngày 03/11/2009,24.000 x1000đ/lượng,24.060 x1000đ/lượng
Lịch sử giá vàng SJC ngày 04/11/2009,24.650 x1000đ/lượng,24.750 x1000đ/lượng
Lịch sử giá vàng SJC ngày 05/11/2009,24.670 x1000đ/lượng,24.750 x1000đ/lượng
Lịch sử giá vàng SJC ngày 06/11/2009,25.260 x1000đ/lượng,25.360 x1000đ/lượng
Lịch sử giá vàng SJC ngày 07/11/2009,25.300 x1000đ/lượng,25.400 x1000đ/lượng
Lịch sử giá vàng SJC ngày 08/11/2009,,
Lịch sử giá vàng SJC ngày 09/11/2009,26.300 x1000đ/lượng,26.500 x1000đ/lượng
Lịch sử giá vàng SJC ngày 10/11/2009,26.550 x1000đ/lượng,26.750 x1000đ/lượng
Lịch sử giá vàng SJC ngày 11/11/2009,26.800 x1000đ/lượng,27.500 x1000đ/lượng
Lịch sử giá vàng SJC ngày 12/11/2009,25.500 x1000đ/lượng,26.000 x1000đ/lượng
Lịch sử giá vàng SJC ngày 13/11/2009,25.800 x1000đ/lượng,26.300 x1000đ/lượng
Lịch sử giá vàng SJC ngày 14/11/2009,26.300 x1000đ/lượng,26.800 x1000đ/lượng
Lịch sử giá vàng SJC ngày 15/11/2009,,
Lịch sử giá vàng SJC ngày 16/11/2009,26.500 x1000đ/lượng,26.800 x1000đ/lượng
Lịch sử giá vàng SJC ngày 17/11/2009,26.700 x1000đ/lượng,26.900 x1000đ/lượng
Lịch sử giá vàng SJC ngày 18/11/2009,26.970 x1000đ/lượng,27.170 x1000đ/lượng
Lịch sử giá vàng SJC ngày 19/11/2009,26.900 x1000đ/lượng,27.100 x1000đ/lượng
Lịch sử giá vàng SJC ngày 20/11/2009,27.260 x1000đ/lượng,27.360 x1000đ/lượng
Lịch sử giá vàng SJC ngày 21/11/2009,27.480 x1000đ/lượng,27.580 x1000đ/lượng
Lịch sử giá vàng SJC ngày 22/11/2009,,
Lịch sử giá vàng SJC ngày 23/11/2009,28.350 x1000đ/lượng,28.450 x1000đ/lượng
Lịch sử giá vàng SJC ngày 24/11/2009,28.470 x1000đ/lượng,28.570 x1000đ/lượng
Lịch sử giá vàng SJC ngày 25/11/2009,28.520 x1000đ/lượng,28.600 x1000đ/lượng
Lịch sử giá vàng SJC ngày 26/11/2009,28.600 x1000đ/lượng,28.680 x1000đ/lượng
Lịch sử giá vàng SJC ngày 27/11/2009,27.900 x1000đ/lượng,28.200 x1000đ/lượng
Lịch sử giá vàng SJC ngày 28/11/2009,28.150 x1000đ/lượng,28.250 x1000đ/lượng
Lịch sử giá vàng SJC ngày 29/11/2009,,
Lịch sử giá vàng SJC ngày 30/11/2009,27.900 x1000đ/lượng,28.000 x1000đ/lượng
Lịch sử giá vàng SJC ngày 01/12/2009,28.350 x1000đ/lượng,28.420 x1000đ/lượng
Lịch sử giá vàng SJC ngày 02/12/2009,28.650 x1000đ/lượng,28.700 x1000đ/lượng
Lịch sử giá vàng SJC ngày 03/12/2009,28.550 x1000đ/lượng,28.600 x1000đ/lượng
Lịch sử giá vàng SJC ngày 04/12/2009,28.490 x1000đ/lượng,28.530 x1000đ/lượng
Lịch sử giá vàng SJC ngày 05/12/2009,28.000 x1000đ/lượng,28.150 x1000đ/lượng
Lịch sử giá vàng SJC ngày 06/12/2009,,
Lịch sử giá vàng SJC ngày 07/12/2009,27.850 x1000đ/lượng,27.900 x1000đ/lượng
Lịch sử giá vàng SJC ngày 08/12/2009,28.000 x1000đ/lượng,28.060 x1000đ/lượng
Lịch sử giá vàng SJC ngày 09/12/2009,27.630 x1000đ/lượng,27.680 x1000đ/lượng
Lịch sử giá vàng SJC ngày 10/12/2009,27.320 x1000đ/lượng,27.370 x1000đ/lượng
Lịch sử giá vàng SJC ngày 11/12/2009,27.200 x1000đ/lượng,27.300 x1000đ/lượng
Lịch sử giá vàng SJC ngày 12/12/2009,26.750 x1000đ/lượng,26.900 x1000đ/lượng
Lịch sử giá vàng SJC ngày 13/12/2009,,
Lịch sử giá vàng SJC ngày 14/12/2009,26.840 x1000đ/lượng,26.920 x1000đ/lượng
Lịch sử giá vàng SJC ngày 15/12/2009,26.940 x1000đ/lượng,27.000 x1000đ/lượng
Lịch sử giá vàng SJC ngày 16/12/2009,27.050 x1000đ/lượng,27.130 x1000đ/lượng
Lịch sử giá vàng SJC ngày 17/12/2009,27.160 x1000đ/lượng,27.220 x1000đ/lượng
Lịch sử giá vàng SJC ngày 18/12/2009,26.800 x1000đ/lượng,26.860 x1000đ/lượng
Lịch sử giá vàng SJC ngày 19/12/2009,27.000 x1000đ/lượng,27.100 x1000đ/lượng
Lịch sử giá vàng SJC ngày 20/12/2009,,
Lịch sử giá vàng SJC ngày 21/12/2009,26.950 x1000đ/lượng,27.020 x1000đ/lượng
Lịch sử giá vàng SJC ngày 22/12/2009,26.610 x1000đ/lượng,26.680 x1000đ/lượng
Lịch sử giá vàng SJC ngày 23/12/2009,26.150 x1000đ/lượng,26.230 x1000đ/lượng
Lịch sử giá vàng SJC ngày 24/12/2009,26.430 x1000đ/lượng,26.500 x1000đ/lượng
Lịch sử giá vàng SJC ngày 25/12/2009,26.480 x1000đ/lượng,26.560 x1000đ/lượng
Lịch sử giá vàng SJC ngày 26/12/2009,26.550 x1000đ/lượng,26.600 x1000đ/lượng
Lịch sử giá vàng SJC ngày 27/12/2009,,
Lịch sử giá vàng SJC ngày 28/12/2009,26.800 x1000đ/lượng,26.880 x1000đ/lượng
Lịch sử giá vàng SJC ngày 29/12/2009,26.600 x1000đ/lượng,26.650 x1000đ/lượng
Lịch sử giá vàng SJC ngày 30/12/2009,26.410 x1000đ/lượng,26.480 x1000đ/lượng
Lịch sử giá vàng SJC ngày 31/12/2009,26.540 x1000đ/lượng,26.740 x1000đ/lượng
Lịch sử giá vàng SJC ngày 01/01/2010,,
Lịch sử giá vàng SJC ngày 02/01/2010,26.620 x1000đ/lượng,26.700 x1000đ/lượng
Lịch sử giá vàng SJC ngày 03/01/2010,,
Lịch sử giá vàng SJC ngày 04/01/2010,26.690 x1000đ/lượng,26.760 x1000đ/lượng
Lịch sử giá vàng SJC ngày 05/01/2010,26.880 x1000đ/lượng,26.960 x1000đ/lượng
Lịch sử giá vàng SJC ngày 06/01/2010,26.810 x1000đ/lượng,26.880 x1000đ/lượng
Lịch sử giá vàng SJC ngày 07/01/2010,26.910 x1000đ/lượng,26.980 x1000đ/lượng
Lịch sử giá vàng SJC ngày 08/01/2010,26.760 x1000đ/lượng,26.830 x1000đ/lượng
Lịch sử giá vàng SJC ngày 09/01/2010,26.850 x1000đ/lượng,26.930 x1000đ/lượng
Lịch sử giá vàng SJC ngày 10/01/2010,,
Lịch sử giá vàng SJC ngày 11/01/2010,27.120 x1000đ/lượng,27.180 x1000đ/lượng
Lịch sử giá vàng SJC ngày 12/01/2010,27.140 x1000đ/lượng,27.190 x1000đ/lượng
Lịch sử giá vàng SJC ngày 13/01/2010,26.870 x1000đ/lượng,26.930 x1000đ/lượng
Lịch sử giá vàng SJC ngày 14/01/2010,26.870 x1000đ/lượng,26.930 x1000đ/lượng
Lịch sử giá vàng SJC ngày 15/01/2010,26.820 x1000đ/lượng,26.880 x1000đ/lượng
Lịch sử giá vàng SJC ngày 16/01/2010,26.780 x1000đ/lượng,26.840 x1000đ/lượng
Lịch sử giá vàng SJC ngày 17/01/2010,,
Lịch sử giá vàng SJC ngày 18/01/2010,26.800 x1000đ/lượng,26.860 x1000đ/lượng
Lịch sử giá vàng SJC ngày 19/01/2010,26.810 x1000đ/lượng,26.870 x1000đ/lượng
Lịch sử giá vàng SJC ngày 20/01/2010,26.760 x1000đ/lượng,26.820 x1000đ/lượng
Lịch sử giá vàng SJC ngày 21/01/2010,26.540 x1000đ/lượng,26.600 x1000đ/lượng
Lịch sử giá vàng SJC ngày 22/01/2010,26.330 x1000đ/lượng,26.380 x1000đ/lượng
Lịch sử giá vàng SJC ngày 23/01/2010,26.360 x1000đ/lượng,26.420 x1000đ/lượng
Lịch sử giá vàng SJC ngày 24/01/2010,,
Lịch sử giá vàng SJC ngày 25/01/2010,26.450 x1000đ/lượng,26.500 x1000đ/lượng
Lịch sử giá vàng SJC ngày 26/01/2010,26.400 x1000đ/lượng,26.450 x1000đ/lượng
Lịch sử giá vàng SJC ngày 27/01/2010,26.390 x1000đ/lượng,26.440 x1000đ/lượng
Lịch sử giá vàng SJC ngày 28/01/2010,26.440 x1000đ/lượng,26.500 x1000đ/lượng
Lịch sử giá vàng SJC ngày 29/01/2010,26.380 x1000đ/lượng,26.430 x1000đ/lượng
Lịch sử giá vàng SJC ngày 30/01/2010,26.370 x1000đ/lượng,26.420 x1000đ/lượng
Lịch sử giá vàng SJC ngày 31/01/2010,,
Lịch sử giá vàng SJC ngày 01/02/2010,26.320 x1000đ/lượng,26.380 x1000đ/lượng
Lịch sử giá vàng SJC ngày 02/02/2010,26.390 x1000đ/lượng,26.450 x1000đ/lượng
Lịch sử giá vàng SJC ngày 03/02/2010,26.480 x1000đ/lượng,26.540 x1000đ/lượng
Lịch sử giá vàng SJC ngày 04/02/2010,26.370 x1000đ/lượng,26.430 x1000đ/lượng
Lịch sử giá vàng SJC ngày 05/02/2010,24.900 x1000đ/lượng,25.000 x1000đ/lượng
Lịch sử giá vàng SJC ngày 06/02/2010,25.200 x1000đ/lượng,25.300 x1000đ/lượng
Lịch sử giá vàng SJC ngày 07/02/2010,,
Lịch sử giá vàng SJC ngày 08/02/2010,25.080 x1000đ/lượng,25.180 x1000đ/lượng
Lịch sử giá vàng SJC ngày 09/02/2010,25.160 x1000đ/lượng,25.260 x1000đ/lượng
Lịch sử giá vàng SJC ngày 10/02/2010,25.660 x1000đ/lượng,25.760 x1000đ/lượng
Lịch sử giá vàng SJC ngày 11/02/2010,26.150 x1000đ/lượng,26.250 x1000đ/lượng
Lịch sử giá vàng SJC ngày 12/02/2010,26.320 x1000đ/lượng,26.420 x1000đ/lượng
Lịch sử giá vàng SJC ngày 13/02/2010,,
Lịch sử giá vàng SJC ngày 14/02/2010,,
Lịch sử giá vàng SJC ngày 15/02/2010,,
Lịch sử giá vàng SJC ngày 16/02/2010,,
Lịch sử giá vàng SJC ngày 17/02/2010,,
Lịch sử giá vàng SJC ngày 18/02/2010,26.550 x1000đ/lượng,26.650 x1000đ/lượng
Lịch sử giá vàng SJC ngày 19/02/2010,26.500 x1000đ/lượng,26.600 x1000đ/lượng
Lịch sử giá vàng SJC ngày 20/02/2010,26.650 x1000đ/lượng,26.750 x1000đ/lượng
Lịch sử giá vàng SJC ngày 21/02/2010,,
Lịch sử giá vàng SJC ngày 22/02/2010,26.600 x1000đ/lượng,26.680 x1000đ/lượng
Lịch sử giá vàng SJC ngày 23/02/2010,26.550 x1000đ/lượng,26.620 x1000đ/lượng
Lịch sử giá vàng SJC ngày 24/02/2010,26.380 x1000đ/lượng,26.450 x1000đ/lượng
Lịch sử giá vàng SJC ngày 25/02/2010,26.260 x1000đ/lượng,26.320 x1000đ/lượng
Lịch sử giá vàng SJC ngày 26/02/2010,26.410 x1000đ/lượng,26.470 x1000đ/lượng
Lịch sử giá vàng SJC ngày 27/02/2010,26.540 x1000đ/lượng,26.600 x1000đ/lượng
Lịch sử giá vàng SJC ngày 28/02/2010,,
Lịch sử giá vàng SJC ngày 01/03/2010,26.550 x1000đ/lượng,26.610 x1000đ/lượng
Lịch sử giá vàng SJC ngày 02/03/2010,26.520 x1000đ/lượng,26.580 x1000đ/lượng
Lịch sử giá vàng SJC ngày 03/03/2010,26.640 x1000đ/lượng,26.690 x1000đ/lượng
Lịch sử giá vàng SJC ngày 04/03/2010,26.700 x1000đ/lượng,26.760 x1000đ/lượng
Lịch sử giá vàng SJC ngày 05/03/2010,26.720 x1000đ/lượng,26.780 x1000đ/lượng
Lịch sử giá vàng SJC ngày 06/03/2010,,
Lịch sử giá vàng SJC ngày 07/03/2010,,
Lịch sử giá vàng SJC ngày 08/03/2010,26.770 x1000đ/lượng,26.820 x1000đ/lượng
Lịch sử giá vàng SJC ngày 09/03/2010,26.640 x1000đ/lượng,26.690 x1000đ/lượng
Lịch sử giá vàng SJC ngày 10/03/2010,26.620 x1000đ/lượng,26.670 x1000đ/lượng
Lịch sử giá vàng SJC ngày 11/03/2010,26.370 x1000đ/lượng,26.430 x1000đ/lượng
Lịch sử giá vàng SJC ngày 12/03/2010,26.500 x1000đ/lượng,26.570 x1000đ/lượng
Lịch sử giá vàng SJC ngày 13/03/2010,26.370 x1000đ/lượng,26.450 x1000đ/lượng
Lịch sử giá vàng SJC ngày 14/03/2010,,
Lịch sử giá vàng SJC ngày 15/03/2010,26.390 x1000đ/lượng,26.450 x1000đ/lượng
Lịch sử giá vàng SJC ngày 16/03/2010,26.430 x1000đ/lượng,26.490 x1000đ/lượng
Lịch sử giá vàng SJC ngày 17/03/2010,26.570 x1000đ/lượng,26.630 x1000đ/lượng
Lịch sử giá vàng SJC ngày 18/03/2010,26.450 x1000đ/lượng,26.510 x1000đ/lượng
Lịch sử giá vàng SJC ngày 19/03/2010,26.460 x1000đ/lượng,26.510 x1000đ/lượng
Lịch sử giá vàng SJC ngày 20/03/2010,26.340 x1000đ/lượng,26.400 x1000đ/lượng
Lịch sử giá vàng SJC ngày 21/03/2010,,
Lịch sử giá vàng SJC ngày 22/03/2010,26.340 x1000đ/lượng,26.400 x1000đ/lượng
Lịch sử giá vàng SJC ngày 23/03/2010,26.260 x1000đ/lượng,26.320 x1000đ/lượng
Lịch sử giá vàng SJC ngày 24/03/2010,26.050 x1000đ/lượng,26.100 x1000đ/lượng
Lịch sử giá vàng SJC ngày 25/03/2010,25.900 x1000đ/lượng,25.960 x1000đ/lượng
Lịch sử giá vàng SJC ngày 26/03/2010,26.100 x1000đ/lượng,26.170 x1000đ/lượng
Lịch sử giá vàng SJC ngày 27/03/2010,26.240 x1000đ/lượng,26.300 x1000đ/lượng
Lịch sử giá vàng SJC ngày 28/03/2010,,
Lịch sử giá vàng SJC ngày 29/03/2010,26.200 x1000đ/lượng,26.250 x1000đ/lượng
Lịch sử giá vàng SJC ngày 30/03/2010,26.190 x1000đ/lượng,26.240 x1000đ/lượng
Lịch sử giá vàng SJC ngày 31/03/2010,26.080 x1000đ/lượng,26.130 x1000đ/lượng
Lịch sử giá vàng SJC ngày 01/04/2010,26.070 x1000đ/lượng,26.130 x1000đ/lượng
Lịch sử giá vàng SJC ngày 02/04/2010,26.100 x1000đ/lượng,26.150 x1000đ/lượng
Lịch sử giá vàng SJC ngày 03/04/2010,26.100 x1000đ/lượng,26.160 x1000đ/lượng
Lịch sử giá vàng SJC ngày 04/04/2010,,
Lịch sử giá vàng SJC ngày 05/04/2010,26.120 x1000đ/lượng,26.170 x1000đ/lượng
Lịch sử giá vàng SJC ngày 06/04/2010,26.030 x1000đ/lượng,26.090 x1000đ/lượng
Lịch sử giá vàng SJC ngày 07/04/2010,26.090 x1000đ/lượng,26.150 x1000đ/lượng
Lịch sử giá vàng SJC ngày 08/04/2010,26.300 x1000đ/lượng,26.360 x1000đ/lượng
Lịch sử giá vàng SJC ngày 09/04/2010,26.470 x1000đ/lượng,26.530 x1000đ/lượng
Lịch sử giá vàng SJC ngày 10/04/2010,26.510 x1000đ/lượng,26.570 x1000đ/lượng
Lịch sử giá vàng SJC ngày 11/04/2010,,
Lịch sử giá vàng SJC ngày 12/04/2010,26.600 x1000đ/lượng,26.670 x1000đ/lượng
Lịch sử giá vàng SJC ngày 13/04/2010,26.350 x1000đ/lượng,26.420 x1000đ/lượng
Lịch sử giá vàng SJC ngày 14/04/2010,26.430 x1000đ/lượng,26.490 x1000đ/lượng
Lịch sử giá vàng SJC ngày 15/04/2010,26.410 x1000đ/lượng,26.470 x1000đ/lượng
Lịch sử giá vàng SJC ngày 16/04/2010,26.420 x1000đ/lượng,26.480 x1000đ/lượng
Lịch sử giá vàng SJC ngày 17/04/2010,26.270 x1000đ/lượng,26.330 x1000đ/lượng
Lịch sử giá vàng SJC ngày 18/04/2010,,
Lịch sử giá vàng SJC ngày 19/04/2010,26.150 x1000đ/lượng,26.210 x1000đ/lượng
Lịch sử giá vàng SJC ngày 20/04/2010,26.270 x1000đ/lượng,26.330 x1000đ/lượng
Lịch sử giá vàng SJC ngày 21/04/2010,26.300 x1000đ/lượng,26.360 x1000đ/lượng
Lịch sử giá vàng SJC ngày 22/04/2010,26.290 x1000đ/lượng,26.350 x1000đ/lượng
Lịch sử giá vàng SJC ngày 23/04/2010,26.250 x1000đ/lượng,26.310 x1000đ/lượng
Lịch sử giá vàng SJC ngày 24/04/2010,26.380 x1000đ/lượng,26.450 x1000đ/lượng
Lịch sử giá vàng SJC ngày 25/04/2010,,
Lịch sử giá vàng SJC ngày 26/04/2010,26.400 x1000đ/lượng,26.450 x1000đ/lượng
Lịch sử giá vàng SJC ngày 27/04/2010,26.350 x1000đ/lượng,26.410 x1000đ/lượng
Lịch sử giá vàng SJC ngày 28/04/2010,26.450 x1000đ/lượng,26.500 x1000đ/lượng
Lịch sử giá vàng SJC ngày 29/04/2010,26.500 x1000đ/lượng,26.560 x1000đ/lượng
Lịch sử giá vàng SJC ngày 30/04/2010,,
Lịch sử giá vàng SJC ngày 01/05/2010,,
Lịch sử giá vàng SJC ngày 02/05/2010,,
Lịch sử giá vàng SJC ngày 03/05/2010,,
Lịch sử giá vàng SJC ngày 04/05/2010,26.750 x1000đ/lượng,26.810 x1000đ/lượng
Lịch sử giá vàng SJC ngày 05/05/2010,26.640 x1000đ/lượng,26.690 x1000đ/lượng
Lịch sử giá vàng SJC ngày 06/05/2010,26.720 x1000đ/lượng,26.780 x1000đ/lượng
Lịch sử giá vàng SJC ngày 07/05/2010,27.230 x1000đ/lượng,27.300 x1000đ/lượng
Lịch sử giá vàng SJC ngày 08/05/2010,27.300 x1000đ/lượng,27.400 x1000đ/lượng
Lịch sử giá vàng SJC ngày 09/05/2010,,
Lịch sử giá vàng SJC ngày 10/05/2010,27.150 x1000đ/lượng,27.210 x1000đ/lượng
Lịch sử giá vàng SJC ngày 11/05/2010,27.470 x1000đ/lượng,27.540 x1000đ/lượng
Lịch sử giá vàng SJC ngày 12/05/2010,28.100 x1000đ/lượng,28.200 x1000đ/lượng
Lịch sử giá vàng SJC ngày 13/05/2010,28.070 x1000đ/lượng,28.170 x1000đ/lượng
Lịch sử giá vàng SJC ngày 14/05/2010,28.150 x1000đ/lượng,28.220 x1000đ/lượng
Lịch sử giá vàng SJC ngày 15/05/2010,28.050 x1000đ/lượng,28.150 x1000đ/lượng
Lịch sử giá vàng SJC ngày 16/05/2010,,
Lịch sử giá vàng SJC ngày 17/05/2010,28.110 x1000đ/lượng,28.170 x1000đ/lượng
Lịch sử giá vàng SJC ngày 18/05/2010,27.860 x1000đ/lượng,27.930 x1000đ/lượng
Lịch sử giá vàng SJC ngày 19/05/2010,27.700 x1000đ/lượng,27.770 x1000đ/lượng
Lịch sử giá vàng SJC ngày 20/05/2010,27.430 x1000đ/lượng,27.490 x1000đ/lượng
Lịch sử giá vàng SJC ngày 21/05/2010,27.350 x1000đ/lượng,27.430 x1000đ/lượng
Lịch sử giá vàng SJC ngày 22/05/2010,27.300 x1000đ/lượng,27.370 x1000đ/lượng
Lịch sử giá vàng SJC ngày 23/05/2010,,
Lịch sử giá vàng SJC ngày 24/05/2010,27.420 x1000đ/lượng,27.480 x1000đ/lượng
Lịch sử giá vàng SJC ngày 25/05/2010,27.530 x1000đ/lượng,27.600 x1000đ/lượng
Lịch sử giá vàng SJC ngày 26/05/2010,27.900 x1000đ/lượng,27.970 x1000đ/lượng
Lịch sử giá vàng SJC ngày 27/05/2010,27.760 x1000đ/lượng,27.820 x1000đ/lượng
Lịch sử giá vàng SJC ngày 28/05/2010,27.670 x1000đ/lượng,27.730 x1000đ/lượng
Lịch sử giá vàng SJC ngày 29/05/2010,27.680 x1000đ/lượng,27.740 x1000đ/lượng
Lịch sử giá vàng SJC ngày 30/05/2010,,
Lịch sử giá vàng SJC ngày 31/05/2010,27.660 x1000đ/lượng,27.720 x1000đ/lượng
Lịch sử giá vàng SJC ngày 01/06/2010,27.820 x1000đ/lượng,27.880 x1000đ/lượng
Lịch sử giá vàng SJC ngày 02/06/2010,27.820 x1000đ/lượng,27.880 x1000đ/lượng
Lịch sử giá vàng SJC ngày 03/06/2010,27.790 x1000đ/lượng,27.850 x1000đ/lượng
Lịch sử giá vàng SJC ngày 04/06/2010,27.630 x1000đ/lượng,27.690 x1000đ/lượng
Lịch sử giá vàng SJC ngày 05/06/2010,27.750 x1000đ/lượng,27.820 x1000đ/lượng
Lịch sử giá vàng SJC ngày 06/06/2010,,
Lịch sử giá vàng SJC ngày 07/06/2010,27.710 x1000đ/lượng,27.770 x1000đ/lượng
Lịch sử giá vàng SJC ngày 08/06/2010,28.250 x1000đ/lượng,28.350 x1000đ/lượng
Lịch sử giá vàng SJC ngày 09/06/2010,28.110 x1000đ/lượng,28.170 x1000đ/lượng
Lịch sử giá vàng SJC ngày 10/06/2010,27.900 x1000đ/lượng,27.970 x1000đ/lượng
Lịch sử giá vàng SJC ngày 11/06/2010,27.880 x1000đ/lượng,27.930 x1000đ/lượng
Lịch sử giá vàng SJC ngày 12/06/2010,27.950 x1000đ/lượng,28.010 x1000đ/lượng
Lịch sử giá vàng SJC ngày 13/06/2010,,
Lịch sử giá vàng SJC ngày 14/06/2010,28.030 x1000đ/lượng,28.090 x1000đ/lượng
Lịch sử giá vàng SJC ngày 15/06/2010,27.930 x1000đ/lượng,27.990 x1000đ/lượng
Lịch sử giá vàng SJC ngày 16/06/2010,28.100 x1000đ/lượng,28.160 x1000đ/lượng
Lịch sử giá vàng SJC ngày 17/06/2010,28.070 x1000đ/lượng,28.130 x1000đ/lượng
Lịch sử giá vàng SJC ngày 18/06/2010,28.270 x1000đ/lượng,28.330 x1000đ/lượng
Lịch sử giá vàng SJC ngày 19/06/2010,28.450 x1000đ/lượng,28.520 x1000đ/lượng
Lịch sử giá vàng SJC ngày 20/06/2010,,
Lịch sử giá vàng SJC ngày 21/06/2010,28.600 x1000đ/lượng,28.670 x1000đ/lượng
Lịch sử giá vàng SJC ngày 22/06/2010,28.260 x1000đ/lượng,28.320 x1000đ/lượng
Lịch sử giá vàng SJC ngày 23/06/2010,28.390 x1000đ/lượng,28.450 x1000đ/lượng
Lịch sử giá vàng SJC ngày 24/06/2010,28.350 x1000đ/lượng,28.400 x1000đ/lượng
Lịch sử giá vàng SJC ngày 25/06/2010,28.470 x1000đ/lượng,28.530 x1000đ/lượng
Lịch sử giá vàng SJC ngày 26/06/2010,28.600 x1000đ/lượng,28.660 x1000đ/lượng
Lịch sử giá vàng SJC ngày 27/06/2010,,
Lịch sử giá vàng SJC ngày 28/06/2010,28.630 x1000đ/lượng,28.680 x1000đ/lượng
Lịch sử giá vàng SJC ngày 29/06/2010,28.440 x1000đ/lượng,28.500 x1000đ/lượng
Lịch sử giá vàng SJC ngày 30/06/2010,28.550 x1000đ/lượng,28.600 x1000đ/lượng
Lịch sử giá vàng SJC ngày 01/07/2010,28.530 x1000đ/lượng,28.580 x1000đ/lượng
Lịch sử giá vàng SJC ngày 02/07/2010,28.290 x1000đ/lượng,28.360 x1000đ/lượng
Lịch sử giá vàng SJC ngày 03/07/2010,28.300 x1000đ/lượng,28.350 x1000đ/lượng
Lịch sử giá vàng SJC ngày 04/07/2010,,
Lịch sử giá vàng SJC ngày 05/07/2010,28.280 x1000đ/lượng,28.340 x1000đ/lượng
Lịch sử giá vàng SJC ngày 06/07/2010,28.300 x1000đ/lượng,28.350 x1000đ/lượng
Lịch sử giá vàng SJC ngày 07/07/2010,28.120 x1000đ/lượng,28.180 x1000đ/lượng
Lịch sử giá vàng SJC ngày 08/07/2010,28.240 x1000đ/lượng,28.290 x1000đ/lượng
Lịch sử giá vàng SJC ngày 09/07/2010,28.170 x1000đ/lượng,28.220 x1000đ/lượng
Lịch sử giá vàng SJC ngày 10/07/2010,28.270 x1000đ/lượng,28.330 x1000đ/lượng
Lịch sử giá vàng SJC ngày 11/07/2010,,
Lịch sử giá vàng SJC ngày 12/07/2010,28.180 x1000đ/lượng,28.240 x1000đ/lượng
Lịch sử giá vàng SJC ngày 13/07/2010,28.190 x1000đ/lượng,28.250 x1000đ/lượng
Lịch sử giá vàng SJC ngày 14/07/2010,28.200 x1000đ/lượng,28.260 x1000đ/lượng
Lịch sử giá vàng SJC ngày 15/07/2010,28.210 x1000đ/lượng,28.260 x1000đ/lượng
Lịch sử giá vàng SJC ngày 16/07/2010,28.160 x1000đ/lượng,28.220 x1000đ/lượng
Lịch sử giá vàng SJC ngày 17/07/2010,28.060 x1000đ/lượng,28.130 x1000đ/lượng
Lịch sử giá vàng SJC ngày 18/07/2010,,
Lịch sử giá vàng SJC ngày 19/07/2010,28.060 x1000đ/lượng,28.110 x1000đ/lượng
Lịch sử giá vàng SJC ngày 20/07/2010,27.920 x1000đ/lượng,27.980 x1000đ/lượng
Lịch sử giá vàng SJC ngày 21/07/2010,27.990 x1000đ/lượng,28.040 x1000đ/lượng
Lịch sử giá vàng SJC ngày 22/07/2010,27.960 x1000đ/lượng,28.010 x1000đ/lượng
Lịch sử giá vàng SJC ngày 23/07/2010,28.060 x1000đ/lượng,28.110 x1000đ/lượng
Lịch sử giá vàng SJC ngày 24/07/2010,27.980 x1000đ/lượng,28.040 x1000đ/lượng
Lịch sử giá vàng SJC ngày 25/07/2010,,
Lịch sử giá vàng SJC ngày 26/07/2010,27.980 x1000đ/lượng,28.030 x1000đ/lượng
Lịch sử giá vàng SJC ngày 27/07/2010,27.930 x1000đ/lượng,27.990 x1000đ/lượng
Lịch sử giá vàng SJC ngày 28/07/2010,27.670 x1000đ/lượng,27.720 x1000đ/lượng
Lịch sử giá vàng SJC ngày 29/07/2010,27.630 x1000đ/lượng,27.680 x1000đ/lượng
Lịch sử giá vàng SJC ngày 30/07/2010,27.630 x1000đ/lượng,27.680 x1000đ/lượng
Lịch sử giá vàng SJC ngày 31/07/2010,27.710 x1000đ/lượng,27.770 x1000đ/lượng
Lịch sử giá vàng SJC ngày 01/08/2010,,
Lịch sử giá vàng SJC ngày 02/08/2010,27.730 x1000đ/lượng,27.780 x1000đ/lượng
Lịch sử giá vàng SJC ngày 03/08/2010,27.740 x1000đ/lượng,27.790 x1000đ/lượng
Lịch sử giá vàng SJC ngày 04/08/2010,27.920 x1000đ/lượng,27.970 x1000đ/lượng
Lịch sử giá vàng SJC ngày 05/08/2010,27.980 x1000đ/lượng,28.020 x1000đ/lượng
Lịch sử giá vàng SJC ngày 06/08/2010,27.990 x1000đ/lượng,28.030 x1000đ/lượng
Lịch sử giá vàng SJC ngày 07/08/2010,28.100 x1000đ/lượng,28.150 x1000đ/lượng
Lịch sử giá vàng SJC ngày 08/08/2010,,
Lịch sử giá vàng SJC ngày 09/08/2010,28.130 x1000đ/lượng,28.170 x1000đ/lượng
Lịch sử giá vàng SJC ngày 10/08/2010,28.050 x1000đ/lượng,28.080 x1000đ/lượng
Lịch sử giá vàng SJC ngày 11/08/2010,28.020 x1000đ/lượng,28.060 x1000đ/lượng
Lịch sử giá vàng SJC ngày 12/08/2010,28.000 x1000đ/lượng,28.040 x1000đ/lượng
Lịch sử giá vàng SJC ngày 13/08/2010,28.150 x1000đ/lượng,28.190 x1000đ/lượng
Lịch sử giá vàng SJC ngày 14/08/2010,28.130 x1000đ/lượng,28.170 x1000đ/lượng
Lịch sử giá vàng SJC ngày 15/08/2010,,
Lịch sử giá vàng SJC ngày 16/08/2010,28.250 x1000đ/lượng,28.290 x1000đ/lượng
Lịch sử giá vàng SJC ngày 17/08/2010,28.420 x1000đ/lượng,28.460 x1000đ/lượng
Lịch sử giá vàng SJC ngày 18/08/2010,28.520 x1000đ/lượng,28.560 x1000đ/lượng
Lịch sử giá vàng SJC ngày 19/08/2010,28.730 x1000đ/lượng,28.770 x1000đ/lượng
Lịch sử giá vàng SJC ngày 20/08/2010,28.780 x1000đ/lượng,28.820 x1000đ/lượng
Lịch sử giá vàng SJC ngày 21/08/2010,28.700 x1000đ/lượng,28.750 x1000đ/lượng
Lịch sử giá vàng SJC ngày 22/08/2010,,
Lịch sử giá vàng SJC ngày 23/08/2010,28.720 x1000đ/lượng,28.760 x1000đ/lượng
Lịch sử giá vàng SJC ngày 24/08/2010,28.560 x1000đ/lượng,28.600 x1000đ/lượng
Lịch sử giá vàng SJC ngày 25/08/2010,28.870 x1000đ/lượng,28.910 x1000đ/lượng
Lịch sử giá vàng SJC ngày 26/08/2010,28.990 x1000đ/lượng,29.030 x1000đ/lượng
Lịch sử giá vàng SJC ngày 27/08/2010,28.920 x1000đ/lượng,28.960 x1000đ/lượng
Lịch sử giá vàng SJC ngày 28/08/2010,28.940 x1000đ/lượng,28.980 x1000đ/lượng
Lịch sử giá vàng SJC ngày 29/08/2010,,
Lịch sử giá vàng SJC ngày 30/08/2010,28.920 x1000đ/lượng,28.960 x1000đ/lượng
Lịch sử giá vàng SJC ngày 31/08/2010,28.910 x1000đ/lượng,28.950 x1000đ/lượng
Lịch sử giá vàng SJC ngày 01/09/2010,29.200 x1000đ/lượng,29.240 x1000đ/lượng
Lịch sử giá vàng SJC ngày 02/09/2010,29.150 x1000đ/lượng,29.190 x1000đ/lượng
Lịch sử giá vàng SJC ngày 03/09/2010,29.250 x1000đ/lượng,29.300 x1000đ/lượng
Lịch sử giá vàng SJC ngày 04/09/2010,29.200 x1000đ/lượng,29.240 x1000đ/lượng
Lịch sử giá vàng SJC ngày 05/09/2010,,
Lịch sử giá vàng SJC ngày 06/09/2010,29.220 x1000đ/lượng,29.260 x1000đ/lượng
Lịch sử giá vàng SJC ngày 07/09/2010,29.210 x1000đ/lượng,29.250 x1000đ/lượng
Lịch sử giá vàng SJC ngày 08/09/2010,29.450 x1000đ/lượng,29.490 x1000đ/lượng
Lịch sử giá vàng SJC ngày 09/09/2010,29.370 x1000đ/lượng,29.410 x1000đ/lượng
Lịch sử giá vàng SJC ngày 10/09/2010,29.260 x1000đ/lượng,29.300 x1000đ/lượng
Lịch sử giá vàng SJC ngày 11/09/2010,29.250 x1000đ/lượng,29.290 x1000đ/lượng
Lịch sử giá vàng SJC ngày 12/09/2010,,
Lịch sử giá vàng SJC ngày 13/09/2010,29.230 x1000đ/lượng,29.270 x1000đ/lượng
Lịch sử giá vàng SJC ngày 14/09/2010,29.330 x1000đ/lượng,29.370 x1000đ/lượng
Lịch sử giá vàng SJC ngày 15/09/2010,29.720 x1000đ/lượng,29.760 x1000đ/lượng
Lịch sử giá vàng SJC ngày 16/09/2010,29.700 x1000đ/lượng,29.740 x1000đ/lượng
Lịch sử giá vàng SJC ngày 17/09/2010,29.960 x1000đ/lượng,30.000 x1000đ/lượng
Lịch sử giá vàng SJC ngày 18/09/2010,29.860 x1000đ/lượng,29.900 x1000đ/lượng
Lịch sử giá vàng SJC ngày 19/09/2010,,
Lịch sử giá vàng SJC ngày 20/09/2010,30.000 x1000đ/lượng,30.040 x1000đ/lượng
Lịch sử giá vàng SJC ngày 21/09/2010,30.040 x1000đ/lượng,30.080 x1000đ/lượng
Lịch sử giá vàng SJC ngày 22/09/2010,30.250 x1000đ/lượng,30.290 x1000đ/lượng
Lịch sử giá vàng SJC ngày 23/09/2010,30.290 x1000đ/lượng,30.330 x1000đ/lượng
Lịch sử giá vàng SJC ngày 24/09/2010,30.420 x1000đ/lượng,30.460 x1000đ/lượng
Lịch sử giá vàng SJC ngày 25/09/2010,30.420 x1000đ/lượng,30.460 x1000đ/lượng
Lịch sử giá vàng SJC ngày 26/09/2010,,
Lịch sử giá vàng SJC ngày 27/09/2010,30.680 x1000đ/lượng,30.720 x1000đ/lượng
Lịch sử giá vàng SJC ngày 28/09/2010,30.570 x1000đ/lượng,30.610 x1000đ/lượng
Lịch sử giá vàng SJC ngày 29/09/2010,31.150 x1000đ/lượng,31.200 x1000đ/lượng
Lịch sử giá vàng SJC ngày 30/09/2010,31.210 x1000đ/lượng,31.250 x1000đ/lượng
Lịch sử giá vàng SJC ngày 01/10/2010,31.280 x1000đ/lượng,31.340 x1000đ/lượng
Lịch sử giá vàng SJC ngày 02/10/2010,31.430 x1000đ/lượng,31.480 x1000đ/lượng
Lịch sử giá vàng SJC ngày 03/10/2010,,
Lịch sử giá vàng SJC ngày 04/10/2010,31.540 x1000đ/lượng,31.580 x1000đ/lượng
Lịch sử giá vàng SJC ngày 05/10/2010,31.700 x1000đ/lượng,31.750 x1000đ/lượng
Lịch sử giá vàng SJC ngày 06/10/2010,32.700 x1000đ/lượng,32.800 x1000đ/lượng
Lịch sử giá vàng SJC ngày 07/10/2010,32.770 x1000đ/lượng,32.830 x1000đ/lượng
Lịch sử giá vàng SJC ngày 08/10/2010,32.000 x1000đ/lượng,32.100 x1000đ/lượng
Lịch sử giá vàng SJC ngày 09/10/2010,32.320 x1000đ/lượng,32.420 x1000đ/lượng
Lịch sử giá vàng SJC ngày 10/10/2010,,
Lịch sử giá vàng SJC ngày 11/10/2010,32.500 x1000đ/lượng,32.570 x1000đ/lượng
Lịch sử giá vàng SJC ngày 12/10/2010,32.430 x1000đ/lượng,32.490 x1000đ/lượng
Lịch sử giá vàng SJC ngày 13/10/2010,32.660 x1000đ/lượng,32.720 x1000đ/lượng
Lịch sử giá vàng SJC ngày 14/10/2010,33.080 x1000đ/lượng,33.140 x1000đ/lượng
Lịch sử giá vàng SJC ngày 15/10/2010,33.150 x1000đ/lượng,33.210 x1000đ/lượng
Lịch sử giá vàng SJC ngày 16/10/2010,33.100 x1000đ/lượng,33.150 x1000đ/lượng
Lịch sử giá vàng SJC ngày 17/10/2010,,
Lịch sử giá vàng SJC ngày 18/10/2010,33.090 x1000đ/lượng,33.150 x1000đ/lượng
Lịch sử giá vàng SJC ngày 19/10/2010,33.300 x1000đ/lượng,33.360 x1000đ/lượng
Lịch sử giá vàng SJC ngày 20/10/2010,32.920 x1000đ/lượng,32.970 x1000đ/lượng
Lịch sử giá vàng SJC ngày 21/10/2010,33.050 x1000đ/lượng,33.100 x1000đ/lượng
Lịch sử giá vàng SJC ngày 22/10/2010,32.670 x1000đ/lượng,32.740 x1000đ/lượng
Lịch sử giá vàng SJC ngày 23/10/2010,32.770 x1000đ/lượng,32.830 x1000đ/lượng
Lịch sử giá vàng SJC ngày 24/10/2010,,
Lịch sử giá vàng SJC ngày 25/10/2010,32.910 x1000đ/lượng,32.960 x1000đ/lượng
Lịch sử giá vàng SJC ngày 26/10/2010,32.840 x1000đ/lượng,32.890 x1000đ/lượng
Lịch sử giá vàng SJC ngày 27/10/2010,32.830 x1000đ/lượng,32.880 x1000đ/lượng
Lịch sử giá vàng SJC ngày 28/10/2010,32.800 x1000đ/lượng,32.850 x1000đ/lượng
Lịch sử giá vàng SJC ngày 29/10/2010,32.980 x1000đ/lượng,33.030 x1000đ/lượng
Lịch sử giá vàng SJC ngày 30/10/2010,33.350 x1000đ/lượng,33.400 x1000đ/lượng
Lịch sử giá vàng SJC ngày 31/10/2010,,
Lịch sử giá vàng SJC ngày 01/11/2010,33.500 x1000đ/lượng,33.550 x1000đ/lượng
Lịch sử giá vàng SJC ngày 02/11/2010,33.670 x1000đ/lượng,33.730 x1000đ/lượng
Lịch sử giá vàng SJC ngày 03/11/2010,33.750 x1000đ/lượng,33.800 x1000đ/lượng
Lịch sử giá vàng SJC ngày 04/11/2010,34.080 x1000đ/lượng,34.180 x1000đ/lượng
Lịch sử giá vàng SJC ngày 05/11/2010,34.750 x1000đ/lượng,34.900 x1000đ/lượng
Lịch sử giá vàng SJC ngày 06/11/2010,35.100 x1000đ/lượng,35.200 x1000đ/lượng
Lịch sử giá vàng SJC ngày 07/11/2010,,
Lịch sử giá vàng SJC ngày 08/11/2010,35.660 x1000đ/lượng,35.750 x1000đ/lượng
Lịch sử giá vàng SJC ngày 09/11/2010,36.500 x1000đ/lượng,36.700 x1000đ/lượng
Lịch sử giá vàng SJC ngày 10/11/2010,36.400 x1000đ/lượng,36.550 x1000đ/lượng
Lịch sử giá vàng SJC ngày 11/11/2010,36.150 x1000đ/lượng,36.300 x1000đ/lượng
Lịch sử giá vàng SJC ngày 12/11/2010,35.750 x1000đ/lượng,35.850 x1000đ/lượng
Lịch sử giá vàng SJC ngày 13/11/2010,34.900 x1000đ/lượng,35.100 x1000đ/lượng
Lịch sử giá vàng SJC ngày 14/11/2010,,
Lịch sử giá vàng SJC ngày 15/11/2010,34.920 x1000đ/lượng,35.000 x1000đ/lượng
Lịch sử giá vàng SJC ngày 16/11/2010,34.890 x1000đ/lượng,34.940 x1000đ/lượng
Lịch sử giá vàng SJC ngày 17/11/2010,34.370 x1000đ/lượng,34.440 x1000đ/lượng
Lịch sử giá vàng SJC ngày 18/11/2010,35.450 x1000đ/lượng,35.550 x1000đ/lượng
Lịch sử giá vàng SJC ngày 19/11/2010,35.550 x1000đ/lượng,35.650 x1000đ/lượng
Lịch sử giá vàng SJC ngày 20/11/2010,35.450 x1000đ/lượng,35.550 x1000đ/lượng
Lịch sử giá vàng SJC ngày 21/11/2010,,
Lịch sử giá vàng SJC ngày 22/11/2010,35.650 x1000đ/lượng,35.710 x1000đ/lượng
Lịch sử giá vàng SJC ngày 23/11/2010,35.620 x1000đ/lượng,35.670 x1000đ/lượng
Lịch sử giá vàng SJC ngày 24/11/2010,35.850 x1000đ/lượng,35.950 x1000đ/lượng
Lịch sử giá vàng SJC ngày 25/11/2010,35.730 x1000đ/lượng,35.780 x1000đ/lượng
Lịch sử giá vàng SJC ngày 26/11/2010,35.700 x1000đ/lượng,35.770 x1000đ/lượng
Lịch sử giá vàng SJC ngày 27/11/2010,35.670 x1000đ/lượng,35.710 x1000đ/lượng
Lịch sử giá vàng SJC ngày 28/11/2010,,
Lịch sử giá vàng SJC ngày 29/11/2010,35.730 x1000đ/lượng,35.780 x1000đ/lượng
Lịch sử giá vàng SJC ngày 30/11/2010,35.880 x1000đ/lượng,35.950 x1000đ/lượng
Lịch sử giá vàng SJC ngày 01/12/2010,36.250 x1000đ/lượng,36.330 x1000đ/lượng
Lịch sử giá vàng SJC ngày 02/12/2010,36.200 x1000đ/lượng,36.270 x1000đ/lượng
Lịch sử giá vàng SJC ngày 03/12/2010,36.100 x1000đ/lượng,36.160 x1000đ/lượng
Lịch sử giá vàng SJC ngày 04/12/2010,36.400 x1000đ/lượng,36.500 x1000đ/lượng
Lịch sử giá vàng SJC ngày 05/12/2010,,
Lịch sử giá vàng SJC ngày 06/12/2010,36.510 x1000đ/lượng,36.580 x1000đ/lượng
Lịch sử giá vàng SJC ngày 07/12/2010,36.500 x1000đ/lượng,36.570 x1000đ/lượng
Lịch sử giá vàng SJC ngày 08/12/2010,35.840 x1000đ/lượng,35.920 x1000đ/lượng
Lịch sử giá vàng SJC ngày 09/12/2010,35.730 x1000đ/lượng,35.790 x1000đ/lượng
Lịch sử giá vàng SJC ngày 10/12/2010,35.800 x1000đ/lượng,35.860 x1000đ/lượng
Lịch sử giá vàng SJC ngày 11/12/2010,35.770 x1000đ/lượng,35.840 x1000đ/lượng
Lịch sử giá vàng SJC ngày 12/12/2010,,
Lịch sử giá vàng SJC ngày 13/12/2010,36.020 x1000đ/lượng,36.100 x1000đ/lượng
Lịch sử giá vàng SJC ngày 14/12/2010,36.160 x1000đ/lượng,36.220 x1000đ/lượng
Lịch sử giá vàng SJC ngày 15/12/2010,35.860 x1000đ/lượng,35.940 x1000đ/lượng
Lịch sử giá vàng SJC ngày 16/12/2010,35.860 x1000đ/lượng,35.920 x1000đ/lượng
Lịch sử giá vàng SJC ngày 17/12/2010,35.750 x1000đ/lượng,35.800 x1000đ/lượng
Lịch sử giá vàng SJC ngày 18/12/2010,35.820 x1000đ/lượng,35.900 x1000đ/lượng
Lịch sử giá vàng SJC ngày 19/12/2010,,
Lịch sử giá vàng SJC ngày 20/12/2010,35.830 x1000đ/lượng,35.900 x1000đ/lượng
Lịch sử giá vàng SJC ngày 21/12/2010,35.770 x1000đ/lượng,35.840 x1000đ/lượng
Lịch sử giá vàng SJC ngày 22/12/2010,35.790 x1000đ/lượng,35.850 x1000đ/lượng
Lịch sử giá vàng SJC ngày 23/12/2010,35.750 x1000đ/lượng,35.810 x1000đ/lượng
Lịch sử giá vàng SJC ngày 24/12/2010,35.750 x1000đ/lượng,35.810 x1000đ/lượng
Lịch sử giá vàng SJC ngày 25/12/2010,35.780 x1000đ/lượng,35.850 x1000đ/lượng
Lịch sử giá vàng SJC ngày 26/12/2010,,
Lịch sử giá vàng SJC ngày 27/12/2010,35.750 x1000đ/lượng,35.810 x1000đ/lượng
Lịch sử giá vàng SJC ngày 28/12/2010,35.830 x1000đ/lượng,35.900 x1000đ/lượng
Lịch sử giá vàng SJC ngày 29/12/2010,35.960 x1000đ/lượng,36.020 x1000đ/lượng
Lịch sử giá vàng SJC ngày 30/12/2010,36.040 x1000đ/lượng,36.100 x1000đ/lượng
Lịch sử giá vàng SJC ngày 31/12/2010,35.900 x1000đ/lượng,36.000 x1000đ/lượng
Lịch sử giá vàng SJC ngày 01/01/2011,,
Lịch sử giá vàng SJC ngày 02/01/2011,,
Lịch sử giá vàng SJC ngày 03/01/2011,,
Lịch sử giá vàng SJC ngày 04/01/2011,36.080 x1000đ/lượng,36.140 x1000đ/lượng
Lịch sử giá vàng SJC ngày 05/01/2011,35.790 x1000đ/lượng,35.860 x1000đ/lượng
Lịch sử giá vàng SJC ngày 06/01/2011,35.760 x1000đ/lượng,35.830 x1000đ/lượng
Lịch sử giá vàng SJC ngày 07/01/2011,35.400 x1000đ/lượng,35.450 x1000đ/lượng
Lịch sử giá vàng SJC ngày 08/01/2011,,
Lịch sử giá vàng SJC ngày 09/01/2011,,
Lịch sử giá vàng SJC ngày 10/01/2011,35.650 x1000đ/lượng,35.710 x1000đ/lượng
Lịch sử giá vàng SJC ngày 11/01/2011,35.730 x1000đ/lượng,35.790 x1000đ/lượng
Lịch sử giá vàng SJC ngày 12/01/2011,35.780 x1000đ/lượng,35.840 x1000đ/lượng
Lịch sử giá vàng SJC ngày 13/01/2011,35.700 x1000đ/lượng,35.760 x1000đ/lượng
Lịch sử giá vàng SJC ngày 14/01/2011,35.570 x1000đ/lượng,35.630 x1000đ/lượng
Lịch sử giá vàng SJC ngày 15/01/2011,35.530 x1000đ/lượng,35.600 x1000đ/lượng
Lịch sử giá vàng SJC ngày 16/01/2011,,
Lịch sử giá vàng SJC ngày 17/01/2011,35.480 x1000đ/lượng,35.550 x1000đ/lượng
Lịch sử giá vàng SJC ngày 18/01/2011,35.570 x1000đ/lượng,35.640 x1000đ/lượng
Lịch sử giá vàng SJC ngày 19/01/2011,35.600 x1000đ/lượng,35.660 x1000đ/lượng
Lịch sử giá vàng SJC ngày 20/01/2011,35.500 x1000đ/lượng,35.560 x1000đ/lượng
Lịch sử giá vàng SJC ngày 21/01/2011,35.200 x1000đ/lượng,35.260 x1000đ/lượng
Lịch sử giá vàng SJC ngày 22/01/2011,35.200 x1000đ/lượng,35.260 x1000đ/lượng
Lịch sử giá vàng SJC ngày 23/01/2011,,
Lịch sử giá vàng SJC ngày 24/01/2011,35.310 x1000đ/lượng,35.370 x1000đ/lượng
Lịch sử giá vàng SJC ngày 25/01/2011,35.030 x1000đ/lượng,35.090 x1000đ/lượng
Lịch sử giá vàng SJC ngày 26/01/2011,35.110 x1000đ/lượng,35.180 x1000đ/lượng
Lịch sử giá vàng SJC ngày 27/01/2011,35.260 x1000đ/lượng,35.320 x1000đ/lượng
Lịch sử giá vàng SJC ngày 28/01/2011,35.070 x1000đ/lượng,35.140 x1000đ/lượng
Lịch sử giá vàng SJC ngày 29/01/2011,35.340 x1000đ/lượng,35.400 x1000đ/lượng
Lịch sử giá vàng SJC ngày 30/01/2011,35.450 x1000đ/lượng,35.540 x1000đ/lượng
Lịch sử giá vàng SJC ngày 31/01/2011,,
Lịch sử giá vàng SJC ngày 01/02/2011,,
Lịch sử giá vàng SJC ngày 02/02/2011,,
Lịch sử giá vàng SJC ngày 03/02/2011,,
Lịch sử giá vàng SJC ngày 04/02/2011,,
Lịch sử giá vàng SJC ngày 05/02/2011,,
Lịch sử giá vàng SJC ngày 06/02/2011,,
Lịch sử giá vàng SJC ngày 07/02/2011,,
Lịch sử giá vàng SJC ngày 08/02/2011,35.800 x1000đ/lượng,35.900 x1000đ/lượng
Lịch sử giá vàng SJC ngày 09/02/2011,35.870 x1000đ/lượng,35.930 x1000đ/lượng
Lịch sử giá vàng SJC ngày 10/02/2011,35.740 x1000đ/lượng,35.810 x1000đ/lượng
Lịch sử giá vàng SJC ngày 11/02/2011,35.900 x1000đ/lượng,35.960 x1000đ/lượng
Lịch sử giá vàng SJC ngày 12/02/2011,35.910 x1000đ/lượng,35.980 x1000đ/lượng
Lịch sử giá vàng SJC ngày 13/02/2011,,
Lịch sử giá vàng SJC ngày 14/02/2011,36.060 x1000đ/lượng,36.130 x1000đ/lượng
Lịch sử giá vàng SJC ngày 15/02/2011,36.350 x1000đ/lượng,36.430 x1000đ/lượng
Lịch sử giá vàng SJC ngày 16/02/2011,36.670 x1000đ/lượng,36.750 x1000đ/lượng
Lịch sử giá vàng SJC ngày 17/02/2011,36.880 x1000đ/lượng,36.950 x1000đ/lượng
Lịch sử giá vàng SJC ngày 18/02/2011,37.480 x1000đ/lượng,37.580 x1000đ/lượng
Lịch sử giá vàng SJC ngày 19/02/2011,38.000 x1000đ/lượng,38.200 x1000đ/lượng
Lịch sử giá vàng SJC ngày 20/02/2011,,
Lịch sử giá vàng SJC ngày 21/02/2011,37.780 x1000đ/lượng,37.850 x1000đ/lượng
Lịch sử giá vàng SJC ngày 22/02/2011,37.700 x1000đ/lượng,37.800 x1000đ/lượng
Lịch sử giá vàng SJC ngày 23/02/2011,37.550 x1000đ/lượng,37.610 x1000đ/lượng
Lịch sử giá vàng SJC ngày 24/02/2011,37.750 x1000đ/lượng,37.830 x1000đ/lượng
Lịch sử giá vàng SJC ngày 25/02/2011,37.600 x1000đ/lượng,37.680 x1000đ/lượng
Lịch sử giá vàng SJC ngày 26/02/2011,37.640 x1000đ/lượng,37.710 x1000đ/lượng
Lịch sử giá vàng SJC ngày 27/02/2011,,
Lịch sử giá vàng SJC ngày 28/02/2011,37.520 x1000đ/lượng,37.590 x1000đ/lượng
Lịch sử giá vàng SJC ngày 01/03/2011,37.300 x1000đ/lượng,37.380 x1000đ/lượng
Lịch sử giá vàng SJC ngày 02/03/2011,37.600 x1000đ/lượng,37.700 x1000đ/lượng
Lịch sử giá vàng SJC ngày 03/03/2011,37.670 x1000đ/lượng,37.750 x1000đ/lượng
Lịch sử giá vàng SJC ngày 04/03/2011,37.560 x1000đ/lượng,37.640 x1000đ/lượng
Lịch sử giá vàng SJC ngày 05/03/2011,37.660 x1000đ/lượng,37.740 x1000đ/lượng
Lịch sử giá vàng SJC ngày 06/03/2011,,
Lịch sử giá vàng SJC ngày 07/03/2011,37.650 x1000đ/lượng,37.730 x1000đ/lượng
Lịch sử giá vàng SJC ngày 08/03/2011,37.570 x1000đ/lượng,37.630 x1000đ/lượng
Lịch sử giá vàng SJC ngày 09/03/2011,37.470 x1000đ/lượng,37.550 x1000đ/lượng
Lịch sử giá vàng SJC ngày 10/03/2011,37.370 x1000đ/lượng,37.450 x1000đ/lượng
Lịch sử giá vàng SJC ngày 11/03/2011,36.850 x1000đ/lượng,36.950 x1000đ/lượng
Lịch sử giá vàng SJC ngày 12/03/2011,36.950 x1000đ/lượng,37.050 x1000đ/lượng
Lịch sử giá vàng SJC ngày 13/03/2011,,
Lịch sử giá vàng SJC ngày 14/03/2011,37.220 x1000đ/lượng,37.300 x1000đ/lượng
Lịch sử giá vàng SJC ngày 15/03/2011,37.050 x1000đ/lượng,37.150 x1000đ/lượng
Lịch sử giá vàng SJC ngày 16/03/2011,36.880 x1000đ/lượng,36.950 x1000đ/lượng
Lịch sử giá vàng SJC ngày 17/03/2011,36.900 x1000đ/lượng,36.980 x1000đ/lượng
Lịch sử giá vàng SJC ngày 18/03/2011,37.080 x1000đ/lượng,37.150 x1000đ/lượng
Lịch sử giá vàng SJC ngày 19/03/2011,37.070 x1000đ/lượng,37.140 x1000đ/lượng
Lịch sử giá vàng SJC ngày 20/03/2011,,
Lịch sử giá vàng SJC ngày 21/03/2011,37.120 x1000đ/lượng,37.190 x1000đ/lượng
Lịch sử giá vàng SJC ngày 22/03/2011,37.050 x1000đ/lượng,37.120 x1000đ/lượng
Lịch sử giá vàng SJC ngày 23/03/2011,36.970 x1000đ/lượng,37.050 x1000đ/lượng
Lịch sử giá vàng SJC ngày 24/03/2011,36.970 x1000đ/lượng,37.040 x1000đ/lượng
Lịch sử giá vàng SJC ngày 25/03/2011,36.920 x1000đ/lượng,36.990 x1000đ/lượng
Lịch sử giá vàng SJC ngày 26/03/2011,36.920 x1000đ/lượng,36.990 x1000đ/lượng
Lịch sử giá vàng SJC ngày 27/03/2011,,
Lịch sử giá vàng SJC ngày 28/03/2011,36.680 x1000đ/lượng,36.730 x1000đ/lượng
Lịch sử giá vàng SJC ngày 29/03/2011,36.450 x1000đ/lượng,36.510 x1000đ/lượng
Lịch sử giá vàng SJC ngày 30/03/2011,36.550 x1000đ/lượng,36.620 x1000đ/lượng
Lịch sử giá vàng SJC ngày 31/03/2011,36.850 x1000đ/lượng,36.930 x1000đ/lượng
Lịch sử giá vàng SJC ngày 01/04/2011,36.910 x1000đ/lượng,36.980 x1000đ/lượng
Lịch sử giá vàng SJC ngày 02/04/2011,36.820 x1000đ/lượng,36.890 x1000đ/lượng
Lịch sử giá vàng SJC ngày 03/04/2011,,
Lịch sử giá vàng SJC ngày 04/04/2011,36.690 x1000đ/lượng,36.760 x1000đ/lượng
Lịch sử giá vàng SJC ngày 05/04/2011,36.640 x1000đ/lượng,36.710 x1000đ/lượng
Lịch sử giá vàng SJC ngày 06/04/2011,36.850 x1000đ/lượng,36.920 x1000đ/lượng
Lịch sử giá vàng SJC ngày 07/04/2011,36.860 x1000đ/lượng,36.940 x1000đ/lượng
Lịch sử giá vàng SJC ngày 08/04/2011,37.120 x1000đ/lượng,37.200 x1000đ/lượng
Lịch sử giá vàng SJC ngày 09/04/2011,37.250 x1000đ/lượng,37.330 x1000đ/lượng
Lịch sử giá vàng SJC ngày 10/04/2011,,
Lịch sử giá vàng SJC ngày 11/04/2011,,
Lịch sử giá vàng SJC ngày 12/04/2011,,
Lịch sử giá vàng SJC ngày 13/04/2011,36.970 x1000đ/lượng,37.050 x1000đ/lượng
Lịch sử giá vàng SJC ngày 14/04/2011,36.980 x1000đ/lượng,37.050 x1000đ/lượng
Lịch sử giá vàng SJC ngày 15/04/2011,37.120 x1000đ/lượng,37.190 x1000đ/lượng
Lịch sử giá vàng SJC ngày 16/04/2011,37.220 x1000đ/lượng,37.300 x1000đ/lượng
Lịch sử giá vàng SJC ngày 17/04/2011,,
Lịch sử giá vàng SJC ngày 18/04/2011,37.190 x1000đ/lượng,37.260 x1000đ/lượng
Lịch sử giá vàng SJC ngày 19/04/2011,37.300 x1000đ/lượng,37.370 x1000đ/lượng
Lịch sử giá vàng SJC ngày 20/04/2011,37.500 x1000đ/lượng,37.560 x1000đ/lượng
Lịch sử giá vàng SJC ngày 21/04/2011,37.610 x1000đ/lượng,37.680 x1000đ/lượng
Lịch sử giá vàng SJC ngày 22/04/2011,37.520 x1000đ/lượng,37.580 x1000đ/lượng
Lịch sử giá vàng SJC ngày 23/04/2011,37.500 x1000đ/lượng,37.570 x1000đ/lượng
Lịch sử giá vàng SJC ngày 24/04/2011,,
Lịch sử giá vàng SJC ngày 25/04/2011,37.570 x1000đ/lượng,37.630 x1000đ/lượng
Lịch sử giá vàng SJC ngày 26/04/2011,37.420 x1000đ/lượng,37.480 x1000đ/lượng
Lịch sử giá vàng SJC ngày 27/04/2011,37.410 x1000đ/lượng,37.480 x1000đ/lượng
Lịch sử giá vàng SJC ngày 28/04/2011,37.570 x1000đ/lượng,37.640 x1000đ/lượng
Lịch sử giá vàng SJC ngày 29/04/2011,37.720 x1000đ/lượng,37.790 x1000đ/lượng
Lịch sử giá vàng SJC ngày 30/04/2011,,
Lịch sử giá vàng SJC ngày 01/05/2011,,
Lịch sử giá vàng SJC ngày 02/05/2011,,
Lịch sử giá vàng SJC ngày 03/05/2011,,
Lịch sử giá vàng SJC ngày 04/05/2011,37.910 x1000đ/lượng,37.980 x1000đ/lượng
Lịch sử giá vàng SJC ngày 05/05/2011,37.650 x1000đ/lượng,37.730 x1000đ/lượng
Lịch sử giá vàng SJC ngày 06/05/2011,37.300 x1000đ/lượng,37.380 x1000đ/lượng
Lịch sử giá vàng SJC ngày 07/05/2011,37.430 x1000đ/lượng,37.500 x1000đ/lượng
Lịch sử giá vàng SJC ngày 08/05/2011,,
Lịch sử giá vàng SJC ngày 09/05/2011,37.550 x1000đ/lượng,37.630 x1000đ/lượng
Lịch sử giá vàng SJC ngày 10/05/2011,37.560 x1000đ/lượng,37.640 x1000đ/lượng
Lịch sử giá vàng SJC ngày 11/05/2011,37.600 x1000đ/lượng,37.670 x1000đ/lượng
Lịch sử giá vàng SJC ngày 12/05/2011,37.300 x1000đ/lượng,37.370 x1000đ/lượng
Lịch sử giá vàng SJC ngày 13/05/2011,37.450 x1000đ/lượng,37.520 x1000đ/lượng
Lịch sử giá vàng SJC ngày 14/05/2011,37.370 x1000đ/lượng,37.450 x1000đ/lượng
Lịch sử giá vàng SJC ngày 15/05/2011,,
Lịch sử giá vàng SJC ngày 16/05/2011,37.310 x1000đ/lượng,37.380 x1000đ/lượng
Lịch sử giá vàng SJC ngày 17/05/2011,37.340 x1000đ/lượng,37.410 x1000đ/lượng
Lịch sử giá vàng SJC ngày 18/05/2011,37.320 x1000đ/lượng,37.390 x1000đ/lượng
Lịch sử giá vàng SJC ngày 19/05/2011,37.310 x1000đ/lượng,37.370 x1000đ/lượng
Lịch sử giá vàng SJC ngày 20/05/2011,37.350 x1000đ/lượng,37.430 x1000đ/lượng
Lịch sử giá vàng SJC ngày 21/05/2011,37.440 x1000đ/lượng,37.510 x1000đ/lượng
Lịch sử giá vàng SJC ngày 22/05/2011,,
Lịch sử giá vàng SJC ngày 23/05/2011,37.400 x1000đ/lượng,37.470 x1000đ/lượng
Lịch sử giá vàng SJC ngày 24/05/2011,37.490 x1000đ/lượng,37.550 x1000đ/lượng
Lịch sử giá vàng SJC ngày 25/05/2011,37.610 x1000đ/lượng,37.670 x1000đ/lượng
Lịch sử giá vàng SJC ngày 26/05/2011,37.530 x1000đ/lượng,37.600 x1000đ/lượng
Lịch sử giá vàng SJC ngày 27/05/2011,37.540 x1000đ/lượng,37.610 x1000đ/lượng
Lịch sử giá vàng SJC ngày 28/05/2011,37.640 x1000đ/lượng,37.710 x1000đ/lượng
Lịch sử giá vàng SJC ngày 29/05/2011,,
Lịch sử giá vàng SJC ngày 30/05/2011,37.690 x1000đ/lượng,37.760 x1000đ/lượng
Lịch sử giá vàng SJC ngày 31/05/2011,37.800 x1000đ/lượng,37.870 x1000đ/lượng
Lịch sử giá vàng SJC ngày 01/06/2011,37.680 x1000đ/lượng,37.750 x1000đ/lượng
Lịch sử giá vàng SJC ngày 02/06/2011,37.810 x1000đ/lượng,37.880 x1000đ/lượng
Lịch sử giá vàng SJC ngày 03/06/2011,37.710 x1000đ/lượng,37.780 x1000đ/lượng
Lịch sử giá vàng SJC ngày 04/06/2011,37.790 x1000đ/lượng,37.860 x1000đ/lượng
Lịch sử giá vàng SJC ngày 05/06/2011,,
Lịch sử giá vàng SJC ngày 06/06/2011,37.960 x1000đ/lượng,38.020 x1000đ/lượng
Lịch sử giá vàng SJC ngày 07/06/2011,38.000 x1000đ/lượng,38.070 x1000đ/lượng
Lịch sử giá vàng SJC ngày 08/06/2011,37.860 x1000đ/lượng,37.930 x1000đ/lượng
Lịch sử giá vàng SJC ngày 09/06/2011,37.810 x1000đ/lượng,37.880 x1000đ/lượng
Lịch sử giá vàng SJC ngày 10/06/2011,37.950 x1000đ/lượng,38.010 x1000đ/lượng
Lịch sử giá vàng SJC ngày 11/06/2011,37.820 x1000đ/lượng,37.870 x1000đ/lượng
Lịch sử giá vàng SJC ngày 12/06/2011,,
Lịch sử giá vàng SJC ngày 13/06/2011,37.730 x1000đ/lượng,37.810 x1000đ/lượng
Lịch sử giá vàng SJC ngày 14/06/2011,37.680 x1000đ/lượng,37.740 x1000đ/lượng
Lịch sử giá vàng SJC ngày 15/06/2011,37.690 x1000đ/lượng,37.750 x1000đ/lượng
Lịch sử giá vàng SJC ngày 16/06/2011,37.780 x1000đ/lượng,37.840 x1000đ/lượng
Lịch sử giá vàng SJC ngày 17/06/2011,37.850 x1000đ/lượng,37.910 x1000đ/lượng
Lịch sử giá vàng SJC ngày 18/06/2011,38.020 x1000đ/lượng,38.080 x1000đ/lượng
Lịch sử giá vàng SJC ngày 19/06/2011,,
Lịch sử giá vàng SJC ngày 20/06/2011,38.030 x1000đ/lượng,38.090 x1000đ/lượng
Lịch sử giá vàng SJC ngày 21/06/2011,38.070 x1000đ/lượng,38.130 x1000đ/lượng
Lịch sử giá vàng SJC ngày 22/06/2011,38.100 x1000đ/lượng,38.160 x1000đ/lượng
Lịch sử giá vàng SJC ngày 23/06/2011,38.050 x1000đ/lượng,38.120 x1000đ/lượng
Lịch sử giá vàng SJC ngày 24/06/2011,37.820 x1000đ/lượng,37.890 x1000đ/lượng
Lịch sử giá vàng SJC ngày 25/06/2011,37.610 x1000đ/lượng,37.690 x1000đ/lượng
Lịch sử giá vàng SJC ngày 26/06/2011,,
Lịch sử giá vàng SJC ngày 27/06/2011,37.660 x1000đ/lượng,37.730 x1000đ/lượng
Lịch sử giá vàng SJC ngày 28/06/2011,37.630 x1000đ/lượng,37.690 x1000đ/lượng
Lịch sử giá vàng SJC ngày 29/06/2011,37.730 x1000đ/lượng,37.790 x1000đ/lượng
Lịch sử giá vàng SJC ngày 30/06/2011,37.750 x1000đ/lượng,37.810 x1000đ/lượng
Lịch sử giá vàng SJC ngày 01/07/2011,37.570 x1000đ/lượng,37.650 x1000đ/lượng
Lịch sử giá vàng SJC ngày 02/07/2011,37.580 x1000đ/lượng,37.640 x1000đ/lượng
Lịch sử giá vàng SJC ngày 03/07/2011,,
Lịch sử giá vàng SJC ngày 04/07/2011,37.560 x1000đ/lượng,37.620 x1000đ/lượng
Lịch sử giá vàng SJC ngày 05/07/2011,37.540 x1000đ/lượng,37.600 x1000đ/lượng
Lịch sử giá vàng SJC ngày 06/07/2011,37.680 x1000đ/lượng,37.740 x1000đ/lượng
Lịch sử giá vàng SJC ngày 07/07/2011,37.780 x1000đ/lượng,37.840 x1000đ/lượng
Lịch sử giá vàng SJC ngày 08/07/2011,37.760 x1000đ/lượng,37.820 x1000đ/lượng
Lịch sử giá vàng SJC ngày 09/07/2011,37.920 x1000đ/lượng,37.980 x1000đ/lượng
Lịch sử giá vàng SJC ngày 10/07/2011,,
Lịch sử giá vàng SJC ngày 11/07/2011,38.020 x1000đ/lượng,38.080 x1000đ/lượng
Lịch sử giá vàng SJC ngày 12/07/2011,38.080 x1000đ/lượng,38.150 x1000đ/lượng
Lịch sử giá vàng SJC ngày 13/07/2011,38.580 x1000đ/lượng,38.650 x1000đ/lượng
Lịch sử giá vàng SJC ngày 14/07/2011,38.960 x1000đ/lượng,39.030 x1000đ/lượng
Lịch sử giá vàng SJC ngày 15/07/2011,38.850 x1000đ/lượng,38.920 x1000đ/lượng
Lịch sử giá vàng SJC ngày 16/07/2011,39.040 x1000đ/lượng,39.100 x1000đ/lượng
Lịch sử giá vàng SJC ngày 17/07/2011,,
Lịch sử giá vàng SJC ngày 18/07/2011,39.360 x1000đ/lượng,39.420 x1000đ/lượng
Lịch sử giá vàng SJC ngày 19/07/2011,39.570 x1000đ/lượng,39.640 x1000đ/lượng
Lịch sử giá vàng SJC ngày 20/07/2011,39.200 x1000đ/lượng,39.270 x1000đ/lượng
Lịch sử giá vàng SJC ngày 21/07/2011,39.460 x1000đ/lượng,39.530 x1000đ/lượng
Lịch sử giá vàng SJC ngày 22/07/2011,39.260 x1000đ/lượng,39.320 x1000đ/lượng
Lịch sử giá vàng SJC ngày 23/07/2011,39.420 x1000đ/lượng,39.490 x1000đ/lượng
Lịch sử giá vàng SJC ngày 24/07/2011,,
Lịch sử giá vàng SJC ngày 25/07/2011,39.840 x1000đ/lượng,39.900 x1000đ/lượng
Lịch sử giá vàng SJC ngày 26/07/2011,39.750 x1000đ/lượng,39.810 x1000đ/lượng
Lịch sử giá vàng SJC ngày 27/07/2011,39.980 x1000đ/lượng,40.050 x1000đ/lượng
Lịch sử giá vàng SJC ngày 28/07/2011,39.910 x1000đ/lượng,39.970 x1000đ/lượng
Lịch sử giá vàng SJC ngày 29/07/2011,39.940 x1000đ/lượng,40.000 x1000đ/lượng
Lịch sử giá vàng SJC ngày 30/07/2011,40.060 x1000đ/lượng,40.160 x1000đ/lượng
Lịch sử giá vàng SJC ngày 31/07/2011,,
Lịch sử giá vàng SJC ngày 01/08/2011,39.860 x1000đ/lượng,39.920 x1000đ/lượng
Lịch sử giá vàng SJC ngày 02/08/2011,40.070 x1000đ/lượng,40.130 x1000đ/lượng
Lịch sử giá vàng SJC ngày 03/08/2011,41.100 x1000đ/lượng,41.200 x1000đ/lượng
Lịch sử giá vàng SJC ngày 04/08/2011,41.270 x1000đ/lượng,41.350 x1000đ/lượng
Lịch sử giá vàng SJC ngày 05/08/2011,41.430 x1000đ/lượng,41.500 x1000đ/lượng
Lịch sử giá vàng SJC ngày 06/08/2011,41.700 x1000đ/lượng,41.800 x1000đ/lượng
Lịch sử giá vàng SJC ngày 07/08/2011,,
Lịch sử giá vàng SJC ngày 08/08/2011,43.600 x1000đ/lượng,44.100 x1000đ/lượng
Lịch sử giá vàng SJC ngày 09/08/2011,45.000 x1000đ/lượng,45.600 x1000đ/lượng
Lịch sử giá vàng SJC ngày 10/08/2011,43.900 x1000đ/lượng,44.400 x1000đ/lượng
Lịch sử giá vàng SJC ngày 11/08/2011,45.000 x1000đ/lượng,45.500 x1000đ/lượng
Lịch sử giá vàng SJC ngày 12/08/2011,44.500 x1000đ/lượng,44.750 x1000đ/lượng
Lịch sử giá vàng SJC ngày 13/08/2011,44.250 x1000đ/lượng,44.550 x1000đ/lượng
Lịch sử giá vàng SJC ngày 14/08/2011,,
Lịch sử giá vàng SJC ngày 15/08/2011,44.000 x1000đ/lượng,44.150 x1000đ/lượng
Lịch sử giá vàng SJC ngày 16/08/2011,44.800 x1000đ/lượng,45.000 x1000đ/lượng
Lịch sử giá vàng SJC ngày 17/08/2011,45.300 x1000đ/lượng,45.500 x1000đ/lượng
Lịch sử giá vàng SJC ngày 18/08/2011,45.350 x1000đ/lượng,45.550 x1000đ/lượng
Lịch sử giá vàng SJC ngày 19/08/2011,47.000 x1000đ/lượng,47.250 x1000đ/lượng
Lịch sử giá vàng SJC ngày 20/08/2011,46.800 x1000đ/lượng,47.150 x1000đ/lượng
Lịch sử giá vàng SJC ngày 21/08/2011,,
Lịch sử giá vàng SJC ngày 22/08/2011,48.150 x1000đ/lượng,48.350 x1000đ/lượng
Lịch sử giá vàng SJC ngày 23/08/2011,48.150 x1000đ/lượng,48.450 x1000đ/lượng
Lịch sử giá vàng SJC ngày 24/08/2011,47.250 x1000đ/lượng,47.450 x1000đ/lượng
Lịch sử giá vàng SJC ngày 25/08/2011,44.400 x1000đ/lượng,44.800 x1000đ/lượng
Lịch sử giá vàng SJC ngày 26/08/2011,46.450 x1000đ/lượng,46.950 x1000đ/lượng
Lịch sử giá vàng SJC ngày 27/08/2011,47.500 x1000đ/lượng,47.800 x1000đ/lượng
Lịch sử giá vàng SJC ngày 28/08/2011,,
Lịch sử giá vàng SJC ngày 29/08/2011,46.650 x1000đ/lượng,46.950 x1000đ/lượng
Lịch sử giá vàng SJC ngày 30/08/2011,45.900 x1000đ/lượng,46.200 x1000đ/lượng
Lịch sử giá vàng SJC ngày 31/08/2011,46.630 x1000đ/lượng,46.930 x1000đ/lượng
Lịch sử giá vàng SJC ngày 01/09/2011,46.350 x1000đ/lượng,46.650 x1000đ/lượng
Lịch sử giá vàng SJC ngày 02/09/2011,,
Lịch sử giá vàng SJC ngày 03/09/2011,47.800 x1000đ/lượng,48.100 x1000đ/lượng
Lịch sử giá vàng SJC ngày 04/09/2011,,
Lịch sử giá vàng SJC ngày 05/09/2011,47.700 x1000đ/lượng,47.900 x1000đ/lượng
Lịch sử giá vàng SJC ngày 06/09/2011,47.600 x1000đ/lượng,47.900 x1000đ/lượng
Lịch sử giá vàng SJC ngày 07/09/2011,46.930 x1000đ/lượng,47.230 x1000đ/lượng
Lịch sử giá vàng SJC ngày 08/09/2011,46.850 x1000đ/lượng,47.150 x1000đ/lượng
Lịch sử giá vàng SJC ngày 09/09/2011,47.450 x1000đ/lượng,47.650 x1000đ/lượng
Lịch sử giá vàng SJC ngày 10/09/2011,47.300 x1000đ/lượng,47.500 x1000đ/lượng
Lịch sử giá vàng SJC ngày 11/09/2011,,
Lịch sử giá vàng SJC ngày 12/09/2011,47.250 x1000đ/lượng,47.450 x1000đ/lượng
Lịch sử giá vàng SJC ngày 13/09/2011,46.920 x1000đ/lượng,47.120 x1000đ/lượng
Lịch sử giá vàng SJC ngày 14/09/2011,47.100 x1000đ/lượng,47.300 x1000đ/lượng
Lịch sử giá vàng SJC ngày 15/09/2011,47.000 x1000đ/lượng,47.200 x1000đ/lượng
Lịch sử giá vàng SJC ngày 16/09/2011,46.450 x1000đ/lượng,46.650 x1000đ/lượng
Lịch sử giá vàng SJC ngày 17/09/2011,47.050 x1000đ/lượng,47.250 x1000đ/lượng
Lịch sử giá vàng SJC ngày 18/09/2011,,
Lịch sử giá vàng SJC ngày 19/09/2011,46.750 x1000đ/lượng,47.050 x1000đ/lượng
Lịch sử giá vàng SJC ngày 20/09/2011,46.800 x1000đ/lượng,46.950 x1000đ/lượng
Lịch sử giá vàng SJC ngày 21/09/2011,47.020 x1000đ/lượng,47.100 x1000đ/lượng
Lịch sử giá vàng SJC ngày 22/09/2011,46.650 x1000đ/lượng,46.800 x1000đ/lượng
Lịch sử giá vàng SJC ngày 23/09/2011,46.450 x1000đ/lượng,46.650 x1000đ/lượng
Lịch sử giá vàng SJC ngày 24/09/2011,45.350 x1000đ/lượng,45.750 x1000đ/lượng
Lịch sử giá vàng SJC ngày 25/09/2011,,
Lịch sử giá vàng SJC ngày 26/09/2011,44.800 x1000đ/lượng,45.500 x1000đ/lượng
Lịch sử giá vàng SJC ngày 27/09/2011,45.250 x1000đ/lượng,45.650 x1000đ/lượng
Lịch sử giá vàng SJC ngày 28/09/2011,44.300 x1000đ/lượng,44.700 x1000đ/lượng
Lịch sử giá vàng SJC ngày 29/09/2011,43.900 x1000đ/lượng,44.200 x1000đ/lượng
Lịch sử giá vàng SJC ngày 30/09/2011,44.000 x1000đ/lượng,44.200 x1000đ/lượng
Lịch sử giá vàng SJC ngày 01/10/2011,44.050 x1000đ/lượng,44.250 x1000đ/lượng
Lịch sử giá vàng SJC ngày 02/10/2011,,
Lịch sử giá vàng SJC ngày 03/10/2011,44.380 x1000đ/lượng,44.530 x1000đ/lượng
Lịch sử giá vàng SJC ngày 04/10/2011,45.000 x1000đ/lượng,45.200 x1000đ/lượng
Lịch sử giá vàng SJC ngày 05/10/2011,44.150 x1000đ/lượng,44.350 x1000đ/lượng
Lịch sử giá vàng SJC ngày 06/10/2011,43.650 x1000đ/lượng,44.050 x1000đ/lượng
Lịch sử giá vàng SJC ngày 07/10/2011,43.050 x1000đ/lượng,43.450 x1000đ/lượng
Lịch sử giá vàng SJC ngày 08/10/2011,43.000 x1000đ/lượng,43.400 x1000đ/lượng
Lịch sử giá vàng SJC ngày 09/10/2011,,
Lịch sử giá vàng SJC ngày 10/10/2011,42.890 x1000đ/lượng,43.290 x1000đ/lượng
Lịch sử giá vàng SJC ngày 11/10/2011,43.400 x1000đ/lượng,43.700 x1000đ/lượng
Lịch sử giá vàng SJC ngày 12/10/2011,43.800 x1000đ/lượng,44.100 x1000đ/lượng
Lịch sử giá vàng SJC ngày 13/10/2011,43.850 x1000đ/lượng,44.150 x1000đ/lượng
Lịch sử giá vàng SJC ngày 14/10/2011,43.950 x1000đ/lượng,44.150 x1000đ/lượng
Lịch sử giá vàng SJC ngày 15/10/2011,44.050 x1000đ/lượng,44.250 x1000đ/lượng
Lịch sử giá vàng SJC ngày 16/10/2011,,
Lịch sử giá vàng SJC ngày 17/10/2011,44.200 x1000đ/lượng,44.400 x1000đ/lượng
Lịch sử giá vàng SJC ngày 18/10/2011,43.700 x1000đ/lượng,43.900 x1000đ/lượng
Lịch sử giá vàng SJC ngày 19/10/2011,43.300 x1000đ/lượng,43.500 x1000đ/lượng
Lịch sử giá vàng SJC ngày 20/10/2011,42.800 x1000đ/lượng,43.100 x1000đ/lượng
Lịch sử giá vàng SJC ngày 21/10/2011,43.200 x1000đ/lượng,43.500 x1000đ/lượng
Lịch sử giá vàng SJC ngày 22/10/2011,43.800 x1000đ/lượng,44.050 x1000đ/lượng
Lịch sử giá vàng SJC ngày 23/10/2011,,
Lịch sử giá vàng SJC ngày 24/10/2011,43.800 x1000đ/lượng,44.100 x1000đ/lượng
Lịch sử giá vàng SJC ngày 25/10/2011,43.800 x1000đ/lượng,44.050 x1000đ/lượng
Lịch sử giá vàng SJC ngày 26/10/2011,44.600 x1000đ/lượng,44.900 x1000đ/lượng
Lịch sử giá vàng SJC ngày 27/10/2011,44.650 x1000đ/lượng,44.900 x1000đ/lượng
Lịch sử giá vàng SJC ngày 28/10/2011,44.950 x1000đ/lượng,45.250 x1000đ/lượng
Lịch sử giá vàng SJC ngày 29/10/2011,45.000 x1000đ/lượng,45.300 x1000đ/lượng
Lịch sử giá vàng SJC ngày 30/10/2011,,
Lịch sử giá vàng SJC ngày 31/10/2011,44.550 x1000đ/lượng,44.850 x1000đ/lượng
Lịch sử giá vàng SJC ngày 01/11/2011,44.650 x1000đ/lượng,44.850 x1000đ/lượng
Lịch sử giá vàng SJC ngày 02/11/2011,45.000 x1000đ/lượng,45.200 x1000đ/lượng
Lịch sử giá vàng SJC ngày 03/11/2011,44.950 x1000đ/lượng,45.200 x1000đ/lượng
Lịch sử giá vàng SJC ngày 04/11/2011,45.400 x1000đ/lượng,45.700 x1000đ/lượng
Lịch sử giá vàng SJC ngày 05/11/2011,45.300 x1000đ/lượng,45.600 x1000đ/lượng
Lịch sử giá vàng SJC ngày 06/11/2011,,
Lịch sử giá vàng SJC ngày 07/11/2011,45.600 x1000đ/lượng,45.850 x1000đ/lượng
Lịch sử giá vàng SJC ngày 08/11/2011,46.350 x1000đ/lượng,46.550 x1000đ/lượng
Lịch sử giá vàng SJC ngày 09/11/2011,46.350 x1000đ/lượng,46.550 x1000đ/lượng
Lịch sử giá vàng SJC ngày 10/11/2011,46.100 x1000đ/lượng,46.300 x1000đ/lượng
Lịch sử giá vàng SJC ngày 11/11/2011,45.950 x1000đ/lượng,46.150 x1000đ/lượng
Lịch sử giá vàng SJC ngày 12/11/2011,46.250 x1000đ/lượng,46.450 x1000đ/lượng
Lịch sử giá vàng SJC ngày 13/11/2011,,
Lịch sử giá vàng SJC ngày 14/11/2011,46.400 x1000đ/lượng,46.600 x1000đ/lượng
Lịch sử giá vàng SJC ngày 15/11/2011,46.100 x1000đ/lượng,46.300 x1000đ/lượng
Lịch sử giá vàng SJC ngày 16/11/2011,46.150 x1000đ/lượng,46.350 x1000đ/lượng
Lịch sử giá vàng SJC ngày 17/11/2011,46.080 x1000đ/lượng,46.280 x1000đ/lượng
Lịch sử giá vàng SJC ngày 18/11/2011,45.750 x1000đ/lượng,45.950 x1000đ/lượng
Lịch sử giá vàng SJC ngày 19/11/2011,45.750 x1000đ/lượng,45.950 x1000đ/lượng
Lịch sử giá vàng SJC ngày 20/11/2011,,
Lịch sử giá vàng SJC ngày 21/11/2011,45.550 x1000đ/lượng,45.750 x1000đ/lượng
Lịch sử giá vàng SJC ngày 22/11/2011,44.150 x1000đ/lượng,44.550 x1000đ/lượng
Lịch sử giá vàng SJC ngày 23/11/2011,44.450 x1000đ/lượng,44.750 x1000đ/lượng
Lịch sử giá vàng SJC ngày 24/11/2011,44.250 x1000đ/lượng,44.550 x1000đ/lượng
Lịch sử giá vàng SJC ngày 25/11/2011,44.250 x1000đ/lượng,44.450 x1000đ/lượng
Lịch sử giá vàng SJC ngày 26/11/2011,44.400 x1000đ/lượng,44.600 x1000đ/lượng
Lịch sử giá vàng SJC ngày 27/11/2011,,
Lịch sử giá vàng SJC ngày 28/11/2011,44.870 x1000đ/lượng,45.020 x1000đ/lượng
Lịch sử giá vàng SJC ngày 29/11/2011,44.700 x1000đ/lượng,44.850 x1000đ/lượng
Lịch sử giá vàng SJC ngày 30/11/2011,44.550 x1000đ/lượng,44.750 x1000đ/lượng
Lịch sử giá vàng SJC ngày 01/12/2011,45.150 x1000đ/lượng,45.350 x1000đ/lượng
Lịch sử giá vàng SJC ngày 02/12/2011,45.080 x1000đ/lượng,45.280 x1000đ/lượng
Lịch sử giá vàng SJC ngày 03/12/2011,45.070 x1000đ/lượng,45.270 x1000đ/lượng
Lịch sử giá vàng SJC ngày 04/12/2011,,
Lịch sử giá vàng SJC ngày 05/12/2011,45.050 x1000đ/lượng,45.200 x1000đ/lượng
Lịch sử giá vàng SJC ngày 06/12/2011,44.500 x1000đ/lượng,44.750 x1000đ/lượng
Lịch sử giá vàng SJC ngày 07/12/2011,44.760 x1000đ/lượng,44.960 x1000đ/lượng
Lịch sử giá vàng SJC ngày 08/12/2011,44.890 x1000đ/lượng,45.090 x1000đ/lượng
Lịch sử giá vàng SJC ngày 09/12/2011,44.570 x1000đ/lượng,44.820 x1000đ/lượng
Lịch sử giá vàng SJC ngày 10/12/2011,44.650 x1000đ/lượng,44.850 x1000đ/lượng
Lịch sử giá vàng SJC ngày 11/12/2011,,
Lịch sử giá vàng SJC ngày 12/12/2011,44.350 x1000đ/lượng,44.600 x1000đ/lượng
Lịch sử giá vàng SJC ngày 13/12/2011,43.900 x1000đ/lượng,44.150 x1000đ/lượng
Lịch sử giá vàng SJC ngày 14/12/2011,43.790 x1000đ/lượng,44.040 x1000đ/lượng
Lịch sử giá vàng SJC ngày 15/12/2011,43.000 x1000đ/lượng,43.400 x1000đ/lượng
Lịch sử giá vàng SJC ngày 16/12/2011,43.350 x1000đ/lượng,43.750 x1000đ/lượng
Lịch sử giá vàng SJC ngày 17/12/2011,43.600 x1000đ/lượng,44.000 x1000đ/lượng
Lịch sử giá vàng SJC ngày 18/12/2011,,
Lịch sử giá vàng SJC ngày 19/12/2011,43.350 x1000đ/lượng,43.750 x1000đ/lượng
Lịch sử giá vàng SJC ngày 20/12/2011,43.100 x1000đ/lượng,43.500 x1000đ/lượng
Lịch sử giá vàng SJC ngày 21/12/2011,43.150 x1000đ/lượng,43.550 x1000đ/lượng
Lịch sử giá vàng SJC ngày 22/12/2011,43.050 x1000đ/lượng,43.450 x1000đ/lượng
Lịch sử giá vàng SJC ngày 23/12/2011,43.150 x1000đ/lượng,43.550 x1000đ/lượng
Lịch sử giá vàng SJC ngày 24/12/2011,43.150 x1000đ/lượng,43.550 x1000đ/lượng
Lịch sử giá vàng SJC ngày 25/12/2011,,
Lịch sử giá vàng SJC ngày 26/12/2011,43.100 x1000đ/lượng,43.500 x1000đ/lượng
Lịch sử giá vàng SJC ngày 27/12/2011,42.900 x1000đ/lượng,43.300 x1000đ/lượng
Lịch sử giá vàng SJC ngày 28/12/2011,42.350 x1000đ/lượng,42.750 x1000đ/lượng
Lịch sử giá vàng SJC ngày 29/12/2011,41.620 x1000đ/lượng,42.120 x1000đ/lượng
Lịch sử giá vàng SJC ngày 30/12/2011,40.800 x1000đ/lượng,41.800 x1000đ/lượng
Lịch sử giá vàng SJC ngày 31/12/2011,,
Lịch sử giá vàng SJC ngày 01/01/2012,,
Lịch sử giá vàng SJC ngày 02/01/2012,,
Lịch sử giá vàng SJC ngày 03/01/2012,43.200 x1000đ/lượng,43.500 x1000đ/lượng
Lịch sử giá vàng SJC ngày 04/01/2012,43.300 x1000đ/lượng,43.600 x1000đ/lượng
Lịch sử giá vàng SJC ngày 05/01/2012,43.300 x1000đ/lượng,43.600 x1000đ/lượng
Lịch sử giá vàng SJC ngày 06/01/2012,43.200 x1000đ/lượng,43.500 x1000đ/lượng
Lịch sử giá vàng SJC ngày 07/01/2012,43.200 x1000đ/lượng,43.500 x1000đ/lượng
Lịch sử giá vàng SJC ngày 08/01/2012,,
Lịch sử giá vàng SJC ngày 09/01/2012,43.050 x1000đ/lượng,43.350 x1000đ/lượng
Lịch sử giá vàng SJC ngày 10/01/2012,43.000 x1000đ/lượng,43.300 x1000đ/lượng
Lịch sử giá vàng SJC ngày 11/01/2012,43.300 x1000đ/lượng,43.600 x1000đ/lượng
Lịch sử giá vàng SJC ngày 12/01/2012,43.550 x1000đ/lượng,43.850 x1000đ/lượng
Lịch sử giá vàng SJC ngày 13/01/2012,43.450 x1000đ/lượng,43.750 x1000đ/lượng
Lịch sử giá vàng SJC ngày 14/01/2012,43.400 x1000đ/lượng,43.700 x1000đ/lượng
Lịch sử giá vàng SJC ngày 15/01/2012,,
Lịch sử giá vàng SJC ngày 16/01/2012,43.200 x1000đ/lượng,43.500 x1000đ/lượng
Lịch sử giá vàng SJC ngày 17/01/2012,43.650 x1000đ/lượng,43.950 x1000đ/lượng
Lịch sử giá vàng SJC ngày 18/01/2012,43.550 x1000đ/lượng,43.850 x1000đ/lượng
Lịch sử giá vàng SJC ngày 19/01/2012,43.800 x1000đ/lượng,44.100 x1000đ/lượng
Lịch sử giá vàng SJC ngày 20/01/2012,44.250 x1000đ/lượng,44.550 x1000đ/lượng
Lịch sử giá vàng SJC ngày 21/01/2012,44.600 x1000đ/lượng,44.800 x1000đ/lượng
Lịch sử giá vàng SJC ngày 22/01/2012,,
Lịch sử giá vàng SJC ngày 23/01/2012,,
Lịch sử giá vàng SJC ngày 24/01/2012,,
Lịch sử giá vàng SJC ngày 25/01/2012,,
Lịch sử giá vàng SJC ngày 26/01/2012,,
Lịch sử giá vàng SJC ngày 27/01/2012,,
Lịch sử giá vàng SJC ngày 28/01/2012,,
Lịch sử giá vàng SJC ngày 29/01/2012,,
Lịch sử giá vàng SJC ngày 30/01/2012,44.700 x1000đ/lượng,45.000 x1000đ/lượng
Lịch sử giá vàng SJC ngày 31/01/2012,45.030 x1000đ/lượng,45.330 x1000đ/lượng
Lịch sử giá vàng SJC ngày 01/02/2012,45.100 x1000đ/lượng,45.400 x1000đ/lượng
Lịch sử giá vàng SJC ngày 02/02/2012,45.130 x1000đ/lượng,45.430 x1000đ/lượng
Lịch sử giá vàng SJC ngày 03/02/2012,45.100 x1000đ/lượng,45.400 x1000đ/lượng
Lịch sử giá vàng SJC ngày 04/02/2012,44.650 x1000đ/lượng,44.950 x1000đ/lượng
Lịch sử giá vàng SJC ngày 05/02/2012,,
Lịch sử giá vàng SJC ngày 06/02/2012,44.550 x1000đ/lượng,44.850 x1000đ/lượng
Lịch sử giá vàng SJC ngày 07/02/2012,44.700 x1000đ/lượng,44.900 x1000đ/lượng
Lịch sử giá vàng SJC ngày 08/02/2012,44.850 x1000đ/lượng,45.050 x1000đ/lượng
Lịch sử giá vàng SJC ngày 09/02/2012,44.580 x1000đ/lượng,44.880 x1000đ/lượng
Lịch sử giá vàng SJC ngày 10/02/2012,44.450 x1000đ/lượng,44.750 x1000đ/lượng
Lịch sử giá vàng SJC ngày 11/02/2012,44.530 x1000đ/lượng,44.830 x1000đ/lượng
Lịch sử giá vàng SJC ngày 12/02/2012,,
Lịch sử giá vàng SJC ngày 13/02/2012,44.620 x1000đ/lượng,44.820 x1000đ/lượng
Lịch sử giá vàng SJC ngày 14/02/2012,44.500 x1000đ/lượng,44.700 x1000đ/lượng
Lịch sử giá vàng SJC ngày 15/02/2012,44.600 x1000đ/lượng,44.800 x1000đ/lượng
Lịch sử giá vàng SJC ngày 16/02/2012,44.480 x1000đ/lượng,44.680 x1000đ/lượng
Lịch sử giá vàng SJC ngày 17/02/2012,44.550 x1000đ/lượng,44.750 x1000đ/lượng
Lịch sử giá vàng SJC ngày 18/02/2012,44.500 x1000đ/lượng,44.700 x1000đ/lượng
Lịch sử giá vàng SJC ngày 19/02/2012,,
Lịch sử giá vàng SJC ngày 20/02/2012,44.550 x1000đ/lượng,44.750 x1000đ/lượng
Lịch sử giá vàng SJC ngày 21/02/2012,44.600 x1000đ/lượng,44.800 x1000đ/lượng
Lịch sử giá vàng SJC ngày 22/02/2012,44.700 x1000đ/lượng,44.900 x1000đ/lượng
Lịch sử giá vàng SJC ngày 23/02/2012,45.000 x1000đ/lượng,45.200 x1000đ/lượng
Lịch sử giá vàng SJC ngày 24/02/2012,45.090 x1000đ/lượng,45.240 x1000đ/lượng
Lịch sử giá vàng SJC ngày 25/02/2012,44.980 x1000đ/lượng,45.130 x1000đ/lượng
Lịch sử giá vàng SJC ngày 26/02/2012,,
Lịch sử giá vàng SJC ngày 27/02/2012,44.930 x1000đ/lượng,45.130 x1000đ/lượng
Lịch sử giá vàng SJC ngày 28/02/2012,44.900 x1000đ/lượng,45.050 x1000đ/lượng
Lịch sử giá vàng SJC ngày 29/02/2012,45.120 x1000đ/lượng,45.270 x1000đ/lượng
Lịch sử giá vàng SJC ngày 01/03/2012,44.640 x1000đ/lượng,44.790 x1000đ/lượng
Lịch sử giá vàng SJC ngày 02/03/2012,44.600 x1000đ/lượng,44.750 x1000đ/lượng
Lịch sử giá vàng SJC ngày 03/03/2012,44.500 x1000đ/lượng,44.700 x1000đ/lượng
Lịch sử giá vàng SJC ngày 04/03/2012,,
Lịch sử giá vàng SJC ngày 05/03/2012,44.480 x1000đ/lượng,44.630 x1000đ/lượng
Lịch sử giá vàng SJC ngày 06/03/2012,44.430 x1000đ/lượng,44.580 x1000đ/lượng
Lịch sử giá vàng SJC ngày 07/03/2012,44.180 x1000đ/lượng,44.380 x1000đ/lượng
Lịch sử giá vàng SJC ngày 08/03/2012,44.440 x1000đ/lượng,44.640 x1000đ/lượng
Lịch sử giá vàng SJC ngày 09/03/2012,44.490 x1000đ/lượng,44.690 x1000đ/lượng
Lịch sử giá vàng SJC ngày 10/03/2012,44.650 x1000đ/lượng,44.800 x1000đ/lượng
Lịch sử giá vàng SJC ngày 11/03/2012,,
Lịch sử giá vàng SJC ngày 12/03/2012,44.560 x1000đ/lượng,44.760 x1000đ/lượng
Lịch sử giá vàng SJC ngày 13/03/2012,44.610 x1000đ/lượng,44.710 x1000đ/lượng
Lịch sử giá vàng SJC ngày 14/03/2012,44.340 x1000đ/lượng,44.490 x1000đ/lượng
Lịch sử giá vàng SJC ngày 15/03/2012,43.930 x1000đ/lượng,44.180 x1000đ/lượng
Lịch sử giá vàng SJC ngày 16/03/2012,44.020 x1000đ/lượng,44.270 x1000đ/lượng
Lịch sử giá vàng SJC ngày 17/03/2012,44.070 x1000đ/lượng,44.320 x1000đ/lượng
Lịch sử giá vàng SJC ngày 18/03/2012,,
Lịch sử giá vàng SJC ngày 19/03/2012,43.890 x1000đ/lượng,44.140 x1000đ/lượng
Lịch sử giá vàng SJC ngày 20/03/2012,43.500 x1000đ/lượng,43.700 x1000đ/lượng
Lịch sử giá vàng SJC ngày 21/03/2012,43.600 x1000đ/lượng,43.800 x1000đ/lượng
Lịch sử giá vàng SJC ngày 22/03/2012,43.550 x1000đ/lượng,43.750 x1000đ/lượng
Lịch sử giá vàng SJC ngày 23/03/2012,43.680 x1000đ/lượng,43.880 x1000đ/lượng
Lịch sử giá vàng SJC ngày 24/03/2012,43.850 x1000đ/lượng,44.050 x1000đ/lượng
Lịch sử giá vàng SJC ngày 25/03/2012,,
Lịch sử giá vàng SJC ngày 26/03/2012,43.850 x1000đ/lượng,44.050 x1000đ/lượng
Lịch sử giá vàng SJC ngày 27/03/2012,44.230 x1000đ/lượng,44.380 x1000đ/lượng
Lịch sử giá vàng SJC ngày 28/03/2012,44.070 x1000đ/lượng,44.220 x1000đ/lượng
Lịch sử giá vàng SJC ngày 29/03/2012,43.780 x1000đ/lượng,43.930 x1000đ/lượng
Lịch sử giá vàng SJC ngày 30/03/2012,43.850 x1000đ/lượng,44.000 x1000đ/lượng
Lịch sử giá vàng SJC ngày 31/03/2012,,
Lịch sử giá vàng SJC ngày 01/04/2012,,
Lịch sử giá vàng SJC ngày 02/04/2012,,
Lịch sử giá vàng SJC ngày 03/04/2012,43.760 x1000đ/lượng,43.960 x1000đ/lượng
Lịch sử giá vàng SJC ngày 04/04/2012,43.450 x1000đ/lượng,43.650 x1000đ/lượng
Lịch sử giá vàng SJC ngày 05/04/2012,43.400 x1000đ/lượng,43.600 x1000đ/lượng
Lịch sử giá vàng SJC ngày 06/04/2012,43.340 x1000đ/lượng,43.540 x1000đ/lượng
Lịch sử giá vàng SJC ngày 07/04/2012,43.320 x1000đ/lượng,43.520 x1000đ/lượng
Lịch sử giá vàng SJC ngày 08/04/2012,,
Lịch sử giá vàng SJC ngày 09/04/2012,43.300 x1000đ/lượng,43.500 x1000đ/lượng
Lịch sử giá vàng SJC ngày 10/04/2012,43.200 x1000đ/lượng,43.400 x1000đ/lượng
Lịch sử giá vàng SJC ngày 11/04/2012,43.210 x1000đ/lượng,43.410 x1000đ/lượng
Lịch sử giá vàng SJC ngày 12/04/2012,43.140 x1000đ/lượng,43.340 x1000đ/lượng
Lịch sử giá vàng SJC ngày 13/04/2012,43.180 x1000đ/lượng,43.380 x1000đ/lượng
Lịch sử giá vàng SJC ngày 14/04/2012,43.120 x1000đ/lượng,43.320 x1000đ/lượng
Lịch sử giá vàng SJC ngày 15/04/2012,,
Lịch sử giá vàng SJC ngày 16/04/2012,42.800 x1000đ/lượng,43.000 x1000đ/lượng
Lịch sử giá vàng SJC ngày 17/04/2012,42.700 x1000đ/lượng,42.900 x1000đ/lượng
Lịch sử giá vàng SJC ngày 18/04/2012,42.610 x1000đ/lượng,42.810 x1000đ/lượng
Lịch sử giá vàng SJC ngày 19/04/2012,42.400 x1000đ/lượng,42.600 x1000đ/lượng
Lịch sử giá vàng SJC ngày 20/04/2012,42.380 x1000đ/lượng,42.580 x1000đ/lượng
Lịch sử giá vàng SJC ngày 21/04/2012,42.460 x1000đ/lượng,42.660 x1000đ/lượng
Lịch sử giá vàng SJC ngày 22/04/2012,,
Lịch sử giá vàng SJC ngày 23/04/2012,42.500 x1000đ/lượng,42.700 x1000đ/lượng
Lịch sử giá vàng SJC ngày 24/04/2012,42.590 x1000đ/lượng,42.790 x1000đ/lượng
Lịch sử giá vàng SJC ngày 25/04/2012,42.760 x1000đ/lượng,42.960 x1000đ/lượng
Lịch sử giá vàng SJC ngày 26/04/2012,42.770 x1000đ/lượng,42.970 x1000đ/lượng
Lịch sử giá vàng SJC ngày 27/04/2012,42.750 x1000đ/lượng,42.950 x1000đ/lượng
Lịch sử giá vàng SJC ngày 28/04/2012,42.800 x1000đ/lượng,43.000 x1000đ/lượng
Lịch sử giá vàng SJC ngày 29/04/2012,,
Lịch sử giá vàng SJC ngày 30/04/2012,,
Lịch sử giá vàng SJC ngày 01/05/2012,,
Lịch sử giá vàng SJC ngày 02/05/2012,42.680 x1000đ/lượng,42.880 x1000đ/lượng
Lịch sử giá vàng SJC ngày 03/05/2012,42.400 x1000đ/lượng,42.600 x1000đ/lượng
Lịch sử giá vàng SJC ngày 04/05/2012,42.200 x1000đ/lượng,42.400 x1000đ/lượng
Lịch sử giá vàng SJC ngày 05/05/2012,42.380 x1000đ/lượng,42.580 x1000đ/lượng
Lịch sử giá vàng SJC ngày 06/05/2012,,
Lịch sử giá vàng SJC ngày 07/05/2012,42.230 x1000đ/lượng,42.430 x1000đ/lượng
Lịch sử giá vàng SJC ngày 08/05/2012,41.570 x1000đ/lượng,41.920 x1000đ/lượng
Lịch sử giá vàng SJC ngày 09/05/2012,41.270 x1000đ/lượng,41.420 x1000đ/lượng
Lịch sử giá vàng SJC ngày 10/05/2012,41.620 x1000đ/lượng,41.770 x1000đ/lượng
Lịch sử giá vàng SJC ngày 11/05/2012,41.600 x1000đ/lượng,41.750 x1000đ/lượng
Lịch sử giá vàng SJC ngày 12/05/2012,41.590 x1000đ/lượng,41.740 x1000đ/lượng
Lịch sử giá vàng SJC ngày 13/05/2012,,
Lịch sử giá vàng SJC ngày 14/05/2012,41.310 x1000đ/lượng,41.460 x1000đ/lượng
Lịch sử giá vàng SJC ngày 15/05/2012,41.150 x1000đ/lượng,41.300 x1000đ/lượng
Lịch sử giá vàng SJC ngày 16/05/2012,40.780 x1000đ/lượng,40.980 x1000đ/lượng
Lịch sử giá vàng SJC ngày 17/05/2012,40.950 x1000đ/lượng,41.150 x1000đ/lượng
Lịch sử giá vàng SJC ngày 18/05/2012,41.750 x1000đ/lượng,41.950 x1000đ/lượng
Lịch sử giá vàng SJC ngày 19/05/2012,41.900 x1000đ/lượng,42.100 x1000đ/lượng
Lịch sử giá vàng SJC ngày 20/05/2012,,
Lịch sử giá vàng SJC ngày 21/05/2012,42.000 x1000đ/lượng,42.200 x1000đ/lượng
Lịch sử giá vàng SJC ngày 22/05/2012,41.550 x1000đ/lượng,41.750 x1000đ/lượng
Lịch sử giá vàng SJC ngày 23/05/2012,41.160 x1000đ/lượng,41.360 x1000đ/lượng
Lịch sử giá vàng SJC ngày 24/05/2012,41.160 x1000đ/lượng,41.360 x1000đ/lượng
Lịch sử giá vàng SJC ngày 25/05/2012,41.250 x1000đ/lượng,41.450 x1000đ/lượng
Lịch sử giá vàng SJC ngày 26/05/2012,41.450 x1000đ/lượng,41.650 x1000đ/lượng
Lịch sử giá vàng SJC ngày 27/05/2012,,
Lịch sử giá vàng SJC ngày 28/05/2012,41.400 x1000đ/lượng,41.600 x1000đ/lượng
Lịch sử giá vàng SJC ngày 29/05/2012,41.350 x1000đ/lượng,41.550 x1000đ/lượng
Lịch sử giá vàng SJC ngày 30/05/2012,41.080 x1000đ/lượng,41.280 x1000đ/lượng
Lịch sử giá vàng SJC ngày 31/05/2012,41.260 x1000đ/lượng,41.460 x1000đ/lượng
Lịch sử giá vàng SJC ngày 01/06/2012,41.130 x1000đ/lượng,41.330 x1000đ/lượng
Lịch sử giá vàng SJC ngày 02/06/2012,41.800 x1000đ/lượng,42.100 x1000đ/lượng
Lịch sử giá vàng SJC ngày 03/06/2012,,
Lịch sử giá vàng SJC ngày 04/06/2012,41.860 x1000đ/lượng,42.060 x1000đ/lượng
Lịch sử giá vàng SJC ngày 05/06/2012,41.970 x1000đ/lượng,42.170 x1000đ/lượng
Lịch sử giá vàng SJC ngày 06/06/2012,42.420 x1000đ/lượng,42.620 x1000đ/lượng
Lịch sử giá vàng SJC ngày 07/06/2012,42.210 x1000đ/lượng,42.410 x1000đ/lượng
Lịch sử giá vàng SJC ngày 08/06/2012,41.560 x1000đ/lượng,41.860 x1000đ/lượng
Lịch sử giá vàng SJC ngày 09/06/2012,41.800 x1000đ/lượng,42.000 x1000đ/lượng
Lịch sử giá vàng SJC ngày 10/06/2012,,
Lịch sử giá vàng SJC ngày 11/06/2012,41.780 x1000đ/lượng,41.980 x1000đ/lượng
Lịch sử giá vàng SJC ngày 12/06/2012,41.700 x1000đ/lượng,41.900 x1000đ/lượng
Lịch sử giá vàng SJC ngày 13/06/2012,41.920 x1000đ/lượng,42.120 x1000đ/lượng
Lịch sử giá vàng SJC ngày 14/06/2012,42.010 x1000đ/lượng,42.210 x1000đ/lượng
Lịch sử giá vàng SJC ngày 15/06/2012,42.050 x1000đ/lượng,42.250 x1000đ/lượng
Lịch sử giá vàng SJC ngày 16/06/2012,42.080 x1000đ/lượng,42.280 x1000đ/lượng
Lịch sử giá vàng SJC ngày 17/06/2012,,
Lịch sử giá vàng SJC ngày 18/06/2012,42.040 x1000đ/lượng,42.240 x1000đ/lượng
Lịch sử giá vàng SJC ngày 19/06/2012,42.100 x1000đ/lượng,42.300 x1000đ/lượng
Lịch sử giá vàng SJC ngày 20/06/2012,42.050 x1000đ/lượng,42.200 x1000đ/lượng
Lịch sử giá vàng SJC ngày 21/06/2012,41.890 x1000đ/lượng,42.040 x1000đ/lượng
Lịch sử giá vàng SJC ngày 22/06/2012,41.670 x1000đ/lượng,41.820 x1000đ/lượng
Lịch sử giá vàng SJC ngày 23/06/2012,41.680 x1000đ/lượng,41.830 x1000đ/lượng
Lịch sử giá vàng SJC ngày 24/06/2012,,
Lịch sử giá vàng SJC ngày 25/06/2012,41.600 x1000đ/lượng,41.750 x1000đ/lượng
Lịch sử giá vàng SJC ngày 26/06/2012,41.680 x1000đ/lượng,41.830 x1000đ/lượng
Lịch sử giá vàng SJC ngày 27/06/2012,41.540 x1000đ/lượng,41.690 x1000đ/lượng
Lịch sử giá vàng SJC ngày 28/06/2012,41.560 x1000đ/lượng,41.710 x1000đ/lượng
Lịch sử giá vàng SJC ngày 29/06/2012,41.570 x1000đ/lượng,41.720 x1000đ/lượng
Lịch sử giá vàng SJC ngày 30/06/2012,41.780 x1000đ/lượng,41.930 x1000đ/lượng
Lịch sử giá vàng SJC ngày 01/07/2012,,
Lịch sử giá vàng SJC ngày 02/07/2012,41.800 x1000đ/lượng,41.950 x1000đ/lượng
Lịch sử giá vàng SJC ngày 03/07/2012,41.890 x1000đ/lượng,42.040 x1000đ/lượng
Lịch sử giá vàng SJC ngày 04/07/2012,41.970 x1000đ/lượng,42.120 x1000đ/lượng
Lịch sử giá vàng SJC ngày 05/07/2012,41.920 x1000đ/lượng,42.070 x1000đ/lượng
Lịch sử giá vàng SJC ngày 06/07/2012,41.730 x1000đ/lượng,41.880 x1000đ/lượng
Lịch sử giá vàng SJC ngày 07/07/2012,41.650 x1000đ/lượng,41.800 x1000đ/lượng
Lịch sử giá vàng SJC ngày 08/07/2012,,
Lịch sử giá vàng SJC ngày 09/07/2012,41.630 x1000đ/lượng,41.780 x1000đ/lượng
Lịch sử giá vàng SJC ngày 10/07/2012,41.750 x1000đ/lượng,41.900 x1000đ/lượng
Lịch sử giá vàng SJC ngày 11/07/2012,41.600 x1000đ/lượng,41.750 x1000đ/lượng
Lịch sử giá vàng SJC ngày 12/07/2012,41.500 x1000đ/lượng,41.650 x1000đ/lượng
Lịch sử giá vàng SJC ngày 13/07/2012,41.640 x1000đ/lượng,41.800 x1000đ/lượng
Lịch sử giá vàng SJC ngày 14/07/2012,41.690 x1000đ/lượng,41.840 x1000đ/lượng
Lịch sử giá vàng SJC ngày 15/07/2012,,
Lịch sử giá vàng SJC ngày 16/07/2012,41.630 x1000đ/lượng,41.780 x1000đ/lượng
Lịch sử giá vàng SJC ngày 17/07/2012,41.740 x1000đ/lượng,41.890 x1000đ/lượng
Lịch sử giá vàng SJC ngày 18/07/2012,41.620 x1000đ/lượng,41.770 x1000đ/lượng
Lịch sử giá vàng SJC ngày 19/07/2012,41.610 x1000đ/lượng,41.760 x1000đ/lượng
Lịch sử giá vàng SJC ngày 20/07/2012,41.630 x1000đ/lượng,41.780 x1000đ/lượng
Lịch sử giá vàng SJC ngày 21/07/2012,41.620 x1000đ/lượng,41.770 x1000đ/lượng
Lịch sử giá vàng SJC ngày 22/07/2012,,
Lịch sử giá vàng SJC ngày 23/07/2012,41.520 x1000đ/lượng,41.670 x1000đ/lượng
Lịch sử giá vàng SJC ngày 24/07/2012,41.540 x1000đ/lượng,41.690 x1000đ/lượng
Lịch sử giá vàng SJC ngày 25/07/2012,41.660 x1000đ/lượng,41.810 x1000đ/lượng
Lịch sử giá vàng SJC ngày 26/07/2012,41.830 x1000đ/lượng,41.980 x1000đ/lượng
Lịch sử giá vàng SJC ngày 27/07/2012,41.980 x1000đ/lượng,42.130 x1000đ/lượng
Lịch sử giá vàng SJC ngày 28/07/2012,41.960 x1000đ/lượng,42.110 x1000đ/lượng
Lịch sử giá vàng SJC ngày 29/07/2012,,
Lịch sử giá vàng SJC ngày 30/07/2012,41.910 x1000đ/lượng,42.060 x1000đ/lượng
Lịch sử giá vàng SJC ngày 31/07/2012,41.940 x1000đ/lượng,42.090 x1000đ/lượng
Lịch sử giá vàng SJC ngày 01/08/2012,41.840 x1000đ/lượng,41.990 x1000đ/lượng
Lịch sử giá vàng SJC ngày 02/08/2012,41.810 x1000đ/lượng,41.960 x1000đ/lượng
Lịch sử giá vàng SJC ngày 03/08/2012,41.820 x1000đ/lượng,41.970 x1000đ/lượng
Lịch sử giá vàng SJC ngày 04/08/2012,41.880 x1000đ/lượng,42.030 x1000đ/lượng
Lịch sử giá vàng SJC ngày 05/08/2012,,
Lịch sử giá vàng SJC ngày 06/08/2012,42.020 x1000đ/lượng,42.170 x1000đ/lượng
Lịch sử giá vàng SJC ngày 07/08/2012,42.190 x1000đ/lượng,42.340 x1000đ/lượng
Lịch sử giá vàng SJC ngày 08/08/2012,42.090 x1000đ/lượng,42.240 x1000đ/lượng
Lịch sử giá vàng SJC ngày 09/08/2012,42.130 x1000đ/lượng,42.280 x1000đ/lượng
Lịch sử giá vàng SJC ngày 10/08/2012,42.120 x1000đ/lượng,42.270 x1000đ/lượng
Lịch sử giá vàng SJC ngày 11/08/2012,42.200 x1000đ/lượng,42.350 x1000đ/lượng
Lịch sử giá vàng SJC ngày 12/08/2012,,
Lịch sử giá vàng SJC ngày 13/08/2012,42.460 x1000đ/lượng,42.530 x1000đ/lượng
Lịch sử giá vàng SJC ngày 14/08/2012,42.460 x1000đ/lượng,42.520 x1000đ/lượng
Lịch sử giá vàng SJC ngày 15/08/2012,42.260 x1000đ/lượng,42.300 x1000đ/lượng
Lịch sử giá vàng SJC ngày 16/08/2012,42.330 x1000đ/lượng,42.380 x1000đ/lượng
Lịch sử giá vàng SJC ngày 17/08/2012,42.490 x1000đ/lượng,42.540 x1000đ/lượng
Lịch sử giá vàng SJC ngày 18/08/2012,42.480 x1000đ/lượng,42.530 x1000đ/lượng
Lịch sử giá vàng SJC ngày 19/08/2012,,
Lịch sử giá vàng SJC ngày 20/08/2012,42.520 x1000đ/lượng,42.580 x1000đ/lượng
Lịch sử giá vàng SJC ngày 21/08/2012,42.880 x1000đ/lượng,42.980 x1000đ/lượng
Lịch sử giá vàng SJC ngày 22/08/2012,43.600 x1000đ/lượng,43.700 x1000đ/lượng
Lịch sử giá vàng SJC ngày 23/08/2012,44.100 x1000đ/lượng,44.450 x1000đ/lượng
Lịch sử giá vàng SJC ngày 24/08/2012,44.000 x1000đ/lượng,44.200 x1000đ/lượng
Lịch sử giá vàng SJC ngày 25/08/2012,44.050 x1000đ/lượng,44.250 x1000đ/lượng
Lịch sử giá vàng SJC ngày 26/08/2012,,
Lịch sử giá vàng SJC ngày 27/08/2012,44.300 x1000đ/lượng,44.500 x1000đ/lượng
Lịch sử giá vàng SJC ngày 28/08/2012,44.270 x1000đ/lượng,44.470 x1000đ/lượng
Lịch sử giá vàng SJC ngày 29/08/2012,44.370 x1000đ/lượng,44.570 x1000đ/lượng
Lịch sử giá vàng SJC ngày 30/08/2012,44.300 x1000đ/lượng,44.500 x1000đ/lượng
Lịch sử giá vàng SJC ngày 31/08/2012,44.320 x1000đ/lượng,44.520 x1000đ/lượng
Lịch sử giá vàng SJC ngày 01/09/2012,44.950 x1000đ/lượng,45.150 x1000đ/lượng
Lịch sử giá vàng SJC ngày 02/09/2012,,
Lịch sử giá vàng SJC ngày 03/09/2012,,
Lịch sử giá vàng SJC ngày 04/09/2012,44.950 x1000đ/lượng,45.150 x1000đ/lượng
Lịch sử giá vàng SJC ngày 05/09/2012,45.080 x1000đ/lượng,45.280 x1000đ/lượng
Lịch sử giá vàng SJC ngày 06/09/2012,45.900 x1000đ/lượng,46.100 x1000đ/lượng
Lịch sử giá vàng SJC ngày 07/09/2012,45.300 x1000đ/lượng,45.600 x1000đ/lượng
Lịch sử giá vàng SJC ngày 08/09/2012,45.900 x1000đ/lượng,46.250 x1000đ/lượng
Lịch sử giá vàng SJC ngày 09/09/2012,,
Lịch sử giá vàng SJC ngày 10/09/2012,45.920 x1000đ/lượng,46.220 x1000đ/lượng
Lịch sử giá vàng SJC ngày 11/09/2012,45.920 x1000đ/lượng,46.220 x1000đ/lượng
Lịch sử giá vàng SJC ngày 12/09/2012,46.320 x1000đ/lượng,46.620 x1000đ/lượng
Lịch sử giá vàng SJC ngày 13/09/2012,46.150 x1000đ/lượng,46.450 x1000đ/lượng
Lịch sử giá vàng SJC ngày 14/09/2012,46.890 x1000đ/lượng,47.240 x1000đ/lượng
Lịch sử giá vàng SJC ngày 15/09/2012,46.600 x1000đ/lượng,46.950 x1000đ/lượng
Lịch sử giá vàng SJC ngày 16/09/2012,,
Lịch sử giá vàng SJC ngày 17/09/2012,46.500 x1000đ/lượng,46.850 x1000đ/lượng
Lịch sử giá vàng SJC ngày 18/09/2012,46.300 x1000đ/lượng,46.650 x1000đ/lượng
Lịch sử giá vàng SJC ngày 19/09/2012,46.900 x1000đ/lượng,47.250 x1000đ/lượng
Lịch sử giá vàng SJC ngày 20/09/2012,46.570 x1000đ/lượng,46.920 x1000đ/lượng
Lịch sử giá vàng SJC ngày 21/09/2012,46.700 x1000đ/lượng,47.050 x1000đ/lượng
Lịch sử giá vàng SJC ngày 22/09/2012,46.640 x1000đ/lượng,46.990 x1000đ/lượng
Lịch sử giá vàng SJC ngày 23/09/2012,,
Lịch sử giá vàng SJC ngày 24/09/2012,46.510 x1000đ/lượng,46.860 x1000đ/lượng
Lịch sử giá vàng SJC ngày 25/09/2012,46.700 x1000đ/lượng,47.050 x1000đ/lượng
Lịch sử giá vàng SJC ngày 26/09/2012,46.790 x1000đ/lượng,47.140 x1000đ/lượng
Lịch sử giá vàng SJC ngày 27/09/2012,46.750 x1000đ/lượng,47.100 x1000đ/lượng
Lịch sử giá vàng SJC ngày 28/09/2012,47.110 x1000đ/lượng,47.460 x1000đ/lượng
Lịch sử giá vàng SJC ngày 29/09/2012,47.050 x1000đ/lượng,47.400 x1000đ/lượng
Lịch sử giá vàng SJC ngày 30/09/2012,,
Lịch sử giá vàng SJC ngày 01/10/2012,47.200 x1000đ/lượng,47.550 x1000đ/lượng
Lịch sử giá vàng SJC ngày 02/10/2012,47.550 x1000đ/lượng,47.850 x1000đ/lượng
Lịch sử giá vàng SJC ngày 03/10/2012,47.500 x1000đ/lượng,47.800 x1000đ/lượng
Lịch sử giá vàng SJC ngày 04/10/2012,47.820 x1000đ/lượng,48.120 x1000đ/lượng
Lịch sử giá vàng SJC ngày 05/10/2012,47.880 x1000đ/lượng,48.180 x1000đ/lượng
Lịch sử giá vàng SJC ngày 06/10/2012,47.670 x1000đ/lượng,47.970 x1000đ/lượng
Lịch sử giá vàng SJC ngày 07/10/2012,,
Lịch sử giá vàng SJC ngày 08/10/2012,47.540 x1000đ/lượng,47.840 x1000đ/lượng
Lịch sử giá vàng SJC ngày 09/10/2012,47.540 x1000đ/lượng,47.790 x1000đ/lượng
Lịch sử giá vàng SJC ngày 10/10/2012,47.380 x1000đ/lượng,47.580 x1000đ/lượng
Lịch sử giá vàng SJC ngày 11/10/2012,47.500 x1000đ/lượng,47.700 x1000đ/lượng
Lịch sử giá vàng SJC ngày 12/10/2012,47.530 x1000đ/lượng,47.730 x1000đ/lượng
Lịch sử giá vàng SJC ngày 13/10/2012,47.300 x1000đ/lượng,47.500 x1000đ/lượng
Lịch sử giá vàng SJC ngày 14/10/2012,,
Lịch sử giá vàng SJC ngày 15/10/2012,47.010 x1000đ/lượng,47.210 x1000đ/lượng
Lịch sử giá vàng SJC ngày 16/10/2012,46.530 x1000đ/lượng,46.730 x1000đ/lượng
Lịch sử giá vàng SJC ngày 17/10/2012,46.800 x1000đ/lượng,47.000 x1000đ/lượng
Lịch sử giá vàng SJC ngày 18/10/2012,46.810 x1000đ/lượng,47.010 x1000đ/lượng
Lịch sử giá vàng SJC ngày 19/10/2012,46.670 x1000đ/lượng,46.870 x1000đ/lượng
Lịch sử giá vàng SJC ngày 20/10/2012,46.420 x1000đ/lượng,46.620 x1000đ/lượng
Lịch sử giá vàng SJC ngày 21/10/2012,,
Lịch sử giá vàng SJC ngày 22/10/2012,46.020 x1000đ/lượng,46.220 x1000đ/lượng
Lịch sử giá vàng SJC ngày 23/10/2012,46.130 x1000đ/lượng,46.330 x1000đ/lượng
Lịch sử giá vàng SJC ngày 24/10/2012,46.100 x1000đ/lượng,46.250 x1000đ/lượng
Lịch sử giá vàng SJC ngày 25/10/2012,46.250 x1000đ/lượng,46.400 x1000đ/lượng
Lịch sử giá vàng SJC ngày 26/10/2012,46.140 x1000đ/lượng,46.290 x1000đ/lượng
Lịch sử giá vàng SJC ngày 27/10/2012,46.200 x1000đ/lượng,46.350 x1000đ/lượng
Lịch sử giá vàng SJC ngày 28/10/2012,,
Lịch sử giá vàng SJC ngày 29/10/2012,46.130 x1000đ/lượng,46.280 x1000đ/lượng
Lịch sử giá vàng SJC ngày 30/10/2012,46.090 x1000đ/lượng,46.240 x1000đ/lượng
Lịch sử giá vàng SJC ngày 31/10/2012,45.980 x1000đ/lượng,46.130 x1000đ/lượng
Lịch sử giá vàng SJC ngày 01/11/2012,46.280 x1000đ/lượng,46.430 x1000đ/lượng
Lịch sử giá vàng SJC ngày 02/11/2012,46.280 x1000đ/lượng,46.430 x1000đ/lượng
Lịch sử giá vàng SJC ngày 03/11/2012,45.750 x1000đ/lượng,45.950 x1000đ/lượng
Lịch sử giá vàng SJC ngày 04/11/2012,,
Lịch sử giá vàng SJC ngày 05/11/2012,45.820 x1000đ/lượng,46.020 x1000đ/lượng
Lịch sử giá vàng SJC ngày 06/11/2012,46.100 x1000đ/lượng,46.300 x1000đ/lượng
Lịch sử giá vàng SJC ngày 07/11/2012,46.850 x1000đ/lượng,47.050 x1000đ/lượng
Lịch sử giá vàng SJC ngày 08/11/2012,46.680 x1000đ/lượng,46.880 x1000đ/lượng
Lịch sử giá vàng SJC ngày 09/11/2012,46.920 x1000đ/lượng,47.120 x1000đ/lượng
Lịch sử giá vàng SJC ngày 10/11/2012,46.850 x1000đ/lượng,47.050 x1000đ/lượng
Lịch sử giá vàng SJC ngày 11/11/2012,,
Lịch sử giá vàng SJC ngày 12/11/2012,46.850 x1000đ/lượng,47.050 x1000đ/lượng
Lịch sử giá vàng SJC ngày 13/11/2012,46.780 x1000đ/lượng,46.980 x1000đ/lượng
Lịch sử giá vàng SJC ngày 14/11/2012,46.890 x1000đ/lượng,47.090 x1000đ/lượng
Lịch sử giá vàng SJC ngày 15/11/2012,46.880 x1000đ/lượng,47.080 x1000đ/lượng
Lịch sử giá vàng SJC ngày 16/11/2012,46.780 x1000đ/lượng,46.980 x1000đ/lượng
Lịch sử giá vàng SJC ngày 17/11/2012,46.780 x1000đ/lượng,46.980 x1000đ/lượng
Lịch sử giá vàng SJC ngày 18/11/2012,,
Lịch sử giá vàng SJC ngày 19/11/2012,46.930 x1000đ/lượng,47.130 x1000đ/lượng
Lịch sử giá vàng SJC ngày 20/11/2012,47.150 x1000đ/lượng,47.350 x1000đ/lượng
Lịch sử giá vàng SJC ngày 21/11/2012,47.030 x1000đ/lượng,47.180 x1000đ/lượng
Lịch sử giá vàng SJC ngày 22/11/2012,47.020 x1000đ/lượng,47.170 x1000đ/lượng
Lịch sử giá vàng SJC ngày 23/11/2012,46.990 x1000đ/lượng,47.140 x1000đ/lượng
Lịch sử giá vàng SJC ngày 24/11/2012,47.250 x1000đ/lượng,47.400 x1000đ/lượng
Lịch sử giá vàng SJC ngày 25/11/2012,,
Lịch sử giá vàng SJC ngày 26/11/2012,47.200 x1000đ/lượng,47.350 x1000đ/lượng
Lịch sử giá vàng SJC ngày 27/11/2012,47.200 x1000đ/lượng,47.350 x1000đ/lượng
Lịch sử giá vàng SJC ngày 28/11/2012,47.070 x1000đ/lượng,47.220 x1000đ/lượng
Lịch sử giá vàng SJC ngày 29/11/2012,47.000 x1000đ/lượng,47.150 x1000đ/lượng
Lịch sử giá vàng SJC ngày 30/11/2012,46.970 x1000đ/lượng,47.120 x1000đ/lượng
Lịch sử giá vàng SJC ngày 01/12/2012,46.820 x1000đ/lượng,46.970 x1000đ/lượng
Lịch sử giá vàng SJC ngày 02/12/2012,,
Lịch sử giá vàng SJC ngày 03/12/2012,46.830 x1000đ/lượng,46.980 x1000đ/lượng
Lịch sử giá vàng SJC ngày 04/12/2012,46.720 x1000đ/lượng,46.870 x1000đ/lượng
Lịch sử giá vàng SJC ngày 05/12/2012,46.730 x1000đ/lượng,46.880 x1000đ/lượng
Lịch sử giá vàng SJC ngày 06/12/2012,46.600 x1000đ/lượng,46.750 x1000đ/lượng
Lịch sử giá vàng SJC ngày 07/12/2012,46.730 x1000đ/lượng,46.880 x1000đ/lượng
Lịch sử giá vàng SJC ngày 08/12/2012,46.770 x1000đ/lượng,46.920 x1000đ/lượng
Lịch sử giá vàng SJC ngày 09/12/2012,,
Lịch sử giá vàng SJC ngày 10/12/2012,46.820 x1000đ/lượng,46.970 x1000đ/lượng
Lịch sử giá vàng SJC ngày 11/12/2012,46.780 x1000đ/lượng,46.930 x1000đ/lượng
Lịch sử giá vàng SJC ngày 12/12/2012,46.790 x1000đ/lượng,46.940 x1000đ/lượng
Lịch sử giá vàng SJC ngày 13/12/2012,46.660 x1000đ/lượng,46.810 x1000đ/lượng
Lịch sử giá vàng SJC ngày 14/12/2012,46.630 x1000đ/lượng,46.780 x1000đ/lượng
Lịch sử giá vàng SJC ngày 15/12/2012,46.620 x1000đ/lượng,46.770 x1000đ/lượng
Lịch sử giá vàng SJC ngày 16/12/2012,,
Lịch sử giá vàng SJC ngày 17/12/2012,46.550 x1000đ/lượng,46.700 x1000đ/lượng
Lịch sử giá vàng SJC ngày 18/12/2012,46.580 x1000đ/lượng,46.730 x1000đ/lượng
Lịch sử giá vàng SJC ngày 19/12/2012,46.310 x1000đ/lượng,46.460 x1000đ/lượng
Lịch sử giá vàng SJC ngày 20/12/2012,46.330 x1000đ/lượng,46.480 x1000đ/lượng
Lịch sử giá vàng SJC ngày 21/12/2012,46.150 x1000đ/lượng,46.300 x1000đ/lượng
Lịch sử giá vàng SJC ngày 22/12/2012,46.200 x1000đ/lượng,46.350 x1000đ/lượng
Lịch sử giá vàng SJC ngày 23/12/2012,,
Lịch sử giá vàng SJC ngày 24/12/2012,46.400 x1000đ/lượng,46.650 x1000đ/lượng
Lịch sử giá vàng SJC ngày 25/12/2012,46.330 x1000đ/lượng,46.580 x1000đ/lượng
Lịch sử giá vàng SJC ngày 26/12/2012,46.000 x1000đ/lượng,46.500 x1000đ/lượng
Lịch sử giá vàng SJC ngày 27/12/2012,45.450 x1000đ/lượng,46.250 x1000đ/lượng
Lịch sử giá vàng SJC ngày 28/12/2012,45.600 x1000đ/lượng,46.300 x1000đ/lượng
Lịch sử giá vàng SJC ngày 29/12/2012,45.700 x1000đ/lượng,46.300 x1000đ/lượng
Lịch sử giá vàng SJC ngày 30/12/2012,,
Lịch sử giá vàng SJC ngày 31/12/2012,,
Lịch sử giá vàng SJC ngày 01/01/2013,,
Lịch sử giá vàng SJC ngày 02/01/2013,46.340 x1000đ/lượng,46.740 x1000đ/lượng
Lịch sử giá vàng SJC ngày 03/01/2013,46.420 x1000đ/lượng,46.720 x1000đ/lượng
Lịch sử giá vàng SJC ngày 04/01/2013,46.060 x1000đ/lượng,46.360 x1000đ/lượng
Lịch sử giá vàng SJC ngày 05/01/2013,46.230 x1000đ/lượng,46.530 x1000đ/lượng
Lịch sử giá vàng SJC ngày 06/01/2013,,
Lịch sử giá vàng SJC ngày 07/01/2013,46.200 x1000đ/lượng,46.500 x1000đ/lượng
Lịch sử giá vàng SJC ngày 08/01/2013,46.120 x1000đ/lượng,46.420 x1000đ/lượng
Lịch sử giá vàng SJC ngày 09/01/2013,46.130 x1000đ/lượng,46.430 x1000đ/lượng
Lịch sử giá vàng SJC ngày 10/01/2013,45.830 x1000đ/lượng,46.080 x1000đ/lượng
Lịch sử giá vàng SJC ngày 11/01/2013,45.450 x1000đ/lượng,45.750 x1000đ/lượng
Lịch sử giá vàng SJC ngày 12/01/2013,44.800 x1000đ/lượng,45.300 x1000đ/lượng
Lịch sử giá vàng SJC ngày 13/01/2013,,
Lịch sử giá vàng SJC ngày 14/01/2013,44.100 x1000đ/lượng,44.600 x1000đ/lượng
Lịch sử giá vàng SJC ngày 15/01/2013,44.850 x1000đ/lượng,45.100 x1000đ/lượng
Lịch sử giá vàng SJC ngày 16/01/2013,45.000 x1000đ/lượng,45.300 x1000đ/lượng
Lịch sử giá vàng SJC ngày 17/01/2013,45.050 x1000đ/lượng,45.350 x1000đ/lượng
Lịch sử giá vàng SJC ngày 18/01/2013,45.500 x1000đ/lượng,45.800 x1000đ/lượng
Lịch sử giá vàng SJC ngày 19/01/2013,45.400 x1000đ/lượng,45.700 x1000đ/lượng
Lịch sử giá vàng SJC ngày 20/01/2013,,
Lịch sử giá vàng SJC ngày 21/01/2013,45.600 x1000đ/lượng,45.900 x1000đ/lượng
Lịch sử giá vàng SJC ngày 22/01/2013,45.900 x1000đ/lượng,46.200 x1000đ/lượng
Lịch sử giá vàng SJC ngày 23/01/2013,45.670 x1000đ/lượng,45.970 x1000đ/lượng
Lịch sử giá vàng SJC ngày 24/01/2013,45.400 x1000đ/lượng,45.700 x1000đ/lượng
Lịch sử giá vàng SJC ngày 25/01/2013,45.250 x1000đ/lượng,45.550 x1000đ/lượng
Lịch sử giá vàng SJC ngày 26/01/2013,45.100 x1000đ/lượng,45.400 x1000đ/lượng
Lịch sử giá vàng SJC ngày 27/01/2013,,
Lịch sử giá vàng SJC ngày 28/01/2013,44.930 x1000đ/lượng,45.230 x1000đ/lượng
Lịch sử giá vàng SJC ngày 29/01/2013,45.100 x1000đ/lượng,45.400 x1000đ/lượng
Lịch sử giá vàng SJC ngày 30/01/2013,45.200 x1000đ/lượng,45.500 x1000đ/lượng
Lịch sử giá vàng SJC ngày 31/01/2013,45.320 x1000đ/lượng,45.620 x1000đ/lượng
Lịch sử giá vàng SJC ngày 01/02/2013,45.150 x1000đ/lượng,45.450 x1000đ/lượng
Lịch sử giá vàng SJC ngày 02/02/2013,45.200 x1000đ/lượng,45.500 x1000đ/lượng
Lịch sử giá vàng SJC ngày 03/02/2013,,
Lịch sử giá vàng SJC ngày 04/02/2013,45.250 x1000đ/lượng,45.550 x1000đ/lượng
Lịch sử giá vàng SJC ngày 05/02/2013,45.230 x1000đ/lượng,45.530 x1000đ/lượng
Lịch sử giá vàng SJC ngày 06/02/2013,45.200 x1000đ/lượng,45.500 x1000đ/lượng
Lịch sử giá vàng SJC ngày 07/02/2013,45.420 x1000đ/lượng,45.720 x1000đ/lượng
Lịch sử giá vàng SJC ngày 08/02/2013,45.450 x1000đ/lượng,45.750 x1000đ/lượng
Lịch sử giá vàng SJC ngày 09/02/2013,,
Lịch sử giá vàng SJC ngày 10/02/2013,,
Lịch sử giá vàng SJC ngày 11/02/2013,,
Lịch sử giá vàng SJC ngày 12/02/2013,,
Lịch sử giá vàng SJC ngày 13/02/2013,,
Lịch sử giá vàng SJC ngày 14/02/2013,,
Lịch sử giá vàng SJC ngày 15/02/2013,,
Lịch sử giá vàng SJC ngày 16/02/2013,,
Lịch sử giá vàng SJC ngày 17/02/2013,,
Lịch sử giá vàng SJC ngày 18/02/2013,45.000 x1000đ/lượng,45.300 x1000đ/lượng
Lịch sử giá vàng SJC ngày 19/02/2013,45.100 x1000đ/lượng,45.400 x1000đ/lượng
Lịch sử giá vàng SJC ngày 20/02/2013,44.970 x1000đ/lượng,45.170 x1000đ/lượng
Lịch sử giá vàng SJC ngày 21/02/2013,44.700 x1000đ/lượng,44.900 x1000đ/lượng
Lịch sử giá vàng SJC ngày 22/02/2013,44.930 x1000đ/lượng,45.080 x1000đ/lượng
Lịch sử giá vàng SJC ngày 23/02/2013,44.920 x1000đ/lượng,45.070 x1000đ/lượng
Lịch sử giá vàng SJC ngày 24/02/2013,,
Lịch sử giá vàng SJC ngày 25/02/2013,44.900 x1000đ/lượng,45.050 x1000đ/lượng
Lịch sử giá vàng SJC ngày 26/02/2013,44.500 x1000đ/lượng,44.700 x1000đ/lượng
Lịch sử giá vàng SJC ngày 27/02/2013,43.400 x1000đ/lượng,43.700 x1000đ/lượng
Lịch sử giá vàng SJC ngày 28/02/2013,43.180 x1000đ/lượng,43.300 x1000đ/lượng
Lịch sử giá vàng SJC ngày 01/03/2013,43.350 x1000đ/lượng,43.500 x1000đ/lượng
Lịch sử giá vàng SJC ngày 02/03/2013,43.450 x1000đ/lượng,43.650 x1000đ/lượng
Lịch sử giá vàng SJC ngày 03/03/2013,,
Lịch sử giá vàng SJC ngày 04/03/2013,43.580 x1000đ/lượng,43.730 x1000đ/lượng
Lịch sử giá vàng SJC ngày 05/03/2013,43.700 x1000đ/lượng,43.850 x1000đ/lượng
Lịch sử giá vàng SJC ngày 06/03/2013,43.900 x1000đ/lượng,44.050 x1000đ/lượng
Lịch sử giá vàng SJC ngày 07/03/2013,43.920 x1000đ/lượng,44.020 x1000đ/lượng
Lịch sử giá vàng SJC ngày 08/03/2013,43.900 x1000đ/lượng,44.000 x1000đ/lượng
Lịch sử giá vàng SJC ngày 09/03/2013,43.850 x1000đ/lượng,43.950 x1000đ/lượng
Lịch sử giá vàng SJC ngày 10/03/2013,,
Lịch sử giá vàng SJC ngày 11/03/2013,43.810 x1000đ/lượng,43.890 x1000đ/lượng
Lịch sử giá vàng SJC ngày 12/03/2013,43.850 x1000đ/lượng,43.900 x1000đ/lượng
Lịch sử giá vàng SJC ngày 13/03/2013,44.020 x1000đ/lượng,44.100 x1000đ/lượng
Lịch sử giá vàng SJC ngày 14/03/2013,43.980 x1000đ/lượng,44.050 x1000đ/lượng
Lịch sử giá vàng SJC ngày 15/03/2013,43.980 x1000đ/lượng,44.050 x1000đ/lượng
Lịch sử giá vàng SJC ngày 16/03/2013,43.950 x1000đ/lượng,44.100 x1000đ/lượng
Lịch sử giá vàng SJC ngày 17/03/2013,,
Lịch sử giá vàng SJC ngày 18/03/2013,44.050 x1000đ/lượng,44.120 x1000đ/lượng
Lịch sử giá vàng SJC ngày 19/03/2013,44.010 x1000đ/lượng,44.080 x1000đ/lượng
Lịch sử giá vàng SJC ngày 20/03/2013,43.980 x1000đ/lượng,44.050 x1000đ/lượng
Lịch sử giá vàng SJC ngày 21/03/2013,43.870 x1000đ/lượng,43.950 x1000đ/lượng
Lịch sử giá vàng SJC ngày 22/03/2013,43.870 x1000đ/lượng,43.940 x1000đ/lượng
Lịch sử giá vàng SJC ngày 23/03/2013,43.800 x1000đ/lượng,43.930 x1000đ/lượng
Lịch sử giá vàng SJC ngày 24/03/2013,,
Lịch sử giá vàng SJC ngày 25/03/2013,43.750 x1000đ/lượng,43.830 x1000đ/lượng
Lịch sử giá vàng SJC ngày 26/03/2013,43.640 x1000đ/lượng,43.710 x1000đ/lượng
Lịch sử giá vàng SJC ngày 27/03/2013,43.350 x1000đ/lượng,43.450 x1000đ/lượng
Lịch sử giá vàng SJC ngày 28/03/2013,43.700 x1000đ/lượng,43.850 x1000đ/lượng
Lịch sử giá vàng SJC ngày 29/03/2013,43.760 x1000đ/lượng,43.830 x1000đ/lượng
Lịch sử giá vàng SJC ngày 30/03/2013,43.750 x1000đ/lượng,43.870 x1000đ/lượng
Lịch sử giá vàng SJC ngày 31/03/2013,,
Lịch sử giá vàng SJC ngày 01/04/2013,43.780 x1000đ/lượng,43.840 x1000đ/lượng
Lịch sử giá vàng SJC ngày 02/04/2013,43.830 x1000đ/lượng,43.890 x1000đ/lượng
Lịch sử giá vàng SJC ngày 03/04/2013,43.610 x1000đ/lượng,43.680 x1000đ/lượng
Lịch sử giá vàng SJC ngày 04/04/2013,43.200 x1000đ/lượng,43.350 x1000đ/lượng
Lịch sử giá vàng SJC ngày 05/04/2013,43.320 x1000đ/lượng,43.400 x1000đ/lượng
Lịch sử giá vàng SJC ngày 06/04/2013,43.400 x1000đ/lượng,43.600 x1000đ/lượng
Lịch sử giá vàng SJC ngày 07/04/2013,,
Lịch sử giá vàng SJC ngày 08/04/2013,43.380 x1000đ/lượng,43.450 x1000đ/lượng
Lịch sử giá vàng SJC ngày 09/04/2013,43.260 x1000đ/lượng,43.340 x1000đ/lượng
Lịch sử giá vàng SJC ngày 10/04/2013,43.230 x1000đ/lượng,43.330 x1000đ/lượng
Lịch sử giá vàng SJC ngày 11/04/2013,42.960 x1000đ/lượng,43.060 x1000đ/lượng
Lịch sử giá vàng SJC ngày 12/04/2013,42.820 x1000đ/lượng,42.980 x1000đ/lượng
Lịch sử giá vàng SJC ngày 13/04/2013,41.900 x1000đ/lượng,42.200 x1000đ/lượng
Lịch sử giá vàng SJC ngày 14/04/2013,,
Lịch sử giá vàng SJC ngày 15/04/2013,40.900 x1000đ/lượng,41.400 x1000đ/lượng
Lịch sử giá vàng SJC ngày 16/04/2013,40.700 x1000đ/lượng,41.400 x1000đ/lượng
Lịch sử giá vàng SJC ngày 17/04/2013,41.000 x1000đ/lượng,41.350 x1000đ/lượng
Lịch sử giá vàng SJC ngày 18/04/2013,41.000 x1000đ/lượng,41.500 x1000đ/lượng
Lịch sử giá vàng SJC ngày 19/04/2013,,
Lịch sử giá vàng SJC ngày 20/04/2013,41.500 x1000đ/lượng,42.000 x1000đ/lượng
Lịch sử giá vàng SJC ngày 21/04/2013,,
Lịch sử giá vàng SJC ngày 22/04/2013,41.900 x1000đ/lượng,42.130 x1000đ/lượng
Lịch sử giá vàng SJC ngày 23/04/2013,41.820 x1000đ/lượng,42.120 x1000đ/lượng
Lịch sử giá vàng SJC ngày 24/04/2013,41.920 x1000đ/lượng,42.220 x1000đ/lượng
Lịch sử giá vàng SJC ngày 25/04/2013,42.180 x1000đ/lượng,42.380 x1000đ/lượng
Lịch sử giá vàng SJC ngày 26/04/2013,42.700 x1000đ/lượng,42.900 x1000đ/lượng
Lịch sử giá vàng SJC ngày 27/04/2013,42.700 x1000đ/lượng,42.900 x1000đ/lượng
Lịch sử giá vàng SJC ngày 28/04/2013,,
Lịch sử giá vàng SJC ngày 29/04/2013,,
Lịch sử giá vàng SJC ngày 30/04/2013,,
Lịch sử giá vàng SJC ngày 01/05/2013,,
Lịch sử giá vàng SJC ngày 02/05/2013,42.200 x1000đ/lượng,42.350 x1000đ/lượng
Lịch sử giá vàng SJC ngày 03/05/2013,42.180 x1000đ/lượng,42.380 x1000đ/lượng
Lịch sử giá vàng SJC ngày 04/05/2013,42.100 x1000đ/lượng,42.230 x1000đ/lượng
Lịch sử giá vàng SJC ngày 05/05/2013,,
Lịch sử giá vàng SJC ngày 06/05/2013,41.800 x1000đ/lượng,41.950 x1000đ/lượng
Lịch sử giá vàng SJC ngày 07/05/2013,41.330 x1000đ/lượng,41.450 x1000đ/lượng
Lịch sử giá vàng SJC ngày 08/05/2013,41.270 x1000đ/lượng,41.400 x1000đ/lượng
Lịch sử giá vàng SJC ngày 09/05/2013,41.530 x1000đ/lượng,41.640 x1000đ/lượng
Lịch sử giá vàng SJC ngày 10/05/2013,41.260 x1000đ/lượng,41.410 x1000đ/lượng
Lịch sử giá vàng SJC ngày 11/05/2013,41.250 x1000đ/lượng,41.450 x1000đ/lượng
Lịch sử giá vàng SJC ngày 12/05/2013,,
Lịch sử giá vàng SJC ngày 13/05/2013,41.200 x1000đ/lượng,41.350 x1000đ/lượng
Lịch sử giá vàng SJC ngày 14/05/2013,41.210 x1000đ/lượng,41.340 x1000đ/lượng
Lịch sử giá vàng SJC ngày 15/05/2013,41.000 x1000đ/lượng,41.150 x1000đ/lượng
Lịch sử giá vàng SJC ngày 16/05/2013,40.630 x1000đ/lượng,40.830 x1000đ/lượng
Lịch sử giá vàng SJC ngày 17/05/2013,40.700 x1000đ/lượng,40.900 x1000đ/lượng
Lịch sử giá vàng SJC ngày 18/05/2013,40.500 x1000đ/lượng,40.750 x1000đ/lượng
Lịch sử giá vàng SJC ngày 19/05/2013,,
Lịch sử giá vàng SJC ngày 20/05/2013,40.450 x1000đ/lượng,40.650 x1000đ/lượng
Lịch sử giá vàng SJC ngày 21/05/2013,40.600 x1000đ/lượng,40.760 x1000đ/lượng
Lịch sử giá vàng SJC ngày 22/05/2013,40.750 x1000đ/lượng,40.950 x1000đ/lượng
Lịch sử giá vàng SJC ngày 23/05/2013,40.650 x1000đ/lượng,40.850 x1000đ/lượng
Lịch sử giá vàng SJC ngày 24/05/2013,40.650 x1000đ/lượng,40.830 x1000đ/lượng
Lịch sử giá vàng SJC ngày 25/05/2013,40.650 x1000đ/lượng,40.850 x1000đ/lượng
Lịch sử giá vàng SJC ngày 26/05/2013,,
Lịch sử giá vàng SJC ngày 27/05/2013,40.880 x1000đ/lượng,41.000 x1000đ/lượng
Lịch sử giá vàng SJC ngày 28/05/2013,40.650 x1000đ/lượng,40.870 x1000đ/lượng
Lịch sử giá vàng SJC ngày 29/05/2013,40.750 x1000đ/lượng,40.900 x1000đ/lượng
Lịch sử giá vàng SJC ngày 30/05/2013,40.850 x1000đ/lượng,41.000 x1000đ/lượng
Lịch sử giá vàng SJC ngày 31/05/2013,41.000 x1000đ/lượng,41.200 x1000đ/lượng
Lịch sử giá vàng SJC ngày 01/06/2013,40.800 x1000đ/lượng,41.000 x1000đ/lượng
Lịch sử giá vàng SJC ngày 02/06/2013,,
Lịch sử giá vàng SJC ngày 03/06/2013,40.910 x1000đ/lượng,41.030 x1000đ/lượng
Lịch sử giá vàng SJC ngày 04/06/2013,40.880 x1000đ/lượng,41.060 x1000đ/lượng
Lịch sử giá vàng SJC ngày 05/06/2013,40.890 x1000đ/lượng,41.040 x1000đ/lượng
Lịch sử giá vàng SJC ngày 06/06/2013,40.720 x1000đ/lượng,40.920 x1000đ/lượng
Lịch sử giá vàng SJC ngày 07/06/2013,40.660 x1000đ/lượng,40.890 x1000đ/lượng
Lịch sử giá vàng SJC ngày 08/06/2013,40.570 x1000đ/lượng,40.770 x1000đ/lượng
Lịch sử giá vàng SJC ngày 09/06/2013,,
Lịch sử giá vàng SJC ngày 10/06/2013,40.650 x1000đ/lượng,40.800 x1000đ/lượng
Lịch sử giá vàng SJC ngày 11/06/2013,40.470 x1000đ/lượng,40.670 x1000đ/lượng
Lịch sử giá vàng SJC ngày 12/06/2013,40.480 x1000đ/lượng,40.680 x1000đ/lượng
Lịch sử giá vàng SJC ngày 13/06/2013,40.430 x1000đ/lượng,40.680 x1000đ/lượng
Lịch sử giá vàng SJC ngày 14/06/2013,40.250 x1000đ/lượng,40.460 x1000đ/lượng
Lịch sử giá vàng SJC ngày 15/06/2013,40.300 x1000đ/lượng,40.500 x1000đ/lượng
Lịch sử giá vàng SJC ngày 16/06/2013,,
Lịch sử giá vàng SJC ngày 17/06/2013,40.210 x1000đ/lượng,40.360 x1000đ/lượng
Lịch sử giá vàng SJC ngày 18/06/2013,39.850 x1000đ/lượng,40.050 x1000đ/lượng
Lịch sử giá vàng SJC ngày 19/06/2013,39.780 x1000đ/lượng,39.930 x1000đ/lượng
Lịch sử giá vàng SJC ngày 20/06/2013,39.050 x1000đ/lượng,39.350 x1000đ/lượng
Lịch sử giá vàng SJC ngày 21/06/2013,38.800 x1000đ/lượng,39.200 x1000đ/lượng
Lịch sử giá vàng SJC ngày 22/06/2013,39.000 x1000đ/lượng,39.400 x1000đ/lượng
Lịch sử giá vàng SJC ngày 23/06/2013,,
Lịch sử giá vàng SJC ngày 24/06/2013,38.550 x1000đ/lượng,38.850 x1000đ/lượng
Lịch sử giá vàng SJC ngày 25/06/2013,38.470 x1000đ/lượng,38.670 x1000đ/lượng
Lịch sử giá vàng SJC ngày 26/06/2013,37.150 x1000đ/lượng,37.500 x1000đ/lượng
Lịch sử giá vàng SJC ngày 27/06/2013,36.000 x1000đ/lượng,36.650 x1000đ/lượng
Lịch sử giá vàng SJC ngày 28/06/2013,36.300 x1000đ/lượng,37.000 x1000đ/lượng
Lịch sử giá vàng SJC ngày 29/06/2013,37.000 x1000đ/lượng,37.700 x1000đ/lượng
Lịch sử giá vàng SJC ngày 30/06/2013,,
Lịch sử giá vàng SJC ngày 01/07/2013,36.800 x1000đ/lượng,37.150 x1000đ/lượng
Lịch sử giá vàng SJC ngày 02/07/2013,36.850 x1000đ/lượng,37.550 x1000đ/lượng
Lịch sử giá vàng SJC ngày 03/07/2013,36.800 x1000đ/lượng,37.600 x1000đ/lượng
Lịch sử giá vàng SJC ngày 04/07/2013,37.550 x1000đ/lượng,38.200 x1000đ/lượng
Lịch sử giá vàng SJC ngày 05/07/2013,37.500 x1000đ/lượng,38.100 x1000đ/lượng
Lịch sử giá vàng SJC ngày 06/07/2013,37.600 x1000đ/lượng,38.200 x1000đ/lượng
Lịch sử giá vàng SJC ngày 07/07/2013,,
Lịch sử giá vàng SJC ngày 08/07/2013,37.250 x1000đ/lượng,37.650 x1000đ/lượng
Lịch sử giá vàng SJC ngày 09/07/2013,37.300 x1000đ/lượng,37.700 x1000đ/lượng
Lịch sử giá vàng SJC ngày 10/07/2013,37.300 x1000đ/lượng,37.600 x1000đ/lượng
Lịch sử giá vàng SJC ngày 11/07/2013,37.100 x1000đ/lượng,37.700 x1000đ/lượng
Lịch sử giá vàng SJC ngày 12/07/2013,37.000 x1000đ/lượng,37.450 x1000đ/lượng
Lịch sử giá vàng SJC ngày 13/07/2013,37.300 x1000đ/lượng,37.500 x1000đ/lượng
Lịch sử giá vàng SJC ngày 14/07/2013,,
Lịch sử giá vàng SJC ngày 15/07/2013,37.280 x1000đ/lượng,37.580 x1000đ/lượng
Lịch sử giá vàng SJC ngày 16/07/2013,37.150 x1000đ/lượng,37.450 x1000đ/lượng
Lịch sử giá vàng SJC ngày 17/07/2013,37.320 x1000đ/lượng,37.620 x1000đ/lượng
Lịch sử giá vàng SJC ngày 18/07/2013,37.440 x1000đ/lượng,37.740 x1000đ/lượng
Lịch sử giá vàng SJC ngày 19/07/2013,37.480 x1000đ/lượng,37.780 x1000đ/lượng
Lịch sử giá vàng SJC ngày 20/07/2013,37.500 x1000đ/lượng,37.900 x1000đ/lượng
Lịch sử giá vàng SJC ngày 21/07/2013,,
Lịch sử giá vàng SJC ngày 22/07/2013,37.840 x1000đ/lượng,38.240 x1000đ/lượng
Lịch sử giá vàng SJC ngày 23/07/2013,38.300 x1000đ/lượng,38.700 x1000đ/lượng
Lịch sử giá vàng SJC ngày 24/07/2013,38.350 x1000đ/lượng,38.850 x1000đ/lượng
Lịch sử giá vàng SJC ngày 25/07/2013,37.900 x1000đ/lượng,38.300 x1000đ/lượng
Lịch sử giá vàng SJC ngày 26/07/2013,38.050 x1000đ/lượng,38.450 x1000đ/lượng
Lịch sử giá vàng SJC ngày 27/07/2013,38.100 x1000đ/lượng,38.500 x1000đ/lượng
Lịch sử giá vàng SJC ngày 28/07/2013,,
Lịch sử giá vàng SJC ngày 29/07/2013,38.120 x1000đ/lượng,38.420 x1000đ/lượng
Lịch sử giá vàng SJC ngày 30/07/2013,37.700 x1000đ/lượng,38.100 x1000đ/lượng
Lịch sử giá vàng SJC ngày 31/07/2013,37.800 x1000đ/lượng,38.100 x1000đ/lượng
Lịch sử giá vàng SJC ngày 01/08/2013,37.380 x1000đ/lượng,37.780 x1000đ/lượng
Lịch sử giá vàng SJC ngày 02/08/2013,37.270 x1000đ/lượng,37.570 x1000đ/lượng
Lịch sử giá vàng SJC ngày 03/08/2013,37.550 x1000đ/lượng,37.850 x1000đ/lượng
Lịch sử giá vàng SJC ngày 04/08/2013,,
Lịch sử giá vàng SJC ngày 05/08/2013,37.480 x1000đ/lượng,37.780 x1000đ/lượng
Lịch sử giá vàng SJC ngày 06/08/2013,37.150 x1000đ/lượng,37.550 x1000đ/lượng
Lịch sử giá vàng SJC ngày 07/08/2013,37.150 x1000đ/lượng,37.450 x1000đ/lượng
Lịch sử giá vàng SJC ngày 08/08/2013,37.350 x1000đ/lượng,37.650 x1000đ/lượng
Lịch sử giá vàng SJC ngày 09/08/2013,37.550 x1000đ/lượng,37.850 x1000đ/lượng
Lịch sử giá vàng SJC ngày 10/08/2013,37.600 x1000đ/lượng,37.900 x1000đ/lượng
Lịch sử giá vàng SJC ngày 11/08/2013,,
Lịch sử giá vàng SJC ngày 12/08/2013,37.670 x1000đ/lượng,37.970 x1000đ/lượng
Lịch sử giá vàng SJC ngày 13/08/2013,37.630 x1000đ/lượng,37.930 x1000đ/lượng
Lịch sử giá vàng SJC ngày 14/08/2013,37.550 x1000đ/lượng,37.770 x1000đ/lượng
Lịch sử giá vàng SJC ngày 15/08/2013,37.630 x1000đ/lượng,37.930 x1000đ/lượng
Lịch sử giá vàng SJC ngày 16/08/2013,37.850 x1000đ/lượng,38.150 x1000đ/lượng
Lịch sử giá vàng SJC ngày 17/08/2013,38.000 x1000đ/lượng,38.250 x1000đ/lượng
Lịch sử giá vàng SJC ngày 18/08/2013,,
Lịch sử giá vàng SJC ngày 19/08/2013,38.010 x1000đ/lượng,38.260 x1000đ/lượng
Lịch sử giá vàng SJC ngày 20/08/2013,37.780 x1000đ/lượng,38.080 x1000đ/lượng
Lịch sử giá vàng SJC ngày 21/08/2013,37.780 x1000đ/lượng,38.030 x1000đ/lượng
Lịch sử giá vàng SJC ngày 22/08/2013,37.700 x1000đ/lượng,37.900 x1000đ/lượng
Lịch sử giá vàng SJC ngày 23/08/2013,37.680 x1000đ/lượng,37.880 x1000đ/lượng
Lịch sử giá vàng SJC ngày 24/08/2013,37.800 x1000đ/lượng,38.100 x1000đ/lượng
Lịch sử giá vàng SJC ngày 25/08/2013,,
Lịch sử giá vàng SJC ngày 26/08/2013,37.900 x1000đ/lượng,38.100 x1000đ/lượng
Lịch sử giá vàng SJC ngày 27/08/2013,38.000 x1000đ/lượng,38.200 x1000đ/lượng
Lịch sử giá vàng SJC ngày 28/08/2013,38.500 x1000đ/lượng,38.800 x1000đ/lượng
Lịch sử giá vàng SJC ngày 29/08/2013,38.300 x1000đ/lượng,38.550 x1000đ/lượng
Lịch sử giá vàng SJC ngày 30/08/2013,38.200 x1000đ/lượng,38.450 x1000đ/lượng
Lịch sử giá vàng SJC ngày 31/08/2013,38.250 x1000đ/lượng,38.450 x1000đ/lượng
Lịch sử giá vàng SJC ngày 01/09/2013,,
Lịch sử giá vàng SJC ngày 02/09/2013,,
Lịch sử giá vàng SJC ngày 03/09/2013,38.180 x1000đ/lượng,38.330 x1000đ/lượng
Lịch sử giá vàng SJC ngày 04/09/2013,38.270 x1000đ/lượng,38.470 x1000đ/lượng
Lịch sử giá vàng SJC ngày 05/09/2013,38.270 x1000đ/lượng,38.470 x1000đ/lượng
Lịch sử giá vàng SJC ngày 06/09/2013,38.130 x1000đ/lượng,38.330 x1000đ/lượng
Lịch sử giá vàng SJC ngày 07/09/2013,38.270 x1000đ/lượng,38.470 x1000đ/lượng
Lịch sử giá vàng SJC ngày 08/09/2013,,
Lịch sử giá vàng SJC ngày 09/09/2013,38.270 x1000đ/lượng,38.470 x1000đ/lượng
Lịch sử giá vàng SJC ngày 10/09/2013,38.220 x1000đ/lượng,38.370 x1000đ/lượng
Lịch sử giá vàng SJC ngày 11/09/2013,37.900 x1000đ/lượng,38.150 x1000đ/lượng
Lịch sử giá vàng SJC ngày 12/09/2013,37.600 x1000đ/lượng,37.850 x1000đ/lượng
Lịch sử giá vàng SJC ngày 13/09/2013,37.300 x1000đ/lượng,37.550 x1000đ/lượng
Lịch sử giá vàng SJC ngày 14/09/2013,37.500 x1000đ/lượng,37.700 x1000đ/lượng
Lịch sử giá vàng SJC ngày 15/09/2013,,
Lịch sử giá vàng SJC ngày 16/09/2013,37.440 x1000đ/lượng,37.640 x1000đ/lượng
Lịch sử giá vàng SJC ngày 17/09/2013,37.370 x1000đ/lượng,37.570 x1000đ/lượng
Lịch sử giá vàng SJC ngày 18/09/2013,37.270 x1000đ/lượng,37.470 x1000đ/lượng
Lịch sử giá vàng SJC ngày 19/09/2013,37.750 x1000đ/lượng,38.050 x1000đ/lượng
Lịch sử giá vàng SJC ngày 20/09/2013,37.680 x1000đ/lượng,37.830 x1000đ/lượng
Lịch sử giá vàng SJC ngày 21/09/2013,37.350 x1000đ/lượng,37.550 x1000đ/lượng
Lịch sử giá vàng SJC ngày 22/09/2013,,
Lịch sử giá vàng SJC ngày 23/09/2013,37.420 x1000đ/lượng,37.620 x1000đ/lượng
Lịch sử giá vàng SJC ngày 24/09/2013,37.330 x1000đ/lượng,37.530 x1000đ/lượng
Lịch sử giá vàng SJC ngày 25/09/2013,37.340 x1000đ/lượng,37.500 x1000đ/lượng
Lịch sử giá vàng SJC ngày 26/09/2013,37.360 x1000đ/lượng,37.560 x1000đ/lượng
Lịch sử giá vàng SJC ngày 27/09/2013,37.300 x1000đ/lượng,37.480 x1000đ/lượng
Lịch sử giá vàng SJC ngày 28/09/2013,37.400 x1000đ/lượng,37.580 x1000đ/lượng
Lịch sử giá vàng SJC ngày 29/09/2013,,
Lịch sử giá vàng SJC ngày 30/09/2013,37.410 x1000đ/lượng,37.560 x1000đ/lượng
Lịch sử giá vàng SJC ngày 01/10/2013,37.450 x1000đ/lượng,37.600 x1000đ/lượng
Lịch sử giá vàng SJC ngày 02/10/2013,37.220 x1000đ/lượng,37.420 x1000đ/lượng
Lịch sử giá vàng SJC ngày 03/10/2013,37.350 x1000đ/lượng,37.500 x1000đ/lượng
Lịch sử giá vàng SJC ngày 04/10/2013,37.350 x1000đ/lượng,37.500 x1000đ/lượng
Lịch sử giá vàng SJC ngày 05/10/2013,37.300 x1000đ/lượng,37.500 x1000đ/lượng
Lịch sử giá vàng SJC ngày 06/10/2013,,
Lịch sử giá vàng SJC ngày 07/10/2013,37.400 x1000đ/lượng,37.500 x1000đ/lượng
Lịch sử giá vàng SJC ngày 08/10/2013,37.450 x1000đ/lượng,37.550 x1000đ/lượng
Lịch sử giá vàng SJC ngày 09/10/2013,37.400 x1000đ/lượng,37.500 x1000đ/lượng
Lịch sử giá vàng SJC ngày 10/10/2013,37.340 x1000đ/lượng,37.410 x1000đ/lượng
Lịch sử giá vàng SJC ngày 11/10/2013,37.250 x1000đ/lượng,37.350 x1000đ/lượng
Lịch sử giá vàng SJC ngày 12/10/2013,37.100 x1000đ/lượng,37.300 x1000đ/lượng
Lịch sử giá vàng SJC ngày 13/10/2013,,
Lịch sử giá vàng SJC ngày 14/10/2013,37.170 x1000đ/lượng,37.270 x1000đ/lượng
Lịch sử giá vàng SJC ngày 15/10/2013,37.000 x1000đ/lượng,37.100 x1000đ/lượng
Lịch sử giá vàng SJC ngày 16/10/2013,37.100 x1000đ/lượng,37.200 x1000đ/lượng
Lịch sử giá vàng SJC ngày 17/10/2013,37.150 x1000đ/lượng,37.320 x1000đ/lượng
Lịch sử giá vàng SJC ngày 18/10/2013,37.160 x1000đ/lượng,37.360 x1000đ/lượng
Lịch sử giá vàng SJC ngày 19/10/2013,37.250 x1000đ/lượng,37.350 x1000đ/lượng
Lịch sử giá vàng SJC ngày 20/10/2013,,
Lịch sử giá vàng SJC ngày 21/10/2013,37.260 x1000đ/lượng,37.340 x1000đ/lượng
Lịch sử giá vàng SJC ngày 22/10/2013,37.210 x1000đ/lượng,37.270 x1000đ/lượng
Lịch sử giá vàng SJC ngày 23/10/2013,37.310 x1000đ/lượng,37.370 x1000đ/lượng
Lịch sử giá vàng SJC ngày 24/10/2013,37.280 x1000đ/lượng,37.340 x1000đ/lượng
Lịch sử giá vàng SJC ngày 25/10/2013,37.260 x1000đ/lượng,37.340 x1000đ/lượng
Lịch sử giá vàng SJC ngày 26/10/2013,37.300 x1000đ/lượng,37.400 x1000đ/lượng
Lịch sử giá vàng SJC ngày 27/10/2013,,
Lịch sử giá vàng SJC ngày 28/10/2013,37.260 x1000đ/lượng,37.320 x1000đ/lượng
Lịch sử giá vàng SJC ngày 29/10/2013,37.200 x1000đ/lượng,37.270 x1000đ/lượng
Lịch sử giá vàng SJC ngày 30/10/2013,37.200 x1000đ/lượng,37.260 x1000đ/lượng
Lịch sử giá vàng SJC ngày 31/10/2013,37.100 x1000đ/lượng,37.160 x1000đ/lượng
Lịch sử giá vàng SJC ngày 01/11/2013,36.900 x1000đ/lượng,36.970 x1000đ/lượng
Lịch sử giá vàng SJC ngày 02/11/2013,36.820 x1000đ/lượng,36.920 x1000đ/lượng
Lịch sử giá vàng SJC ngày 03/11/2013,,
Lịch sử giá vàng SJC ngày 04/11/2013,36.750 x1000đ/lượng,36.820 x1000đ/lượng
Lịch sử giá vàng SJC ngày 05/11/2013,36.660 x1000đ/lượng,36.710 x1000đ/lượng
Lịch sử giá vàng SJC ngày 06/11/2013,36.650 x1000đ/lượng,36.720 x1000đ/lượng
Lịch sử giá vàng SJC ngày 07/11/2013,36.730 x1000đ/lượng,36.800 x1000đ/lượng
Lịch sử giá vàng SJC ngày 08/11/2013,36.600 x1000đ/lượng,36.700 x1000đ/lượng
Lịch sử giá vàng SJC ngày 09/11/2013,36.500 x1000đ/lượng,36.600 x1000đ/lượng
Lịch sử giá vàng SJC ngày 10/11/2013,,
Lịch sử giá vàng SJC ngày 11/11/2013,36.480 x1000đ/lượng,36.540 x1000đ/lượng
Lịch sử giá vàng SJC ngày 12/11/2013,36.450 x1000đ/lượng,36.510 x1000đ/lượng
Lịch sử giá vàng SJC ngày 13/11/2013,36.380 x1000đ/lượng,36.440 x1000đ/lượng
Lịch sử giá vàng SJC ngày 14/11/2013,36.470 x1000đ/lượng,36.530 x1000đ/lượng
Lịch sử giá vàng SJC ngày 15/11/2013,36.430 x1000đ/lượng,36.530 x1000đ/lượng
Lịch sử giá vàng SJC ngày 16/11/2013,36.440 x1000đ/lượng,36.540 x1000đ/lượng
Lịch sử giá vàng SJC ngày 17/11/2013,,
Lịch sử giá vàng SJC ngày 18/11/2013,36.460 x1000đ/lượng,36.510 x1000đ/lượng
Lịch sử giá vàng SJC ngày 19/11/2013,36.400 x1000đ/lượng,36.450 x1000đ/lượng
Lịch sử giá vàng SJC ngày 20/11/2013,36.380 x1000đ/lượng,36.430 x1000đ/lượng
Lịch sử giá vàng SJC ngày 21/11/2013,35.970 x1000đ/lượng,36.070 x1000đ/lượng
Lịch sử giá vàng SJC ngày 22/11/2013,35.930 x1000đ/lượng,35.990 x1000đ/lượng
Lịch sử giá vàng SJC ngày 23/11/2013,35.870 x1000đ/lượng,35.940 x1000đ/lượng
Lịch sử giá vàng SJC ngày 24/11/2013,,
Lịch sử giá vàng SJC ngày 25/11/2013,35.130 x1000đ/lượng,35.230 x1000đ/lượng
Lịch sử giá vàng SJC ngày 26/11/2013,35.350 x1000đ/lượng,35.500 x1000đ/lượng
Lịch sử giá vàng SJC ngày 27/11/2013,35.330 x1000đ/lượng,35.400 x1000đ/lượng
Lịch sử giá vàng SJC ngày 28/11/2013,35.160 x1000đ/lượng,35.280 x1000đ/lượng
Lịch sử giá vàng SJC ngày 29/11/2013,35.370 x1000đ/lượng,35.450 x1000đ/lượng
Lịch sử giá vàng SJC ngày 30/11/2013,35.450 x1000đ/lượng,35.550 x1000đ/lượng
Lịch sử giá vàng SJC ngày 01/12/2013,,
Lịch sử giá vàng SJC ngày 02/12/2013,35.370 x1000đ/lượng,35.450 x1000đ/lượng
Lịch sử giá vàng SJC ngày 03/12/2013,35.170 x1000đ/lượng,35.240 x1000đ/lượng
Lịch sử giá vàng SJC ngày 04/12/2013,35.130 x1000đ/lượng,35.200 x1000đ/lượng
Lịch sử giá vàng SJC ngày 05/12/2013,35.330 x1000đ/lượng,35.380 x1000đ/lượng
Lịch sử giá vàng SJC ngày 06/12/2013,35.280 x1000đ/lượng,35.350 x1000đ/lượng
Lịch sử giá vàng SJC ngày 07/12/2013,35.290 x1000đ/lượng,35.360 x1000đ/lượng
Lịch sử giá vàng SJC ngày 08/12/2013,,
Lịch sử giá vàng SJC ngày 09/12/2013,35.300 x1000đ/lượng,35.360 x1000đ/lượng
Lịch sử giá vàng SJC ngày 10/12/2013,35.450 x1000đ/lượng,35.500 x1000đ/lượng
Lịch sử giá vàng SJC ngày 11/12/2013,35.700 x1000đ/lượng,35.760 x1000đ/lượng
Lịch sử giá vàng SJC ngày 12/12/2013,35.630 x1000đ/lượng,35.700 x1000đ/lượng
Lịch sử giá vàng SJC ngày 13/12/2013,35.290 x1000đ/lượng,35.420 x1000đ/lượng
Lịch sử giá vàng SJC ngày 14/12/2013,35.440 x1000đ/lượng,35.540 x1000đ/lượng
Lịch sử giá vàng SJC ngày 15/12/2013,,
Lịch sử giá vàng SJC ngày 16/12/2013,35.350 x1000đ/lượng,35.410 x1000đ/lượng
Lịch sử giá vàng SJC ngày 17/12/2013,35.430 x1000đ/lượng,35.500 x1000đ/lượng
Lịch sử giá vàng SJC ngày 18/12/2013,35.370 x1000đ/lượng,35.470 x1000đ/lượng
Lịch sử giá vàng SJC ngày 19/12/2013,35.150 x1000đ/lượng,35.250 x1000đ/lượng
Lịch sử giá vàng SJC ngày 20/12/2013,34.900 x1000đ/lượng,35.120 x1000đ/lượng
Lịch sử giá vàng SJC ngày 21/12/2013,35.110 x1000đ/lượng,35.260 x1000đ/lượng
Lịch sử giá vàng SJC ngày 22/12/2013,,
Lịch sử giá vàng SJC ngày 23/12/2013,35.050 x1000đ/lượng,35.150 x1000đ/lượng
Lịch sử giá vàng SJC ngày 24/12/2013,34.940 x1000đ/lượng,35.060 x1000đ/lượng
Lịch sử giá vàng SJC ngày 25/12/2013,34.900 x1000đ/lượng,35.080 x1000đ/lượng
Lịch sử giá vàng SJC ngày 26/12/2013,34.920 x1000đ/lượng,35.120 x1000đ/lượng
Lịch sử giá vàng SJC ngày 27/12/2013,34.900 x1000đ/lượng,35.150 x1000đ/lượng
Lịch sử giá vàng SJC ngày 28/12/2013,34.830 x1000đ/lượng,35.080 x1000đ/lượng
Lịch sử giá vàng SJC ngày 29/12/2013,,
Lịch sử giá vàng SJC ngày 30/12/2013,34.620 x1000đ/lượng,34.920 x1000đ/lượng
Lịch sử giá vàng SJC ngày 31/12/2013,34.700 x1000đ/lượng,34.780 x1000đ/lượng
Lịch sử giá vàng SJC ngày 01/01/2014,,
Lịch sử giá vàng SJC ngày 02/01/2014,34.950 x1000đ/lượng,35.020 x1000đ/lượng
Lịch sử giá vàng SJC ngày 03/01/2014,35.040 x1000đ/lượng,35.090 x1000đ/lượng
Lịch sử giá vàng SJC ngày 04/01/2014,35.070 x1000đ/lượng,35.130 x1000đ/lượng
Lịch sử giá vàng SJC ngày 05/01/2014,,
Lịch sử giá vàng SJC ngày 06/01/2014,35.170 x1000đ/lượng,35.230 x1000đ/lượng
Lịch sử giá vàng SJC ngày 07/01/2014,35.150 x1000đ/lượng,35.190 x1000đ/lượng
Lịch sử giá vàng SJC ngày 08/01/2014,34.990 x1000đ/lượng,35.040 x1000đ/lượng
Lịch sử giá vàng SJC ngày 09/01/2014,35.010 x1000đ/lượng,35.060 x1000đ/lượng
Lịch sử giá vàng SJC ngày 10/01/2014,35.050 x1000đ/lượng,35.090 x1000đ/lượng
Lịch sử giá vàng SJC ngày 11/01/2014,35.180 x1000đ/lượng,35.250 x1000đ/lượng
Lịch sử giá vàng SJC ngày 12/01/2014,,
Lịch sử giá vàng SJC ngày 13/01/2014,35.180 x1000đ/lượng,35.230 x1000đ/lượng
Lịch sử giá vàng SJC ngày 14/01/2014,35.160 x1000đ/lượng,35.220 x1000đ/lượng
Lịch sử giá vàng SJC ngày 15/01/2014,34.980 x1000đ/lượng,35.030 x1000đ/lượng
Lịch sử giá vàng SJC ngày 16/01/2014,34.980 x1000đ/lượng,35.030 x1000đ/lượng
Lịch sử giá vàng SJC ngày 17/01/2014,35.030 x1000đ/lượng,35.090 x1000đ/lượng
Lịch sử giá vàng SJC ngày 18/01/2014,35.130 x1000đ/lượng,35.190 x1000đ/lượng
Lịch sử giá vàng SJC ngày 19/01/2014,,
Lịch sử giá vàng SJC ngày 20/01/2014,35.020 x1000đ/lượng,35.070 x1000đ/lượng
Lịch sử giá vàng SJC ngày 21/01/2014,34.970 x1000đ/lượng,35.020 x1000đ/lượng
Lịch sử giá vàng SJC ngày 22/01/2014,34.870 x1000đ/lượng,34.920 x1000đ/lượng
Lịch sử giá vàng SJC ngày 23/01/2014,34.960 x1000đ/lượng,35.020 x1000đ/lượng
Lịch sử giá vàng SJC ngày 24/01/2014,35.020 x1000đ/lượng,35.070 x1000đ/lượng
Lịch sử giá vàng SJC ngày 25/01/2014,35.180 x1000đ/lượng,35.260 x1000đ/lượng
Lịch sử giá vàng SJC ngày 26/01/2014,,
Lịch sử giá vàng SJC ngày 27/01/2014,35.280 x1000đ/lượng,35.360 x1000đ/lượng
Lịch sử giá vàng SJC ngày 28/01/2014,,
Lịch sử giá vàng SJC ngày 29/01/2014,,
Lịch sử giá vàng SJC ngày 30/01/2014,,
Lịch sử giá vàng SJC ngày 31/01/2014,,
Lịch sử giá vàng SJC ngày 01/02/2014,,
Lịch sử giá vàng SJC ngày 02/02/2014,,
Lịch sử giá vàng SJC ngày 03/02/2014,,
Lịch sử giá vàng SJC ngày 04/02/2014,,
Lịch sử giá vàng SJC ngày 05/02/2014,,
Lịch sử giá vàng SJC ngày 06/02/2014,35.230 x1000đ/lượng,35.300 x1000đ/lượng
Lịch sử giá vàng SJC ngày 07/02/2014,35.310 x1000đ/lượng,35.370 x1000đ/lượng
Lịch sử giá vàng SJC ngày 08/02/2014,35.390 x1000đ/lượng,35.440 x1000đ/lượng
Lịch sử giá vàng SJC ngày 09/02/2014,35.380 x1000đ/lượng,35.480 x1000đ/lượng
Lịch sử giá vàng SJC ngày 10/02/2014,35.410 x1000đ/lượng,35.460 x1000đ/lượng
Lịch sử giá vàng SJC ngày 11/02/2014,35.490 x1000đ/lượng,35.540 x1000đ/lượng
Lịch sử giá vàng SJC ngày 12/02/2014,35.480 x1000đ/lượng,35.530 x1000đ/lượng
Lịch sử giá vàng SJC ngày 13/02/2014,35.470 x1000đ/lượng,35.520 x1000đ/lượng
Lịch sử giá vàng SJC ngày 14/02/2014,35.880 x1000đ/lượng,35.940 x1000đ/lượng
Lịch sử giá vàng SJC ngày 15/02/2014,36.110 x1000đ/lượng,36.190 x1000đ/lượng
Lịch sử giá vàng SJC ngày 16/02/2014,,
Lịch sử giá vàng SJC ngày 17/02/2014,36.680 x1000đ/lượng,36.780 x1000đ/lượng
Lịch sử giá vàng SJC ngày 18/02/2014,36.460 x1000đ/lượng,36.520 x1000đ/lượng
Lịch sử giá vàng SJC ngày 19/02/2014,36.330 x1000đ/lượng,36.400 x1000đ/lượng
Lịch sử giá vàng SJC ngày 20/02/2014,36.070 x1000đ/lượng,36.130 x1000đ/lượng
Lịch sử giá vàng SJC ngày 21/02/2014,36.110 x1000đ/lượng,36.160 x1000đ/lượng
Lịch sử giá vàng SJC ngày 22/02/2014,36.110 x1000đ/lượng,36.210 x1000đ/lượng
Lịch sử giá vàng SJC ngày 23/02/2014,,
Lịch sử giá vàng SJC ngày 24/02/2014,36.280 x1000đ/lượng,36.350 x1000đ/lượng
Lịch sử giá vàng SJC ngày 25/02/2014,36.370 x1000đ/lượng,36.430 x1000đ/lượng
Lịch sử giá vàng SJC ngày 26/02/2014,36.370 x1000đ/lượng,36.430 x1000đ/lượng
Lịch sử giá vàng SJC ngày 27/02/2014,36.130 x1000đ/lượng,36.180 x1000đ/lượng
Lịch sử giá vàng SJC ngày 28/02/2014,36.120 x1000đ/lượng,36.170 x1000đ/lượng
Lịch sử giá vàng SJC ngày 01/03/2014,36.090 x1000đ/lượng,36.160 x1000đ/lượng
Lịch sử giá vàng SJC ngày 02/03/2014,,
Lịch sử giá vàng SJC ngày 03/03/2014,36.280 x1000đ/lượng,36.340 x1000đ/lượng
Lịch sử giá vàng SJC ngày 04/03/2014,36.160 x1000đ/lượng,36.220 x1000đ/lượng
Lịch sử giá vàng SJC ngày 05/03/2014,36.070 x1000đ/lượng,36.130 x1000đ/lượng
Lịch sử giá vàng SJC ngày 06/03/2014,36.060 x1000đ/lượng,36.120 x1000đ/lượng
Lịch sử giá vàng SJC ngày 07/03/2014,36.160 x1000đ/lượng,36.220 x1000đ/lượng
Lịch sử giá vàng SJC ngày 08/03/2014,36.100 x1000đ/lượng,36.160 x1000đ/lượng
Lịch sử giá vàng SJC ngày 09/03/2014,,
Lịch sử giá vàng SJC ngày 10/03/2014,36.050 x1000đ/lượng,36.110 x1000đ/lượng
Lịch sử giá vàng SJC ngày 11/03/2014,36.130 x1000đ/lượng,36.190 x1000đ/lượng
Lịch sử giá vàng SJC ngày 12/03/2014,36.210 x1000đ/lượng,36.260 x1000đ/lượng
Lịch sử giá vàng SJC ngày 13/03/2014,36.260 x1000đ/lượng,36.320 x1000đ/lượng
Lịch sử giá vàng SJC ngày 14/03/2014,36.210 x1000đ/lượng,36.270 x1000đ/lượng
Lịch sử giá vàng SJC ngày 15/03/2014,36.340 x1000đ/lượng,36.400 x1000đ/lượng
Lịch sử giá vàng SJC ngày 16/03/2014,,
Lịch sử giá vàng SJC ngày 17/03/2014,36.330 x1000đ/lượng,36.390 x1000đ/lượng
Lịch sử giá vàng SJC ngày 18/03/2014,36.180 x1000đ/lượng,36.240 x1000đ/lượng
Lịch sử giá vàng SJC ngày 19/03/2014,36.100 x1000đ/lượng,36.160 x1000đ/lượng
Lịch sử giá vàng SJC ngày 20/03/2014,35.910 x1000đ/lượng,35.970 x1000đ/lượng
Lịch sử giá vàng SJC ngày 21/03/2014,35.980 x1000đ/lượng,36.040 x1000đ/lượng
Lịch sử giá vàng SJC ngày 22/03/2014,35.980 x1000đ/lượng,36.040 x1000đ/lượng
Lịch sử giá vàng SJC ngày 23/03/2014,,
Lịch sử giá vàng SJC ngày 24/03/2014,35.850 x1000đ/lượng,35.910 x1000đ/lượng
Lịch sử giá vàng SJC ngày 25/03/2014,35.700 x1000đ/lượng,35.760 x1000đ/lượng
Lịch sử giá vàng SJC ngày 26/03/2014,35.700 x1000đ/lượng,35.750 x1000đ/lượng
Lịch sử giá vàng SJC ngày 27/03/2014,35.510 x1000đ/lượng,35.560 x1000đ/lượng
Lịch sử giá vàng SJC ngày 28/03/2014,35.500 x1000đ/lượng,35.550 x1000đ/lượng
Lịch sử giá vàng SJC ngày 29/03/2014,35.510 x1000đ/lượng,35.570 x1000đ/lượng
Lịch sử giá vàng SJC ngày 30/03/2014,,
Lịch sử giá vàng SJC ngày 31/03/2014,35.500 x1000đ/lượng,35.550 x1000đ/lượng
Lịch sử giá vàng SJC ngày 01/04/2014,35.360 x1000đ/lượng,35.420 x1000đ/lượng
Lịch sử giá vàng SJC ngày 02/04/2014,35.340 x1000đ/lượng,35.390 x1000đ/lượng
Lịch sử giá vàng SJC ngày 03/04/2014,35.360 x1000đ/lượng,35.420 x1000đ/lượng
Lịch sử giá vàng SJC ngày 04/04/2014,35.460 x1000đ/lượng,35.510 x1000đ/lượng
Lịch sử giá vàng SJC ngày 05/04/2014,35.550 x1000đ/lượng,35.620 x1000đ/lượng
Lịch sử giá vàng SJC ngày 06/04/2014,,
Lịch sử giá vàng SJC ngày 07/04/2014,35.570 x1000đ/lượng,35.630 x1000đ/lượng
Lịch sử giá vàng SJC ngày 08/04/2014,35.680 x1000đ/lượng,35.740 x1000đ/lượng
Lịch sử giá vàng SJC ngày 09/04/2014,,
Lịch sử giá vàng SJC ngày 10/04/2014,35.800 x1000đ/lượng,35.860 x1000đ/lượng
Lịch sử giá vàng SJC ngày 11/04/2014,35.730 x1000đ/lượng,35.790 x1000đ/lượng
Lịch sử giá vàng SJC ngày 12/04/2014,35.730 x1000đ/lượng,35.790 x1000đ/lượng
Lịch sử giá vàng SJC ngày 13/04/2014,,
Lịch sử giá vàng SJC ngày 14/04/2014,35.850 x1000đ/lượng,35.910 x1000đ/lượng
Lịch sử giá vàng SJC ngày 15/04/2014,35.650 x1000đ/lượng,35.710 x1000đ/lượng
Lịch sử giá vàng SJC ngày 16/04/2014,35.450 x1000đ/lượng,35.510 x1000đ/lượng
Lịch sử giá vàng SJC ngày 17/04/2014,35.430 x1000đ/lượng,35.490 x1000đ/lượng
Lịch sử giá vàng SJC ngày 18/04/2014,35.400 x1000đ/lượng,35.460 x1000đ/lượng
Lịch sử giá vàng SJC ngày 19/04/2014,35.400 x1000đ/lượng,35.500 x1000đ/lượng
Lịch sử giá vàng SJC ngày 20/04/2014,,
Lịch sử giá vàng SJC ngày 21/04/2014,35.340 x1000đ/lượng,35.400 x1000đ/lượng
Lịch sử giá vàng SJC ngày 22/04/2014,35.350 x1000đ/lượng,35.410 x1000đ/lượng
Lịch sử giá vàng SJC ngày 23/04/2014,35.320 x1000đ/lượng,35.380 x1000đ/lượng
Lịch sử giá vàng SJC ngày 24/04/2014,35.350 x1000đ/lượng,35.410 x1000đ/lượng
Lịch sử giá vàng SJC ngày 25/04/2014,35.440 x1000đ/lượng,35.500 x1000đ/lượng
Lịch sử giá vàng SJC ngày 26/04/2014,35.590 x1000đ/lượng,35.650 x1000đ/lượng
Lịch sử giá vàng SJC ngày 27/04/2014,,
Lịch sử giá vàng SJC ngày 28/04/2014,35.550 x1000đ/lượng,35.610 x1000đ/lượng
Lịch sử giá vàng SJC ngày 29/04/2014,35.400 x1000đ/lượng,35.460 x1000đ/lượng
Lịch sử giá vàng SJC ngày 30/04/2014,,
Lịch sử giá vàng SJC ngày 01/05/2014,,
Lịch sử giá vàng SJC ngày 02/05/2014,,
Lịch sử giá vàng SJC ngày 03/05/2014,,
Lịch sử giá vàng SJC ngày 04/05/2014,,
Lịch sử giá vàng SJC ngày 05/05/2014,35.530 x1000đ/lượng,35.590 x1000đ/lượng
Lịch sử giá vàng SJC ngày 06/05/2014,35.460 x1000đ/lượng,35.500 x1000đ/lượng
Lịch sử giá vàng SJC ngày 07/05/2014,35.470 x1000đ/lượng,35.510 x1000đ/lượng
Lịch sử giá vàng SJC ngày 08/05/2014,35.380 x1000đ/lượng,35.420 x1000đ/lượng
Lịch sử giá vàng SJC ngày 09/05/2014,35.440 x1000đ/lượng,35.480 x1000đ/lượng
Lịch sử giá vàng SJC ngày 10/05/2014,35.520 x1000đ/lượng,35.600 x1000đ/lượng
Lịch sử giá vàng SJC ngày 11/05/2014,,
Lịch sử giá vàng SJC ngày 12/05/2014,35.620 x1000đ/lượng,35.660 x1000đ/lượng
Lịch sử giá vàng SJC ngày 13/05/2014,35.690 x1000đ/lượng,35.720 x1000đ/lượng
Lịch sử giá vàng SJC ngày 14/05/2014,36.200 x1000đ/lượng,36.450 x1000đ/lượng
Lịch sử giá vàng SJC ngày 15/05/2014,36.300 x1000đ/lượng,36.500 x1000đ/lượng
Lịch sử giá vàng SJC ngày 16/05/2014,36.250 x1000đ/lượng,36.500 x1000đ/lượng
Lịch sử giá vàng SJC ngày 17/05/2014,36.350 x1000đ/lượng,36.550 x1000đ/lượng
Lịch sử giá vàng SJC ngày 18/05/2014,,
Lịch sử giá vàng SJC ngày 19/05/2014,36.750 x1000đ/lượng,36.900 x1000đ/lượng
Lịch sử giá vàng SJC ngày 20/05/2014,37.000 x1000đ/lượng,37.150 x1000đ/lượng
Lịch sử giá vàng SJC ngày 21/05/2014,36.420 x1000đ/lượng,36.620 x1000đ/lượng
Lịch sử giá vàng SJC ngày 22/05/2014,36.350 x1000đ/lượng,36.550 x1000đ/lượng
Lịch sử giá vàng SJC ngày 23/05/2014,36.500 x1000đ/lượng,36.740 x1000đ/lượng
Lịch sử giá vàng SJC ngày 24/05/2014,36.600 x1000đ/lượng,36.850 x1000đ/lượng
Lịch sử giá vàng SJC ngày 25/05/2014,,
Lịch sử giá vàng SJC ngày 26/05/2014,36.550 x1000đ/lượng,36.750 x1000đ/lượng
Lịch sử giá vàng SJC ngày 27/05/2014,36.550 x1000đ/lượng,36.730 x1000đ/lượng
Lịch sử giá vàng SJC ngày 28/05/2014,36.400 x1000đ/lượng,36.540 x1000đ/lượng
Lịch sử giá vàng SJC ngày 29/05/2014,36.350 x1000đ/lượng,36.450 x1000đ/lượng
Lịch sử giá vàng SJC ngày 30/05/2014,36.400 x1000đ/lượng,36.520 x1000đ/lượng
Lịch sử giá vàng SJC ngày 31/05/2014,36.360 x1000đ/lượng,36.460 x1000đ/lượng
Lịch sử giá vàng SJC ngày 01/06/2014,,
Lịch sử giá vàng SJC ngày 02/06/2014,36.240 x1000đ/lượng,36.320 x1000đ/lượng
Lịch sử giá vàng SJC ngày 03/06/2014,36.180 x1000đ/lượng,36.250 x1000đ/lượng
Lịch sử giá vàng SJC ngày 04/06/2014,35.940 x1000đ/lượng,36.060 x1000đ/lượng
Lịch sử giá vàng SJC ngày 05/06/2014,35.900 x1000đ/lượng,35.980 x1000đ/lượng
Lịch sử giá vàng SJC ngày 06/06/2014,36.100 x1000đ/lượng,36.320 x1000đ/lượng
Lịch sử giá vàng SJC ngày 07/06/2014,36.150 x1000đ/lượng,36.330 x1000đ/lượng
Lịch sử giá vàng SJC ngày 08/06/2014,,
Lịch sử giá vàng SJC ngày 09/06/2014,36.200 x1000đ/lượng,36.350 x1000đ/lượng
Lịch sử giá vàng SJC ngày 10/06/2014,36.220 x1000đ/lượng,36.360 x1000đ/lượng
Lịch sử giá vàng SJC ngày 11/06/2014,36.550 x1000đ/lượng,36.700 x1000đ/lượng
Lịch sử giá vàng SJC ngày 12/06/2014,36.580 x1000đ/lượng,36.680 x1000đ/lượng
Lịch sử giá vàng SJC ngày 13/06/2014,36.730 x1000đ/lượng,36.830 x1000đ/lượng
Lịch sử giá vàng SJC ngày 14/06/2014,36.680 x1000đ/lượng,36.780 x1000đ/lượng
Lịch sử giá vàng SJC ngày 15/06/2014,,
Lịch sử giá vàng SJC ngày 16/06/2014,36.620 x1000đ/lượng,36.720 x1000đ/lượng
Lịch sử giá vàng SJC ngày 17/06/2014,36.380 x1000đ/lượng,36.500 x1000đ/lượng
Lịch sử giá vàng SJC ngày 18/06/2014,36.450 x1000đ/lượng,36.570 x1000đ/lượng
Lịch sử giá vàng SJC ngày 19/06/2014,36.650 x1000đ/lượng,36.800 x1000đ/lượng
Lịch sử giá vàng SJC ngày 20/06/2014,36.750 x1000đ/lượng,37.000 x1000đ/lượng
Lịch sử giá vàng SJC ngày 21/06/2014,36.750 x1000đ/lượng,37.000 x1000đ/lượng
Lịch sử giá vàng SJC ngày 22/06/2014,,
Lịch sử giá vàng SJC ngày 23/06/2014,36.650 x1000đ/lượng,36.800 x1000đ/lượng
Lịch sử giá vàng SJC ngày 24/06/2014,36.750 x1000đ/lượng,36.900 x1000đ/lượng
Lịch sử giá vàng SJC ngày 25/06/2014,36.680 x1000đ/lượng,36.810 x1000đ/lượng
Lịch sử giá vàng SJC ngày 26/06/2014,36.660 x1000đ/lượng,36.780 x1000đ/lượng
Lịch sử giá vàng SJC ngày 27/06/2014,36.700 x1000đ/lượng,36.820 x1000đ/lượng
Lịch sử giá vàng SJC ngày 28/06/2014,36.700 x1000đ/lượng,36.820 x1000đ/lượng
Lịch sử giá vàng SJC ngày 29/06/2014,,
Lịch sử giá vàng SJC ngày 30/06/2014,36.700 x1000đ/lượng,36.820 x1000đ/lượng
Lịch sử giá vàng SJC ngày 01/07/2014,36.820 x1000đ/lượng,36.950 x1000đ/lượng
Lịch sử giá vàng SJC ngày 02/07/2014,36.800 x1000đ/lượng,36.930 x1000đ/lượng
Lịch sử giá vàng SJC ngày 03/07/2014,36.780 x1000đ/lượng,36.880 x1000đ/lượng
Lịch sử giá vàng SJC ngày 04/07/2014,36.720 x1000đ/lượng,36.840 x1000đ/lượng
Lịch sử giá vàng SJC ngày 05/07/2014,36.720 x1000đ/lượng,36.820 x1000đ/lượng
Lịch sử giá vàng SJC ngày 06/07/2014,,
Lịch sử giá vàng SJC ngày 07/07/2014,36.640 x1000đ/lượng,36.760 x1000đ/lượng
Lịch sử giá vàng SJC ngày 08/07/2014,36.710 x1000đ/lượng,36.830 x1000đ/lượng
Lịch sử giá vàng SJC ngày 09/07/2014,36.750 x1000đ/lượng,36.870 x1000đ/lượng
Lịch sử giá vàng SJC ngày 10/07/2014,36.870 x1000đ/lượng,37.000 x1000đ/lượng
Lịch sử giá vàng SJC ngày 11/07/2014,36.840 x1000đ/lượng,36.960 x1000đ/lượng
Lịch sử giá vàng SJC ngày 12/07/2014,36.840 x1000đ/lượng,36.960 x1000đ/lượng
Lịch sử giá vàng SJC ngày 13/07/2014,,
Lịch sử giá vàng SJC ngày 14/07/2014,36.750 x1000đ/lượng,36.870 x1000đ/lượng
Lịch sử giá vàng SJC ngày 15/07/2014,36.740 x1000đ/lượng,36.860 x1000đ/lượng
Lịch sử giá vàng SJC ngày 16/07/2014,36.660 x1000đ/lượng,36.780 x1000đ/lượng
Lịch sử giá vàng SJC ngày 17/07/2014,36.700 x1000đ/lượng,36.820 x1000đ/lượng
Lịch sử giá vàng SJC ngày 18/07/2014,36.740 x1000đ/lượng,36.860 x1000đ/lượng
Lịch sử giá vàng SJC ngày 19/07/2014,36.730 x1000đ/lượng,36.850 x1000đ/lượng
Lịch sử giá vàng SJC ngày 20/07/2014,36.730 x1000đ/lượng,36.850 x1000đ/lượng
Lịch sử giá vàng SJC ngày 21/07/2014,36.730 x1000đ/lượng,36.850 x1000đ/lượng
Lịch sử giá vàng SJC ngày 22/07/2014,36.650 x1000đ/lượng,36.770 x1000đ/lượng
Lịch sử giá vàng SJC ngày 23/07/2014,36.650 x1000đ/lượng,36.770 x1000đ/lượng
Lịch sử giá vàng SJC ngày 24/07/2014,36.600 x1000đ/lượng,36.720 x1000đ/lượng
Lịch sử giá vàng SJC ngày 25/07/2014,36.560 x1000đ/lượng,36.680 x1000đ/lượng
Lịch sử giá vàng SJC ngày 26/07/2014,36.620 x1000đ/lượng,36.820 x1000đ/lượng
Lịch sử giá vàng SJC ngày 27/07/2014,,
Lịch sử giá vàng SJC ngày 28/07/2014,36.610 x1000đ/lượng,36.730 x1000đ/lượng
Lịch sử giá vàng SJC ngày 29/07/2014,36.620 x1000đ/lượng,36.740 x1000đ/lượng
Lịch sử giá vàng SJC ngày 30/07/2014,36.570 x1000đ/lượng,36.690 x1000đ/lượng
Lịch sử giá vàng SJC ngày 31/07/2014,36.570 x1000đ/lượng,36.690 x1000đ/lượng
Lịch sử giá vàng SJC ngày 01/08/2014,36.490 x1000đ/lượng,36.610 x1000đ/lượng
Lịch sử giá vàng SJC ngày 02/08/2014,36.550 x1000đ/lượng,36.700 x1000đ/lượng
Lịch sử giá vàng SJC ngày 03/08/2014,36.550 x1000đ/lượng,36.700 x1000đ/lượng
Lịch sử giá vàng SJC ngày 04/08/2014,36.520 x1000đ/lượng,36.640 x1000đ/lượng
Lịch sử giá vàng SJC ngày 05/08/2014,36.510 x1000đ/lượng,36.630 x1000đ/lượng
Lịch sử giá vàng SJC ngày 06/08/2014,36.510 x1000đ/lượng,36.630 x1000đ/lượng
Lịch sử giá vàng SJC ngày 07/08/2014,36.590 x1000đ/lượng,36.710 x1000đ/lượng
Lịch sử giá vàng SJC ngày 08/08/2014,36.640 x1000đ/lượng,36.760 x1000đ/lượng
Lịch sử giá vàng SJC ngày 09/08/2014,36.580 x1000đ/lượng,36.730 x1000đ/lượng
Lịch sử giá vàng SJC ngày 10/08/2014,,
Lịch sử giá vàng SJC ngày 11/08/2014,36.600 x1000đ/lượng,36.720 x1000đ/lượng
Lịch sử giá vàng SJC ngày 12/08/2014,36.610 x1000đ/lượng,36.730 x1000đ/lượng
Lịch sử giá vàng SJC ngày 13/08/2014,36.590 x1000đ/lượng,36.710 x1000đ/lượng
Lịch sử giá vàng SJC ngày 14/08/2014,36.620 x1000đ/lượng,36.740 x1000đ/lượng
Lịch sử giá vàng SJC ngày 15/08/2014,36.600 x1000đ/lượng,36.720 x1000đ/lượng
Lịch sử giá vàng SJC ngày 16/08/2014,36.520 x1000đ/lượng,36.670 x1000đ/lượng
Lịch sử giá vàng SJC ngày 17/08/2014,,
Lịch sử giá vàng SJC ngày 18/08/2014,36.520 x1000đ/lượng,36.640 x1000đ/lượng
Lịch sử giá vàng SJC ngày 19/08/2014,36.510 x1000đ/lượng,36.630 x1000đ/lượng
Lịch sử giá vàng SJC ngày 20/08/2014,36.480 x1000đ/lượng,36.600 x1000đ/lượng
Lịch sử giá vàng SJC ngày 21/08/2014,36.370 x1000đ/lượng,36.490 x1000đ/lượng
Lịch sử giá vàng SJC ngày 22/08/2014,36.340 x1000đ/lượng,36.520 x1000đ/lượng
Lịch sử giá vàng SJC ngày 23/08/2014,36.370 x1000đ/lượng,36.520 x1000đ/lượng
Lịch sử giá vàng SJC ngày 24/08/2014,,
Lịch sử giá vàng SJC ngày 25/08/2014,36.340 x1000đ/lượng,36.460 x1000đ/lượng
Lịch sử giá vàng SJC ngày 26/08/2014,36.380 x1000đ/lượng,36.500 x1000đ/lượng
Lịch sử giá vàng SJC ngày 27/08/2014,36.380 x1000đ/lượng,36.500 x1000đ/lượng
Lịch sử giá vàng SJC ngày 28/08/2014,36.420 x1000đ/lượng,36.540 x1000đ/lượng
Lịch sử giá vàng SJC ngày 29/08/2014,36.400 x1000đ/lượng,36.520 x1000đ/lượng
Lịch sử giá vàng SJC ngày 30/08/2014,36.410 x1000đ/lượng,36.530 x1000đ/lượng
Lịch sử giá vàng SJC ngày 31/08/2014,,
Lịch sử giá vàng SJC ngày 01/09/2014,,
Lịch sử giá vàng SJC ngày 02/09/2014,,
Lịch sử giá vàng SJC ngày 03/09/2014,36.240 x1000đ/lượng,36.360 x1000đ/lượng
Lịch sử giá vàng SJC ngày 04/09/2014,36.280 x1000đ/lượng,36.400 x1000đ/lượng
Lịch sử giá vàng SJC ngày 05/09/2014,36.220 x1000đ/lượng,36.340 x1000đ/lượng
Lịch sử giá vàng SJC ngày 06/09/2014,36.230 x1000đ/lượng,36.350 x1000đ/lượng
Lịch sử giá vàng SJC ngày 07/09/2014,,
Lịch sử giá vàng SJC ngày 08/09/2014,36.250 x1000đ/lượng,36.370 x1000đ/lượng
Lịch sử giá vàng SJC ngày 09/09/2014,36.130 x1000đ/lượng,36.250 x1000đ/lượng
Lịch sử giá vàng SJC ngày 10/09/2014,36.020 x1000đ/lượng,36.140 x1000đ/lượng
Lịch sử giá vàng SJC ngày 11/09/2014,35.950 x1000đ/lượng,36.070 x1000đ/lượng
Lịch sử giá vàng SJC ngày 12/09/2014,35.880 x1000đ/lượng,36.000 x1000đ/lượng
Lịch sử giá vàng SJC ngày 13/09/2014,35.830 x1000đ/lượng,35.950 x1000đ/lượng
Lịch sử giá vàng SJC ngày 14/09/2014,,
Lịch sử giá vàng SJC ngày 15/09/2014,35.910 x1000đ/lượng,36.030 x1000đ/lượng
Lịch sử giá vàng SJC ngày 16/09/2014,36.010 x1000đ/lượng,36.130 x1000đ/lượng
Lịch sử giá vàng SJC ngày 17/09/2014,36.000 x1000đ/lượng,36.120 x1000đ/lượng
Lịch sử giá vàng SJC ngày 18/09/2014,35.890 x1000đ/lượng,36.010 x1000đ/lượng
Lịch sử giá vàng SJC ngày 19/09/2014,35.980 x1000đ/lượng,36.100 x1000đ/lượng
Lịch sử giá vàng SJC ngày 20/09/2014,35.960 x1000đ/lượng,36.080 x1000đ/lượng
Lịch sử giá vàng SJC ngày 21/09/2014,,
Lịch sử giá vàng SJC ngày 22/09/2014,35.830 x1000đ/lượng,35.950 x1000đ/lượng
Lịch sử giá vàng SJC ngày 23/09/2014,35.870 x1000đ/lượng,35.990 x1000đ/lượng
Lịch sử giá vàng SJC ngày 24/09/2014,35.890 x1000đ/lượng,36.010 x1000đ/lượng
Lịch sử giá vàng SJC ngày 25/09/2014,35.820 x1000đ/lượng,35.940 x1000đ/lượng
Lịch sử giá vàng SJC ngày 26/09/2014,35.890 x1000đ/lượng,36.010 x1000đ/lượng
Lịch sử giá vàng SJC ngày 27/09/2014,35.860 x1000đ/lượng,35.980 x1000đ/lượng
Lịch sử giá vàng SJC ngày 28/09/2014,,
Lịch sử giá vàng SJC ngày 29/09/2014,35.820 x1000đ/lượng,35.940 x1000đ/lượng
Lịch sử giá vàng SJC ngày 30/09/2014,35.680 x1000đ/lượng,35.800 x1000đ/lượng
Lịch sử giá vàng SJC ngày 01/10/2014,35.570 x1000đ/lượng,35.690 x1000đ/lượng
Lịch sử giá vàng SJC ngày 02/10/2014,35.660 x1000đ/lượng,35.780 x1000đ/lượng
Lịch sử giá vàng SJC ngày 03/10/2014,35.640 x1000đ/lượng,35.760 x1000đ/lượng
Lịch sử giá vàng SJC ngày 04/10/2014,35.490 x1000đ/lượng,35.610 x1000đ/lượng
Lịch sử giá vàng SJC ngày 05/10/2014,35.500 x1000đ/lượng,35.620 x1000đ/lượng
Lịch sử giá vàng SJC ngày 06/10/2014,35.560 x1000đ/lượng,35.680 x1000đ/lượng
Lịch sử giá vàng SJC ngày 07/10/2014,35.620 x1000đ/lượng,35.740 x1000đ/lượng
Lịch sử giá vàng SJC ngày 08/10/2014,35.680 x1000đ/lượng,35.800 x1000đ/lượng
Lịch sử giá vàng SJC ngày 09/10/2014,35.760 x1000đ/lượng,35.880 x1000đ/lượng
Lịch sử giá vàng SJC ngày 10/10/2014,35.700 x1000đ/lượng,35.820 x1000đ/lượng
Lịch sử giá vàng SJC ngày 11/10/2014,35.710 x1000đ/lượng,35.830 x1000đ/lượng
Lịch sử giá vàng SJC ngày 12/10/2014,,
Lịch sử giá vàng SJC ngày 13/10/2014,35.720 x1000đ/lượng,35.840 x1000đ/lượng
Lịch sử giá vàng SJC ngày 14/10/2014,35.710 x1000đ/lượng,35.830 x1000đ/lượng
Lịch sử giá vàng SJC ngày 15/10/2014,35.650 x1000đ/lượng,35.770 x1000đ/lượng
Lịch sử giá vàng SJC ngày 16/10/2014,35.760 x1000đ/lượng,35.880 x1000đ/lượng
Lịch sử giá vàng SJC ngày 17/10/2014,35.770 x1000đ/lượng,35.890 x1000đ/lượng
Lịch sử giá vàng SJC ngày 18/10/2014,35.780 x1000đ/lượng,35.900 x1000đ/lượng
Lịch sử giá vàng SJC ngày 19/10/2014,,
Lịch sử giá vàng SJC ngày 20/10/2014,35.740 x1000đ/lượng,35.860 x1000đ/lượng
Lịch sử giá vàng SJC ngày 21/10/2014,35.760 x1000đ/lượng,35.880 x1000đ/lượng
Lịch sử giá vàng SJC ngày 22/10/2014,35.710 x1000đ/lượng,35.830 x1000đ/lượng
Lịch sử giá vàng SJC ngày 23/10/2014,35.660 x1000đ/lượng,35.780 x1000đ/lượng
Lịch sử giá vàng SJC ngày 24/10/2014,35.600 x1000đ/lượng,35.720 x1000đ/lượng
Lịch sử giá vàng SJC ngày 25/10/2014,35.600 x1000đ/lượng,35.720 x1000đ/lượng
Lịch sử giá vàng SJC ngày 26/10/2014,,
Lịch sử giá vàng SJC ngày 27/10/2014,35.580 x1000đ/lượng,35.700 x1000đ/lượng
Lịch sử giá vàng SJC ngày 28/10/2014,35.570 x1000đ/lượng,35.690 x1000đ/lượng
Lịch sử giá vàng SJC ngày 29/10/2014,35.590 x1000đ/lượng,35.710 x1000đ/lượng
Lịch sử giá vàng SJC ngày 30/10/2014,35.460 x1000đ/lượng,35.580 x1000đ/lượng
Lịch sử giá vàng SJC ngày 31/10/2014,35.290 x1000đ/lượng,35.410 x1000đ/lượng
Lịch sử giá vàng SJC ngày 01/11/2014,35.290 x1000đ/lượng,35.410 x1000đ/lượng
Lịch sử giá vàng SJC ngày 02/11/2014,,
Lịch sử giá vàng SJC ngày 03/11/2014,35.290 x1000đ/lượng,35.410 x1000đ/lượng
Lịch sử giá vàng SJC ngày 04/11/2014,35.250 x1000đ/lượng,35.370 x1000đ/lượng
Lịch sử giá vàng SJC ngày 05/11/2014,35.000 x1000đ/lượng,35.120 x1000đ/lượng
Lịch sử giá vàng SJC ngày 06/11/2014,34.880 x1000đ/lượng,35.000 x1000đ/lượng
Lịch sử giá vàng SJC ngày 07/11/2014,34.870 x1000đ/lượng,34.990 x1000đ/lượng
Lịch sử giá vàng SJC ngày 08/11/2014,35.130 x1000đ/lượng,35.250 x1000đ/lượng
Lịch sử giá vàng SJC ngày 09/11/2014,,
Lịch sử giá vàng SJC ngày 10/11/2014,35.120 x1000đ/lượng,35.240 x1000đ/lượng
Lịch sử giá vàng SJC ngày 11/11/2014,34.950 x1000đ/lượng,35.070 x1000đ/lượng
Lịch sử giá vàng SJC ngày 12/11/2014,35.050 x1000đ/lượng,35.170 x1000đ/lượng
Lịch sử giá vàng SJC ngày 13/11/2014,35.040 x1000đ/lượng,35.160 x1000đ/lượng
Lịch sử giá vàng SJC ngày 14/11/2014,35.020 x1000đ/lượng,35.140 x1000đ/lượng
Lịch sử giá vàng SJC ngày 15/11/2014,35.250 x1000đ/lượng,35.370 x1000đ/lượng
Lịch sử giá vàng SJC ngày 16/11/2014,,
Lịch sử giá vàng SJC ngày 17/11/2014,35.230 x1000đ/lượng,35.350 x1000đ/lượng
Lịch sử giá vàng SJC ngày 18/11/2014,35.300 x1000đ/lượng,35.420 x1000đ/lượng
Lịch sử giá vàng SJC ngày 19/11/2014,35.320 x1000đ/lượng,35.440 x1000đ/lượng
Lịch sử giá vàng SJC ngày 20/11/2014,35.240 x1000đ/lượng,35.360 x1000đ/lượng
Lịch sử giá vàng SJC ngày 21/11/2014,35.270 x1000đ/lượng,35.390 x1000đ/lượng
Lịch sử giá vàng SJC ngày 22/11/2014,35.330 x1000đ/lượng,35.450 x1000đ/lượng
Lịch sử giá vàng SJC ngày 23/11/2014,,
Lịch sử giá vàng SJC ngày 24/11/2014,35.300 x1000đ/lượng,35.420 x1000đ/lượng
Lịch sử giá vàng SJC ngày 25/11/2014,35.290 x1000đ/lượng,35.410 x1000đ/lượng
Lịch sử giá vàng SJC ngày 26/11/2014,35.280 x1000đ/lượng,35.400 x1000đ/lượng
Lịch sử giá vàng SJC ngày 27/11/2014,35.140 x1000đ/lượng,35.260 x1000đ/lượng
Lịch sử giá vàng SJC ngày 28/11/2014,35.030 x1000đ/lượng,35.150 x1000đ/lượng
Lịch sử giá vàng SJC ngày 29/11/2014,34.960 x1000đ/lượng,35.080 x1000đ/lượng
Lịch sử giá vàng SJC ngày 30/11/2014,,
Lịch sử giá vàng SJC ngày 01/12/2014,35.040 x1000đ/lượng,35.160 x1000đ/lượng
Lịch sử giá vàng SJC ngày 02/12/2014,35.150 x1000đ/lượng,35.270 x1000đ/lượng
Lịch sử giá vàng SJC ngày 03/12/2014,35.140 x1000đ/lượng,35.260 x1000đ/lượng
Lịch sử giá vàng SJC ngày 04/12/2014,35.120 x1000đ/lượng,35.240 x1000đ/lượng
Lịch sử giá vàng SJC ngày 05/12/2014,35.060 x1000đ/lượng,35.200 x1000đ/lượng
Lịch sử giá vàng SJC ngày 06/12/2014,35.010 x1000đ/lượng,35.150 x1000đ/lượng
Lịch sử giá vàng SJC ngày 07/12/2014,,
Lịch sử giá vàng SJC ngày 08/12/2014,35.020 x1000đ/lượng,35.160 x1000đ/lượng
Lịch sử giá vàng SJC ngày 09/12/2014,35.060 x1000đ/lượng,35.200 x1000đ/lượng
Lịch sử giá vàng SJC ngày 10/12/2014,35.170 x1000đ/lượng,35.320 x1000đ/lượng
Lịch sử giá vàng SJC ngày 11/12/2014,35.100 x1000đ/lượng,35.250 x1000đ/lượng
Lịch sử giá vàng SJC ngày 12/12/2014,35.140 x1000đ/lượng,35.290 x1000đ/lượng
Lịch sử giá vàng SJC ngày 13/12/2014,35.140 x1000đ/lượng,35.290 x1000đ/lượng
Lịch sử giá vàng SJC ngày 14/12/2014,,
Lịch sử giá vàng SJC ngày 15/12/2014,35.130 x1000đ/lượng,35.280 x1000đ/lượng
Lịch sử giá vàng SJC ngày 16/12/2014,35.080 x1000đ/lượng,35.230 x1000đ/lượng
Lịch sử giá vàng SJC ngày 17/12/2014,35.050 x1000đ/lượng,35.200 x1000đ/lượng
Lịch sử giá vàng SJC ngày 18/12/2014,35.110 x1000đ/lượng,35.260 x1000đ/lượng
Lịch sử giá vàng SJC ngày 19/12/2014,35.120 x1000đ/lượng,35.270 x1000đ/lượng
Lịch sử giá vàng SJC ngày 20/12/2014,35.120 x1000đ/lượng,35.270 x1000đ/lượng
Lịch sử giá vàng SJC ngày 21/12/2014,,
Lịch sử giá vàng SJC ngày 22/12/2014,35.070 x1000đ/lượng,35.230 x1000đ/lượng
Lịch sử giá vàng SJC ngày 23/12/2014,34.980 x1000đ/lượng,35.140 x1000đ/lượng
Lịch sử giá vàng SJC ngày 24/12/2014,34.980 x1000đ/lượng,35.140 x1000đ/lượng
Lịch sử giá vàng SJC ngày 25/12/2014,34.970 x1000đ/lượng,35.130 x1000đ/lượng
Lịch sử giá vàng SJC ngày 26/12/2014,35.020 x1000đ/lượng,35.180 x1000đ/lượng
Lịch sử giá vàng SJC ngày 27/12/2014,35.030 x1000đ/lượng,35.190 x1000đ/lượng
Lịch sử giá vàng SJC ngày 28/12/2014,,
Lịch sử giá vàng SJC ngày 29/12/2014,35.000 x1000đ/lượng,35.180 x1000đ/lượng
Lịch sử giá vàng SJC ngày 30/12/2014,34.940 x1000đ/lượng,35.120 x1000đ/lượng
Lịch sử giá vàng SJC ngày 31/12/2014,34.830 x1000đ/lượng,35.130 x1000đ/lượng
Lịch sử giá vàng SJC ngày 01/01/2015,34.950 x1000đ/lượng,35.150 x1000đ/lượng
Lịch sử giá vàng SJC ngày 02/01/2015,,
Lịch sử giá vàng SJC ngày 03/01/2015,,
Lịch sử giá vàng SJC ngày 04/01/2015,,
Lịch sử giá vàng SJC ngày 05/01/2015,35.090 x1000đ/lượng,35.190 x1000đ/lượng
Lịch sử giá vàng SJC ngày 06/01/2015,35.150 x1000đ/lượng,35.250 x1000đ/lượng
Lịch sử giá vàng SJC ngày 07/01/2015,35.200 x1000đ/lượng,35.300 x1000đ/lượng
Lịch sử giá vàng SJC ngày 08/01/2015,35.120 x1000đ/lượng,35.220 x1000đ/lượng
Lịch sử giá vàng SJC ngày 09/01/2015,35.110 x1000đ/lượng,35.210 x1000đ/lượng
Lịch sử giá vàng SJC ngày 10/01/2015,35.170 x1000đ/lượng,35.270 x1000đ/lượng
Lịch sử giá vàng SJC ngày 11/01/2015,,
Lịch sử giá vàng SJC ngày 12/01/2015,35.170 x1000đ/lượng,35.270 x1000đ/lượng
Lịch sử giá vàng SJC ngày 13/01/2015,35.260 x1000đ/lượng,35.360 x1000đ/lượng
Lịch sử giá vàng SJC ngày 14/01/2015,35.200 x1000đ/lượng,35.300 x1000đ/lượng
Lịch sử giá vàng SJC ngày 15/01/2015,35.200 x1000đ/lượng,35.300 x1000đ/lượng
Lịch sử giá vàng SJC ngày 16/01/2015,35.360 x1000đ/lượng,35.460 x1000đ/lượng
Lịch sử giá vàng SJC ngày 17/01/2015,35.500 x1000đ/lượng,35.600 x1000đ/lượng
Lịch sử giá vàng SJC ngày 18/01/2015,,
Lịch sử giá vàng SJC ngày 19/01/2015,35.460 x1000đ/lượng,35.560 x1000đ/lượng
Lịch sử giá vàng SJC ngày 20/01/2015,35.460 x1000đ/lượng,35.560 x1000đ/lượng
Lịch sử giá vàng SJC ngày 21/01/2015,35.720 x1000đ/lượng,35.820 x1000đ/lượng
Lịch sử giá vàng SJC ngày 22/01/2015,35.610 x1000đ/lượng,35.710 x1000đ/lượng
Lịch sử giá vàng SJC ngày 23/01/2015,35.590 x1000đ/lượng,35.690 x1000đ/lượng
Lịch sử giá vàng SJC ngày 24/01/2015,35.570 x1000đ/lượng,35.670 x1000đ/lượng
Lịch sử giá vàng SJC ngày 25/01/2015,,
Lịch sử giá vàng SJC ngày 26/01/2015,35.380 x1000đ/lượng,35.480 x1000đ/lượng
Lịch sử giá vàng SJC ngày 27/01/2015,35.320 x1000đ/lượng,35.420 x1000đ/lượng
Lịch sử giá vàng SJC ngày 28/01/2015,35.360 x1000đ/lượng,35.460 x1000đ/lượng
Lịch sử giá vàng SJC ngày 29/01/2015,35.310 x1000đ/lượng,35.410 x1000đ/lượng
Lịch sử giá vàng SJC ngày 30/01/2015,35.240 x1000đ/lượng,35.340 x1000đ/lượng
Lịch sử giá vàng SJC ngày 31/01/2015,35.330 x1000đ/lượng,35.430 x1000đ/lượng
Lịch sử giá vàng SJC ngày 01/02/2015,,
Lịch sử giá vàng SJC ngày 02/02/2015,35.240 x1000đ/lượng,35.340 x1000đ/lượng
Lịch sử giá vàng SJC ngày 03/02/2015,35.280 x1000đ/lượng,35.380 x1000đ/lượng
Lịch sử giá vàng SJC ngày 04/02/2015,35.210 x1000đ/lượng,35.310 x1000đ/lượng
Lịch sử giá vàng SJC ngày 05/02/2015,35.230 x1000đ/lượng,35.330 x1000đ/lượng
Lịch sử giá vàng SJC ngày 06/02/2015,35.230 x1000đ/lượng,35.330 x1000đ/lượng
Lịch sử giá vàng SJC ngày 07/02/2015,35.120 x1000đ/lượng,35.220 x1000đ/lượng
Lịch sử giá vàng SJC ngày 08/02/2015,,
Lịch sử giá vàng SJC ngày 09/02/2015,35.190 x1000đ/lượng,35.290 x1000đ/lượng
Lịch sử giá vàng SJC ngày 10/02/2015,35.200 x1000đ/lượng,35.300 x1000đ/lượng
Lịch sử giá vàng SJC ngày 11/02/2015,35.210 x1000đ/lượng,35.310 x1000đ/lượng
Lịch sử giá vàng SJC ngày 12/02/2015,35.230 x1000đ/lượng,35.330 x1000đ/lượng
Lịch sử giá vàng SJC ngày 13/02/2015,35.300 x1000đ/lượng,35.420 x1000đ/lượng
Lịch sử giá vàng SJC ngày 14/02/2015,35.360 x1000đ/lượng,35.480 x1000đ/lượng
Lịch sử giá vàng SJC ngày 15/02/2015,,
Lịch sử giá vàng SJC ngày 16/02/2015,35.600 x1000đ/lượng,35.800 x1000đ/lượng
Lịch sử giá vàng SJC ngày 17/02/2015,,
Lịch sử giá vàng SJC ngày 18/02/2015,,
Lịch sử giá vàng SJC ngày 19/02/2015,,
Lịch sử giá vàng SJC ngày 20/02/2015,,
Lịch sử giá vàng SJC ngày 21/02/2015,,
Lịch sử giá vàng SJC ngày 22/02/2015,,
Lịch sử giá vàng SJC ngày 23/02/2015,,
Lịch sử giá vàng SJC ngày 24/02/2015,35.250 x1000đ/lượng,35.350 x1000đ/lượng
Lịch sử giá vàng SJC ngày 25/02/2015,35.380 x1000đ/lượng,35.480 x1000đ/lượng
Lịch sử giá vàng SJC ngày 26/02/2015,35.590 x1000đ/lượng,35.690 x1000đ/lượng
Lịch sử giá vàng SJC ngày 27/02/2015,35.420 x1000đ/lượng,35.550 x1000đ/lượng
Lịch sử giá vàng SJC ngày 28/02/2015,35.400 x1000đ/lượng,35.650 x1000đ/lượng
Lịch sử giá vàng SJC ngày 01/03/2015,,
Lịch sử giá vàng SJC ngày 02/03/2015,35.420 x1000đ/lượng,35.520 x1000đ/lượng
Lịch sử giá vàng SJC ngày 03/03/2015,35.350 x1000đ/lượng,35.450 x1000đ/lượng
Lịch sử giá vàng SJC ngày 04/03/2015,35.320 x1000đ/lượng,35.420 x1000đ/lượng
Lịch sử giá vàng SJC ngày 05/03/2015,35.290 x1000đ/lượng,35.390 x1000đ/lượng
Lịch sử giá vàng SJC ngày 06/03/2015,35.290 x1000đ/lượng,35.390 x1000đ/lượng
Lịch sử giá vàng SJC ngày 07/03/2015,35.120 x1000đ/lượng,35.250 x1000đ/lượng
Lịch sử giá vàng SJC ngày 08/03/2015,,
Lịch sử giá vàng SJC ngày 09/03/2015,35.210 x1000đ/lượng,35.310 x1000đ/lượng
Lịch sử giá vàng SJC ngày 10/03/2015,35.170 x1000đ/lượng,35.270 x1000đ/lượng
Lịch sử giá vàng SJC ngày 11/03/2015,35.180 x1000đ/lượng,35.280 x1000đ/lượng
Lịch sử giá vàng SJC ngày 12/03/2015,35.200 x1000đ/lượng,35.300 x1000đ/lượng
Lịch sử giá vàng SJC ngày 13/03/2015,35.240 x1000đ/lượng,35.340 x1000đ/lượng
Lịch sử giá vàng SJC ngày 14/03/2015,35.320 x1000đ/lượng,35.420 x1000đ/lượng
Lịch sử giá vàng SJC ngày 15/03/2015,,
Lịch sử giá vàng SJC ngày 16/03/2015,35.250 x1000đ/lượng,35.350 x1000đ/lượng
Lịch sử giá vàng SJC ngày 17/03/2015,35.200 x1000đ/lượng,35.300 x1000đ/lượng
Lịch sử giá vàng SJC ngày 18/03/2015,35.180 x1000đ/lượng,35.280 x1000đ/lượng
Lịch sử giá vàng SJC ngày 19/03/2015,35.230 x1000đ/lượng,35.330 x1000đ/lượng
Lịch sử giá vàng SJC ngày 20/03/2015,35.230 x1000đ/lượng,35.330 x1000đ/lượng
Lịch sử giá vàng SJC ngày 21/03/2015,35.260 x1000đ/lượng,35.380 x1000đ/lượng
Lịch sử giá vàng SJC ngày 22/03/2015,,
Lịch sử giá vàng SJC ngày 23/03/2015,35.260 x1000đ/lượng,35.360 x1000đ/lượng
Lịch sử giá vàng SJC ngày 24/03/2015,35.260 x1000đ/lượng,35.360 x1000đ/lượng
Lịch sử giá vàng SJC ngày 25/03/2015,35.230 x1000đ/lượng,35.330 x1000đ/lượng
Lịch sử giá vàng SJC ngày 26/03/2015,35.300 x1000đ/lượng,35.400 x1000đ/lượng
Lịch sử giá vàng SJC ngày 27/03/2015,35.230 x1000đ/lượng,35.330 x1000đ/lượng
Lịch sử giá vàng SJC ngày 28/03/2015,35.230 x1000đ/lượng,35.330 x1000đ/lượng
Lịch sử giá vàng SJC ngày 29/03/2015,,
Lịch sử giá vàng SJC ngày 30/03/2015,35.160 x1000đ/lượng,35.240 x1000đ/lượng
Lịch sử giá vàng SJC ngày 31/03/2015,35.090 x1000đ/lượng,35.170 x1000đ/lượng
Lịch sử giá vàng SJC ngày 01/04/2015,35.120 x1000đ/lượng,35.200 x1000đ/lượng
Lịch sử giá vàng SJC ngày 02/04/2015,35.170 x1000đ/lượng,35.270 x1000đ/lượng
Lịch sử giá vàng SJC ngày 03/04/2015,35.160 x1000đ/lượng,35.260 x1000đ/lượng
Lịch sử giá vàng SJC ngày 04/04/2015,35.210 x1000đ/lượng,35.310 x1000đ/lượng
Lịch sử giá vàng SJC ngày 05/04/2015,,
Lịch sử giá vàng SJC ngày 06/04/2015,35.260 x1000đ/lượng,35.360 x1000đ/lượng
Lịch sử giá vàng SJC ngày 07/04/2015,35.180 x1000đ/lượng,35.280 x1000đ/lượng
Lịch sử giá vàng SJC ngày 08/04/2015,35.160 x1000đ/lượng,35.260 x1000đ/lượng
Lịch sử giá vàng SJC ngày 09/04/2015,35.130 x1000đ/lượng,35.230 x1000đ/lượng
Lịch sử giá vàng SJC ngày 10/04/2015,35.140 x1000đ/lượng,35.240 x1000đ/lượng
Lịch sử giá vàng SJC ngày 11/04/2015,35.170 x1000đ/lượng,35.270 x1000đ/lượng
Lịch sử giá vàng SJC ngày 12/04/2015,,
Lịch sử giá vàng SJC ngày 13/04/2015,35.120 x1000đ/lượng,35.220 x1000đ/lượng
Lịch sử giá vàng SJC ngày 14/04/2015,35.090 x1000đ/lượng,35.190 x1000đ/lượng
Lịch sử giá vàng SJC ngày 15/04/2015,35.090 x1000đ/lượng,35.190 x1000đ/lượng
Lịch sử giá vàng SJC ngày 16/04/2015,35.130 x1000đ/lượng,35.230 x1000đ/lượng
Lịch sử giá vàng SJC ngày 17/04/2015,35.090 x1000đ/lượng,35.190 x1000đ/lượng
Lịch sử giá vàng SJC ngày 18/04/2015,35.100 x1000đ/lượng,35.200 x1000đ/lượng
Lịch sử giá vàng SJC ngày 19/04/2015,,
Lịch sử giá vàng SJC ngày 20/04/2015,35.030 x1000đ/lượng,35.130 x1000đ/lượng
Lịch sử giá vàng SJC ngày 21/04/2015,35.010 x1000đ/lượng,35.110 x1000đ/lượng
Lịch sử giá vàng SJC ngày 22/04/2015,35.040 x1000đ/lượng,35.140 x1000đ/lượng
Lịch sử giá vàng SJC ngày 23/04/2015,34.980 x1000đ/lượng,35.080 x1000đ/lượng
Lịch sử giá vàng SJC ngày 24/04/2015,35.000 x1000đ/lượng,35.100 x1000đ/lượng
Lịch sử giá vàng SJC ngày 25/04/2015,34.960 x1000đ/lượng,35.060 x1000đ/lượng
Lịch sử giá vàng SJC ngày 26/04/2015,,
Lịch sử giá vàng SJC ngày 27/04/2015,34.970 x1000đ/lượng,35.070 x1000đ/lượng
Lịch sử giá vàng SJC ngày 28/04/2015,,
Lịch sử giá vàng SJC ngày 29/04/2015,,
Lịch sử giá vàng SJC ngày 30/04/2015,,
Lịch sử giá vàng SJC ngày 01/05/2015,,
Lịch sử giá vàng SJC ngày 02/05/2015,35.000 x1000đ/lượng,35.130 x1000đ/lượng
Lịch sử giá vàng SJC ngày 03/05/2015,,
Lịch sử giá vàng SJC ngày 04/05/2015,34.980 x1000đ/lượng,35.030 x1000đ/lượng
Lịch sử giá vàng SJC ngày 05/05/2015,34.950 x1000đ/lượng,35.010 x1000đ/lượng
Lịch sử giá vàng SJC ngày 06/05/2015,34.980 x1000đ/lượng,35.040 x1000đ/lượng
Lịch sử giá vàng SJC ngày 07/05/2015,34.970 x1000đ/lượng,35.030 x1000đ/lượng
Lịch sử giá vàng SJC ngày 08/05/2015,34.990 x1000đ/lượng,35.040 x1000đ/lượng
Lịch sử giá vàng SJC ngày 09/05/2015,34.980 x1000đ/lượng,35.040 x1000đ/lượng
Lịch sử giá vàng SJC ngày 10/05/2015,,
Lịch sử giá vàng SJC ngày 11/05/2015,34.970 x1000đ/lượng,35.030 x1000đ/lượng
Lịch sử giá vàng SJC ngày 12/05/2015,34.960 x1000đ/lượng,35.020 x1000đ/lượng
Lịch sử giá vàng SJC ngày 13/05/2015,34.970 x1000đ/lượng,35.030 x1000đ/lượng
Lịch sử giá vàng SJC ngày 14/05/2015,35.030 x1000đ/lượng,35.090 x1000đ/lượng
Lịch sử giá vàng SJC ngày 15/05/2015,35.020 x1000đ/lượng,35.080 x1000đ/lượng
Lịch sử giá vàng SJC ngày 16/05/2015,35.040 x1000đ/lượng,35.100 x1000đ/lượng
Lịch sử giá vàng SJC ngày 17/05/2015,,
Lịch sử giá vàng SJC ngày 18/05/2015,35.030 x1000đ/lượng,35.090 x1000đ/lượng
Lịch sử giá vàng SJC ngày 19/05/2015,34.980 x1000đ/lượng,35.040 x1000đ/lượng
Lịch sử giá vàng SJC ngày 20/05/2015,34.950 x1000đ/lượng,35.010 x1000đ/lượng
Lịch sử giá vàng SJC ngày 21/05/2015,34.950 x1000đ/lượng,35.010 x1000đ/lượng
Lịch sử giá vàng SJC ngày 22/05/2015,34.950 x1000đ/lượng,35.010 x1000đ/lượng
Lịch sử giá vàng SJC ngày 23/05/2015,34.930 x1000đ/lượng,34.990 x1000đ/lượng
Lịch sử giá vàng SJC ngày 24/05/2015,,
Lịch sử giá vàng SJC ngày 25/05/2015,34.910 x1000đ/lượng,34.970 x1000đ/lượng
Lịch sử giá vàng SJC ngày 26/05/2015,34.880 x1000đ/lượng,34.940 x1000đ/lượng
Lịch sử giá vàng SJC ngày 27/05/2015,34.840 x1000đ/lượng,34.900 x1000đ/lượng
Lịch sử giá vàng SJC ngày 28/05/2015,34.860 x1000đ/lượng,34.920 x1000đ/lượng
Lịch sử giá vàng SJC ngày 29/05/2015,34.880 x1000đ/lượng,34.940 x1000đ/lượng
Lịch sử giá vàng SJC ngày 30/05/2015,34.890 x1000đ/lượng,34.950 x1000đ/lượng
Lịch sử giá vàng SJC ngày 31/05/2015,,
Lịch sử giá vàng SJC ngày 01/06/2015,34.870 x1000đ/lượng,34.930 x1000đ/lượng
Lịch sử giá vàng SJC ngày 02/06/2015,34.850 x1000đ/lượng,34.910 x1000đ/lượng
Lịch sử giá vàng SJC ngày 03/06/2015,34.870 x1000đ/lượng,34.930 x1000đ/lượng
Lịch sử giá vàng SJC ngày 04/06/2015,34.820 x1000đ/lượng,34.880 x1000đ/lượng
Lịch sử giá vàng SJC ngày 05/06/2015,34.760 x1000đ/lượng,34.820 x1000đ/lượng
Lịch sử giá vàng SJC ngày 06/06/2015,34.750 x1000đ/lượng,34.810 x1000đ/lượng
Lịch sử giá vàng SJC ngày 07/06/2015,,
Lịch sử giá vàng SJC ngày 08/06/2015,34.710 x1000đ/lượng,34.770 x1000đ/lượng
Lịch sử giá vàng SJC ngày 09/06/2015,34.710 x1000đ/lượng,34.770 x1000đ/lượng
Lịch sử giá vàng SJC ngày 10/06/2015,34.680 x1000đ/lượng,34.740 x1000đ/lượng
Lịch sử giá vàng SJC ngày 11/06/2015,34.660 x1000đ/lượng,34.720 x1000đ/lượng
Lịch sử giá vàng SJC ngày 12/06/2015,34.670 x1000đ/lượng,34.730 x1000đ/lượng
Lịch sử giá vàng SJC ngày 13/06/2015,34.680 x1000đ/lượng,34.740 x1000đ/lượng
Lịch sử giá vàng SJC ngày 14/06/2015,,
Lịch sử giá vàng SJC ngày 15/06/2015,34.660 x1000đ/lượng,34.720 x1000đ/lượng
Lịch sử giá vàng SJC ngày 16/06/2015,34.670 x1000đ/lượng,34.730 x1000đ/lượng
Lịch sử giá vàng SJC ngày 17/06/2015,34.650 x1000đ/lượng,34.710 x1000đ/lượng
Lịch sử giá vàng SJC ngày 18/06/2015,34.680 x1000đ/lượng,34.740 x1000đ/lượng
Lịch sử giá vàng SJC ngày 19/06/2015,34.660 x1000đ/lượng,34.760 x1000đ/lượng
Lịch sử giá vàng SJC ngày 20/06/2015,,
Lịch sử giá vàng SJC ngày 21/06/2015,,
Lịch sử giá vàng SJC ngày 22/06/2015,34.630 x1000đ/lượng,34.690 x1000đ/lượng
Lịch sử giá vàng SJC ngày 23/06/2015,34.520 x1000đ/lượng,34.580 x1000đ/lượng
Lịch sử giá vàng SJC ngày 24/06/2015,34.390 x1000đ/lượng,34.450 x1000đ/lượng
Lịch sử giá vàng SJC ngày 25/06/2015,34.330 x1000đ/lượng,34.400 x1000đ/lượng
Lịch sử giá vàng SJC ngày 26/06/2015,34.340 x1000đ/lượng,34.400 x1000đ/lượng
Lịch sử giá vàng SJC ngày 27/06/2015,34.350 x1000đ/lượng,34.430 x1000đ/lượng
Lịch sử giá vàng SJC ngày 28/06/2015,,
Lịch sử giá vàng SJC ngày 29/06/2015,34.390 x1000đ/lượng,34.460 x1000đ/lượng
Lịch sử giá vàng SJC ngày 30/06/2015,34.390 x1000đ/lượng,34.460 x1000đ/lượng
Lịch sử giá vàng SJC ngày 01/07/2015,34.340 x1000đ/lượng,34.420 x1000đ/lượng
Lịch sử giá vàng SJC ngày 02/07/2015,34.270 x1000đ/lượng,34.340 x1000đ/lượng
Lịch sử giá vàng SJC ngày 03/07/2015,34.270 x1000đ/lượng,34.340 x1000đ/lượng
Lịch sử giá vàng SJC ngày 04/07/2015,34.270 x1000đ/lượng,34.350 x1000đ/lượng
Lịch sử giá vàng SJC ngày 05/07/2015,,
Lịch sử giá vàng SJC ngày 06/07/2015,34.250 x1000đ/lượng,34.320 x1000đ/lượng
Lịch sử giá vàng SJC ngày 07/07/2015,34.220 x1000đ/lượng,34.300 x1000đ/lượng
Lịch sử giá vàng SJC ngày 08/07/2015,34.050 x1000đ/lượng,34.130 x1000đ/lượng
Lịch sử giá vàng SJC ngày 09/07/2015,33.980 x1000đ/lượng,34.060 x1000đ/lượng
Lịch sử giá vàng SJC ngày 10/07/2015,33.950 x1000đ/lượng,34.040 x1000đ/lượng
Lịch sử giá vàng SJC ngày 11/07/2015,33.980 x1000đ/lượng,34.070 x1000đ/lượng
Lịch sử giá vàng SJC ngày 12/07/2015,,
Lịch sử giá vàng SJC ngày 13/07/2015,33.930 x1000đ/lượng,34.000 x1000đ/lượng
Lịch sử giá vàng SJC ngày 14/07/2015,33.870 x1000đ/lượng,33.940 x1000đ/lượng
Lịch sử giá vàng SJC ngày 15/07/2015,33.650 x1000đ/lượng,33.730 x1000đ/lượng
Lịch sử giá vàng SJC ngày 16/07/2015,32.820 x1000đ/lượng,33.020 x1000đ/lượng
Lịch sử giá vàng SJC ngày 17/07/2015,33.250 x1000đ/lượng,33.500 x1000đ/lượng
Lịch sử giá vàng SJC ngày 18/07/2015,33.000 x1000đ/lượng,33.300 x1000đ/lượng
Lịch sử giá vàng SJC ngày 19/07/2015,,
Lịch sử giá vàng SJC ngày 20/07/2015,32.900 x1000đ/lượng,33.200 x1000đ/lượng
Lịch sử giá vàng SJC ngày 21/07/2015,32.930 x1000đ/lượng,33.180 x1000đ/lượng
Lịch sử giá vàng SJC ngày 22/07/2015,32.920 x1000đ/lượng,33.100 x1000đ/lượng
Lịch sử giá vàng SJC ngày 23/07/2015,33.050 x1000đ/lượng,33.200 x1000đ/lượng
Lịch sử giá vàng SJC ngày 24/07/2015,32.880 x1000đ/lượng,33.060 x1000đ/lượng
Lịch sử giá vàng SJC ngày 25/07/2015,32.980 x1000đ/lượng,33.180 x1000đ/lượng
Lịch sử giá vàng SJC ngày 26/07/2015,,
Lịch sử giá vàng SJC ngày 27/07/2015,32.960 x1000đ/lượng,33.090 x1000đ/lượng
Lịch sử giá vàng SJC ngày 28/07/2015,32.930 x1000đ/lượng,33.050 x1000đ/lượng
Lịch sử giá vàng SJC ngày 29/07/2015,32.980 x1000đ/lượng,33.080 x1000đ/lượng
Lịch sử giá vàng SJC ngày 30/07/2015,32.950 x1000đ/lượng,33.050 x1000đ/lượng
Lịch sử giá vàng SJC ngày 31/07/2015,32.940 x1000đ/lượng,33.040 x1000đ/lượng
Lịch sử giá vàng SJC ngày 01/08/2015,32.980 x1000đ/lượng,33.120 x1000đ/lượng
Lịch sử giá vàng SJC ngày 02/08/2015,,
Lịch sử giá vàng SJC ngày 03/08/2015,32.930 x1000đ/lượng,33.030 x1000đ/lượng
Lịch sử giá vàng SJC ngày 04/08/2015,32.860 x1000đ/lượng,32.960 x1000đ/lượng
Lịch sử giá vàng SJC ngày 05/08/2015,32.800 x1000đ/lượng,32.920 x1000đ/lượng
Lịch sử giá vàng SJC ngày 06/08/2015,32.750 x1000đ/lượng,32.870 x1000đ/lượng
Lịch sử giá vàng SJC ngày 07/08/2015,32.780 x1000đ/lượng,32.900 x1000đ/lượng
Lịch sử giá vàng SJC ngày 08/08/2015,32.780 x1000đ/lượng,32.900 x1000đ/lượng
Lịch sử giá vàng SJC ngày 09/08/2015,,
Lịch sử giá vàng SJC ngày 10/08/2015,32.820 x1000đ/lượng,32.920 x1000đ/lượng
Lịch sử giá vàng SJC ngày 11/08/2015,32.920 x1000đ/lượng,33.060 x1000đ/lượng
Lịch sử giá vàng SJC ngày 12/08/2015,33.370 x1000đ/lượng,33.720 x1000đ/lượng
Lịch sử giá vàng SJC ngày 13/08/2015,34.100 x1000đ/lượng,34.800 x1000đ/lượng
Lịch sử giá vàng SJC ngày 14/08/2015,33.700 x1000đ/lượng,34.200 x1000đ/lượng
Lịch sử giá vàng SJC ngày 15/08/2015,33.750 x1000đ/lượng,34.250 x1000đ/lượng
Lịch sử giá vàng SJC ngày 16/08/2015,,
Lịch sử giá vàng SJC ngày 17/08/2015,33.880 x1000đ/lượng,34.180 x1000đ/lượng
Lịch sử giá vàng SJC ngày 18/08/2015,33.800 x1000đ/lượng,34.100 x1000đ/lượng
Lịch sử giá vàng SJC ngày 19/08/2015,33.900 x1000đ/lượng,34.600 x1000đ/lượng
Lịch sử giá vàng SJC ngày 20/08/2015,33.900 x1000đ/lượng,34.550 x1000đ/lượng
Lịch sử giá vàng SJC ngày 21/08/2015,34.400 x1000đ/lượng,35.300 x1000đ/lượng
Lịch sử giá vàng SJC ngày 22/08/2015,34.600 x1000đ/lượng,35.300 x1000đ/lượng
Lịch sử giá vàng SJC ngày 23/08/2015,,
Lịch sử giá vàng SJC ngày 24/08/2015,34.700 x1000đ/lượng,35.300 x1000đ/lượng
Lịch sử giá vàng SJC ngày 25/08/2015,34.600 x1000đ/lượng,35.150 x1000đ/lượng
Lịch sử giá vàng SJC ngày 26/08/2015,33.950 x1000đ/lượng,34.500 x1000đ/lượng
Lịch sử giá vàng SJC ngày 27/08/2015,33.750 x1000đ/lượng,34.250 x1000đ/lượng
Lịch sử giá vàng SJC ngày 28/08/2015,33.980 x1000đ/lượng,34.450 x1000đ/lượng
Lịch sử giá vàng SJC ngày 29/08/2015,34.050 x1000đ/lượng,34.550 x1000đ/lượng
Lịch sử giá vàng SJC ngày 30/08/2015,,
Lịch sử giá vàng SJC ngày 31/08/2015,34.000 x1000đ/lượng,34.400 x1000đ/lượng
Lịch sử giá vàng SJC ngày 01/09/2015,34.150 x1000đ/lượng,34.450 x1000đ/lượng
Lịch sử giá vàng SJC ngày 02/09/2015,,
Lịch sử giá vàng SJC ngày 03/09/2015,33.970 x1000đ/lượng,34.250 x1000đ/lượng
Lịch sử giá vàng SJC ngày 04/09/2015,33.890 x1000đ/lượng,34.210 x1000đ/lượng
Lịch sử giá vàng SJC ngày 05/09/2015,33.890 x1000đ/lượng,34.210 x1000đ/lượng
Lịch sử giá vàng SJC ngày 06/09/2015,,
Lịch sử giá vàng SJC ngày 07/09/2015,33.920 x1000đ/lượng,34.180 x1000đ/lượng
Lịch sử giá vàng SJC ngày 08/09/2015,33.880 x1000đ/lượng,34.130 x1000đ/lượng
Lịch sử giá vàng SJC ngày 09/09/2015,33.920 x1000đ/lượng,34.170 x1000đ/lượng
Lịch sử giá vàng SJC ngày 10/09/2015,33.900 x1000đ/lượng,34.100 x1000đ/lượng
Lịch sử giá vàng SJC ngày 11/09/2015,33.930 x1000đ/lượng,34.130 x1000đ/lượng
Lịch sử giá vàng SJC ngày 12/09/2015,33.880 x1000đ/lượng,34.130 x1000đ/lượng
Lịch sử giá vàng SJC ngày 13/09/2015,,
Lịch sử giá vàng SJC ngày 14/09/2015,33.860 x1000đ/lượng,34.060 x1000đ/lượng
Lịch sử giá vàng SJC ngày 15/09/2015,33.850 x1000đ/lượng,34.070 x1000đ/lượng
Lịch sử giá vàng SJC ngày 16/09/2015,33.850 x1000đ/lượng,34.080 x1000đ/lượng
Lịch sử giá vàng SJC ngày 17/09/2015,33.940 x1000đ/lượng,34.160 x1000đ/lượng
Lịch sử giá vàng SJC ngày 18/09/2015,34.050 x1000đ/lượng,34.270 x1000đ/lượng
Lịch sử giá vàng SJC ngày 19/09/2015,34.050 x1000đ/lượng,34.290 x1000đ/lượng
Lịch sử giá vàng SJC ngày 20/09/2015,,
Lịch sử giá vàng SJC ngày 21/09/2015,34.020 x1000đ/lượng,34.250 x1000đ/lượng
Lịch sử giá vàng SJC ngày 22/09/2015,33.920 x1000đ/lượng,34.140 x1000đ/lượng
Lịch sử giá vàng SJC ngày 23/09/2015,33.830 x1000đ/lượng,34.050 x1000đ/lượng
Lịch sử giá vàng SJC ngày 24/09/2015,33.880 x1000đ/lượng,34.100 x1000đ/lượng
Lịch sử giá vàng SJC ngày 25/09/2015,33.920 x1000đ/lượng,34.140 x1000đ/lượng
Lịch sử giá vàng SJC ngày 26/09/2015,33.900 x1000đ/lượng,34.150 x1000đ/lượng
Lịch sử giá vàng SJC ngày 27/09/2015,,
Lịch sử giá vàng SJC ngày 28/09/2015,33.760 x1000đ/lượng,33.980 x1000đ/lượng
Lịch sử giá vàng SJC ngày 29/09/2015,33.660 x1000đ/lượng,33.880 x1000đ/lượng
Lịch sử giá vàng SJC ngày 30/09/2015,33.670 x1000đ/lượng,33.900 x1000đ/lượng
Lịch sử giá vàng SJC ngày 01/10/2015,33.620 x1000đ/lượng,33.840 x1000đ/lượng
Lịch sử giá vàng SJC ngày 02/10/2015,33.590 x1000đ/lượng,33.810 x1000đ/lượng
Lịch sử giá vàng SJC ngày 03/10/2015,33.750 x1000đ/lượng,34.000 x1000đ/lượng
Lịch sử giá vàng SJC ngày 04/10/2015,,
Lịch sử giá vàng SJC ngày 05/10/2015,33.690 x1000đ/lượng,33.910 x1000đ/lượng
Lịch sử giá vàng SJC ngày 06/10/2015,33.650 x1000đ/lượng,33.870 x1000đ/lượng
Lịch sử giá vàng SJC ngày 07/10/2015,33.700 x1000đ/lượng,33.920 x1000đ/lượng
Lịch sử giá vàng SJC ngày 08/10/2015,33.650 x1000đ/lượng,33.870 x1000đ/lượng
Lịch sử giá vàng SJC ngày 09/10/2015,33.720 x1000đ/lượng,33.940 x1000đ/lượng
Lịch sử giá vàng SJC ngày 10/10/2015,33.730 x1000đ/lượng,33.960 x1000đ/lượng
Lịch sử giá vàng SJC ngày 11/10/2015,,
Lịch sử giá vàng SJC ngày 12/10/2015,33.820 x1000đ/lượng,34.040 x1000đ/lượng
Lịch sử giá vàng SJC ngày 13/10/2015,33.750 x1000đ/lượng,33.970 x1000đ/lượng
Lịch sử giá vàng SJC ngày 14/10/2015,33.840 x1000đ/lượng,34.060 x1000đ/lượng
Lịch sử giá vàng SJC ngày 15/10/2015,33.940 x1000đ/lượng,34.170 x1000đ/lượng
Lịch sử giá vàng SJC ngày 16/10/2015,33.890 x1000đ/lượng,34.120 x1000đ/lượng
Lịch sử giá vàng SJC ngày 17/10/2015,33.850 x1000đ/lượng,34.080 x1000đ/lượng
Lịch sử giá vàng SJC ngày 18/10/2015,,
Lịch sử giá vàng SJC ngày 19/10/2015,33.760 x1000đ/lượng,33.980 x1000đ/lượng
Lịch sử giá vàng SJC ngày 20/10/2015,33.740 x1000đ/lượng,33.960 x1000đ/lượng
Lịch sử giá vàng SJC ngày 21/10/2015,33.760 x1000đ/lượng,33.980 x1000đ/lượng
Lịch sử giá vàng SJC ngày 22/10/2015,33.750 x1000đ/lượng,33.970 x1000đ/lượng
Lịch sử giá vàng SJC ngày 23/10/2015,33.780 x1000đ/lượng,34.000 x1000đ/lượng
Lịch sử giá vàng SJC ngày 24/10/2015,33.710 x1000đ/lượng,33.960 x1000đ/lượng
Lịch sử giá vàng SJC ngày 25/10/2015,,
Lịch sử giá vàng SJC ngày 26/10/2015,33.730 x1000đ/lượng,33.950 x1000đ/lượng
Lịch sử giá vàng SJC ngày 27/10/2015,33.730 x1000đ/lượng,33.950 x1000đ/lượng
Lịch sử giá vàng SJC ngày 28/10/2015,33.730 x1000đ/lượng,33.950 x1000đ/lượng
Lịch sử giá vàng SJC ngày 29/10/2015,33.650 x1000đ/lượng,33.870 x1000đ/lượng
Lịch sử giá vàng SJC ngày 30/10/2015,33.570 x1000đ/lượng,33.800 x1000đ/lượng
Lịch sử giá vàng SJC ngày 31/10/2015,33.560 x1000đ/lượng,33.790 x1000đ/lượng
Lịch sử giá vàng SJC ngày 01/11/2015,,
Lịch sử giá vàng SJC ngày 02/11/2015,33.560 x1000đ/lượng,33.780 x1000đ/lượng
Lịch sử giá vàng SJC ngày 03/11/2015,33.520 x1000đ/lượng,33.730 x1000đ/lượng
Lịch sử giá vàng SJC ngày 04/11/2015,33.330 x1000đ/lượng,33.560 x1000đ/lượng
Lịch sử giá vàng SJC ngày 05/11/2015,33.150 x1000đ/lượng,33.380 x1000đ/lượng
Lịch sử giá vàng SJC ngày 06/11/2015,33.280 x1000đ/lượng,33.500 x1000đ/lượng
Lịch sử giá vàng SJC ngày 07/11/2015,33.210 x1000đ/lượng,33.440 x1000đ/lượng
Lịch sử giá vàng SJC ngày 08/11/2015,,
Lịch sử giá vàng SJC ngày 09/11/2015,33.220 x1000đ/lượng,33.440 x1000đ/lượng
Lịch sử giá vàng SJC ngày 10/11/2015,33.250 x1000đ/lượng,33.470 x1000đ/lượng
Lịch sử giá vàng SJC ngày 11/11/2015,33.220 x1000đ/lượng,33.440 x1000đ/lượng
Lịch sử giá vàng SJC ngày 12/11/2015,33.200 x1000đ/lượng,33.420 x1000đ/lượng
Lịch sử giá vàng SJC ngày 13/11/2015,33.140 x1000đ/lượng,33.360 x1000đ/lượng
Lịch sử giá vàng SJC ngày 14/11/2015,33.140 x1000đ/lượng,33.360 x1000đ/lượng
Lịch sử giá vàng SJC ngày 15/11/2015,,
Lịch sử giá vàng SJC ngày 16/11/2015,33.260 x1000đ/lượng,33.490 x1000đ/lượng
Lịch sử giá vàng SJC ngày 17/11/2015,33.190 x1000đ/lượng,33.420 x1000đ/lượng
Lịch sử giá vàng SJC ngày 18/11/2015,33.070 x1000đ/lượng,33.300 x1000đ/lượng
Lịch sử giá vàng SJC ngày 19/11/2015,33.140 x1000đ/lượng,33.370 x1000đ/lượng
Lịch sử giá vàng SJC ngày 20/11/2015,33.170 x1000đ/lượng,33.400 x1000đ/lượng
Lịch sử giá vàng SJC ngày 21/11/2015,33.150 x1000đ/lượng,33.380 x1000đ/lượng
Lịch sử giá vàng SJC ngày 22/11/2015,,
Lịch sử giá vàng SJC ngày 23/11/2015,33.060 x1000đ/lượng,33.300 x1000đ/lượng
Lịch sử giá vàng SJC ngày 24/11/2015,33.060 x1000đ/lượng,33.290 x1000đ/lượng
Lịch sử giá vàng SJC ngày 25/11/2015,33.050 x1000đ/lượng,33.290 x1000đ/lượng
Lịch sử giá vàng SJC ngày 26/11/2015,33.050 x1000đ/lượng,33.290 x1000đ/lượng
Lịch sử giá vàng SJC ngày 27/11/2015,33.000 x1000đ/lượng,33.250 x1000đ/lượng
Lịch sử giá vàng SJC ngày 28/11/2015,32.940 x1000đ/lượng,33.210 x1000đ/lượng
Lịch sử giá vàng SJC ngày 29/11/2015,,
Lịch sử giá vàng SJC ngày 30/11/2015,32.840 x1000đ/lượng,33.080 x1000đ/lượng
Lịch sử giá vàng SJC ngày 01/12/2015,32.890 x1000đ/lượng,33.130 x1000đ/lượng
Lịch sử giá vàng SJC ngày 02/12/2015,32.850 x1000đ/lượng,33.090 x1000đ/lượng
Lịch sử giá vàng SJC ngày 03/12/2015,32.710 x1000đ/lượng,32.950 x1000đ/lượng
Lịch sử giá vàng SJC ngày 04/12/2015,32.780 x1000đ/lượng,33.020 x1000đ/lượng
Lịch sử giá vàng SJC ngày 05/12/2015,33.000 x1000đ/lượng,33.250 x1000đ/lượng
Lịch sử giá vàng SJC ngày 06/12/2015,,
Lịch sử giá vàng SJC ngày 07/12/2015,32.990 x1000đ/lượng,33.240 x1000đ/lượng
Lịch sử giá vàng SJC ngày 08/12/2015,32.950 x1000đ/lượng,33.200 x1000đ/lượng
Lịch sử giá vàng SJC ngày 09/12/2015,32.990 x1000đ/lượng,33.240 x1000đ/lượng
Lịch sử giá vàng SJC ngày 10/12/2015,32.930 x1000đ/lượng,33.180 x1000đ/lượng
Lịch sử giá vàng SJC ngày 11/12/2015,32.890 x1000đ/lượng,33.140 x1000đ/lượng
Lịch sử giá vàng SJC ngày 12/12/2015,32.920 x1000đ/lượng,33.170 x1000đ/lượng
Lịch sử giá vàng SJC ngày 13/12/2015,,
Lịch sử giá vàng SJC ngày 14/12/2015,32.870 x1000đ/lượng,33.120 x1000đ/lượng
Lịch sử giá vàng SJC ngày 15/12/2015,32.800 x1000đ/lượng,33.050 x1000đ/lượng
Lịch sử giá vàng SJC ngày 16/12/2015,32.830 x1000đ/lượng,33.080 x1000đ/lượng
Lịch sử giá vàng SJC ngày 17/12/2015,32.790 x1000đ/lượng,33.060 x1000đ/lượng
Lịch sử giá vàng SJC ngày 18/12/2015,32.710 x1000đ/lượng,32.990 x1000đ/lượng
Lịch sử giá vàng SJC ngày 19/12/2015,32.780 x1000đ/lượng,33.050 x1000đ/lượng
Lịch sử giá vàng SJC ngày 20/12/2015,,
Lịch sử giá vàng SJC ngày 21/12/2015,32.810 x1000đ/lượng,33.080 x1000đ/lượng
Lịch sử giá vàng SJC ngày 22/12/2015,32.810 x1000đ/lượng,33.080 x1000đ/lượng
Lịch sử giá vàng SJC ngày 23/12/2015,32.770 x1000đ/lượng,33.050 x1000đ/lượng
Lịch sử giá vàng SJC ngày 24/12/2015,32.800 x1000đ/lượng,33.080 x1000đ/lượng
Lịch sử giá vàng SJC ngày 25/12/2015,32.770 x1000đ/lượng,33.050 x1000đ/lượng
Lịch sử giá vàng SJC ngày 26/12/2015,32.760 x1000đ/lượng,33.040 x1000đ/lượng
Lịch sử giá vàng SJC ngày 27/12/2015,,
Lịch sử giá vàng SJC ngày 28/12/2015,32.600 x1000đ/lượng,32.950 x1000đ/lượng
Lịch sử giá vàng SJC ngày 29/12/2015,32.470 x1000đ/lượng,32.870 x1000đ/lượng
Lịch sử giá vàng SJC ngày 30/12/2015,32.420 x1000đ/lượng,32.800 x1000đ/lượng
Lịch sử giá vàng SJC ngày 31/12/2015,32.200 x1000đ/lượng,32.700 x1000đ/lượng
Lịch sử giá vàng SJC ngày 01/01/2016,32.550 x1000đ/lượng,32.900 x1000đ/lượng
Lịch sử giá vàng SJC ngày 02/01/2016,32.580 x1000đ/lượng,32.880 x1000đ/lượng
Lịch sử giá vàng SJC ngày 03/01/2016,,
Lịch sử giá vàng SJC ngày 04/01/2016,32.670 x1000đ/lượng,32.920 x1000đ/lượng
Lịch sử giá vàng SJC ngày 05/01/2016,32.610 x1000đ/lượng,32.890 x1000đ/lượng
Lịch sử giá vàng SJC ngày 06/01/2016,32.610 x1000đ/lượng,32.890 x1000đ/lượng
Lịch sử giá vàng SJC ngày 07/01/2016,32.740 x1000đ/lượng,33.020 x1000đ/lượng
Lịch sử giá vàng SJC ngày 08/01/2016,32.780 x1000đ/lượng,33.080 x1000đ/lượng
Lịch sử giá vàng SJC ngày 09/01/2016,32.840 x1000đ/lượng,33.140 x1000đ/lượng
Lịch sử giá vàng SJC ngày 10/01/2016,,
Lịch sử giá vàng SJC ngày 11/01/2016,32.850 x1000đ/lượng,33.150 x1000đ/lượng
Lịch sử giá vàng SJC ngày 12/01/2016,32.760 x1000đ/lượng,33.060 x1000đ/lượng
Lịch sử giá vàng SJC ngày 13/01/2016,32.620 x1000đ/lượng,32.880 x1000đ/lượng
Lịch sử giá vàng SJC ngày 14/01/2016,32.660 x1000đ/lượng,32.920 x1000đ/lượng
Lịch sử giá vàng SJC ngày 15/01/2016,32.610 x1000đ/lượng,32.870 x1000đ/lượng
Lịch sử giá vàng SJC ngày 16/01/2016,32.650 x1000đ/lượng,32.920 x1000đ/lượng
Lịch sử giá vàng SJC ngày 17/01/2016,,
Lịch sử giá vàng SJC ngày 18/01/2016,32.570 x1000đ/lượng,32.830 x1000đ/lượng
Lịch sử giá vàng SJC ngày 19/01/2016,32.590 x1000đ/lượng,32.850 x1000đ/lượng
Lịch sử giá vàng SJC ngày 20/01/2016,32.580 x1000đ/lượng,32.840 x1000đ/lượng
Lịch sử giá vàng SJC ngày 21/01/2016,32.640 x1000đ/lượng,32.900 x1000đ/lượng
Lịch sử giá vàng SJC ngày 22/01/2016,32.600 x1000đ/lượng,32.860 x1000đ/lượng
Lịch sử giá vàng SJC ngày 23/01/2016,32.640 x1000đ/lượng,32.910 x1000đ/lượng
Lịch sử giá vàng SJC ngày 24/01/2016,,
Lịch sử giá vàng SJC ngày 25/01/2016,32.590 x1000đ/lượng,32.860 x1000đ/lượng
Lịch sử giá vàng SJC ngày 26/01/2016,32.660 x1000đ/lượng,32.920 x1000đ/lượng
Lịch sử giá vàng SJC ngày 27/01/2016,32.680 x1000đ/lượng,32.950 x1000đ/lượng
Lịch sử giá vàng SJC ngày 28/01/2016,32.690 x1000đ/lượng,32.950 x1000đ/lượng
Lịch sử giá vàng SJC ngày 29/01/2016,32.620 x1000đ/lượng,32.890 x1000đ/lượng
Lịch sử giá vàng SJC ngày 30/01/2016,32.650 x1000đ/lượng,32.920 x1000đ/lượng
Lịch sử giá vàng SJC ngày 31/01/2016,,
Lịch sử giá vàng SJC ngày 01/02/2016,32.670 x1000đ/lượng,32.940 x1000đ/lượng
Lịch sử giá vàng SJC ngày 02/02/2016,32.730 x1000đ/lượng,33.000 x1000đ/lượng
Lịch sử giá vàng SJC ngày 03/02/2016,32.800 x1000đ/lượng,33.070 x1000đ/lượng
Lịch sử giá vàng SJC ngày 04/02/2016,32.970 x1000đ/lượng,33.250 x1000đ/lượng
Lịch sử giá vàng SJC ngày 05/02/2016,33.080 x1000đ/lượng,33.380 x1000đ/lượng
Lịch sử giá vàng SJC ngày 06/02/2016,,
Lịch sử giá vàng SJC ngày 07/02/2016,,
Lịch sử giá vàng SJC ngày 08/02/2016,,
Lịch sử giá vàng SJC ngày 09/02/2016,,
Lịch sử giá vàng SJC ngày 10/02/2016,,
Lịch sử giá vàng SJC ngày 11/02/2016,,
Lịch sử giá vàng SJC ngày 12/02/2016,33.500 x1000đ/lượng,34.400 x1000đ/lượng
Lịch sử giá vàng SJC ngày 13/02/2016,,
Lịch sử giá vàng SJC ngày 14/02/2016,,
Lịch sử giá vàng SJC ngày 15/02/2016,33.380 x1000đ/lượng,33.730 x1000đ/lượng
Lịch sử giá vàng SJC ngày 16/02/2016,33.450 x1000đ/lượng,33.800 x1000đ/lượng
Lịch sử giá vàng SJC ngày 17/02/2016,33.100 x1000đ/lượng,33.550 x1000đ/lượng
Lịch sử giá vàng SJC ngày 18/02/2016,33.130 x1000đ/lượng,33.450 x1000đ/lượng
Lịch sử giá vàng SJC ngày 19/02/2016,33.270 x1000đ/lượng,33.630 x1000đ/lượng
Lịch sử giá vàng SJC ngày 20/02/2016,33.300 x1000đ/lượng,33.650 x1000đ/lượng
Lịch sử giá vàng SJC ngày 21/02/2016,,
Lịch sử giá vàng SJC ngày 22/02/2016,33.120 x1000đ/lượng,33.420 x1000đ/lượng
Lịch sử giá vàng SJC ngày 23/02/2016,33.220 x1000đ/lượng,33.520 x1000đ/lượng
Lịch sử giá vàng SJC ngày 24/02/2016,33.360 x1000đ/lượng,33.660 x1000đ/lượng
Lịch sử giá vàng SJC ngày 25/02/2016,33.350 x1000đ/lượng,33.650 x1000đ/lượng
Lịch sử giá vàng SJC ngày 26/02/2016,33.300 x1000đ/lượng,33.600 x1000đ/lượng
Lịch sử giá vàng SJC ngày 27/02/2016,33.200 x1000đ/lượng,33.500 x1000đ/lượng
Lịch sử giá vàng SJC ngày 28/02/2016,,
Lịch sử giá vàng SJC ngày 29/02/2016,33.290 x1000đ/lượng,33.590 x1000đ/lượng
Lịch sử giá vàng SJC ngày 01/03/2016,33.370 x1000đ/lượng,33.670 x1000đ/lượng
Lịch sử giá vàng SJC ngày 02/03/2016,33.240 x1000đ/lượng,33.540 x1000đ/lượng
Lịch sử giá vàng SJC ngày 03/03/2016,33.310 x1000đ/lượng,33.610 x1000đ/lượng
Lịch sử giá vàng SJC ngày 04/03/2016,33.820 x1000đ/lượng,34.070 x1000đ/lượng
Lịch sử giá vàng SJC ngày 05/03/2016,33.730 x1000đ/lượng,34.030 x1000đ/lượng
Lịch sử giá vàng SJC ngày 06/03/2016,,
Lịch sử giá vàng SJC ngày 07/03/2016,33.800 x1000đ/lượng,34.050 x1000đ/lượng
Lịch sử giá vàng SJC ngày 08/03/2016,33.900 x1000đ/lượng,34.150 x1000đ/lượng
Lịch sử giá vàng SJC ngày 09/03/2016,33.680 x1000đ/lượng,33.930 x1000đ/lượng
Lịch sử giá vàng SJC ngày 10/03/2016,33.550 x1000đ/lượng,33.800 x1000đ/lượng
Lịch sử giá vàng SJC ngày 11/03/2016,33.730 x1000đ/lượng,34.030 x1000đ/lượng
Lịch sử giá vàng SJC ngày 12/03/2016,33.620 x1000đ/lượng,33.920 x1000đ/lượng
Lịch sử giá vàng SJC ngày 13/03/2016,,
Lịch sử giá vàng SJC ngày 14/03/2016,33.680 x1000đ/lượng,33.960 x1000đ/lượng
Lịch sử giá vàng SJC ngày 15/03/2016,33.480 x1000đ/lượng,33.780 x1000đ/lượng
Lịch sử giá vàng SJC ngày 16/03/2016,33.400 x1000đ/lượng,33.700 x1000đ/lượng
Lịch sử giá vàng SJC ngày 17/03/2016,33.650 x1000đ/lượng,33.920 x1000đ/lượng
Lịch sử giá vàng SJC ngày 18/03/2016,33.650 x1000đ/lượng,33.870 x1000đ/lượng
Lịch sử giá vàng SJC ngày 19/03/2016,33.660 x1000đ/lượng,33.880 x1000đ/lượng
Lịch sử giá vàng SJC ngày 20/03/2016,,
Lịch sử giá vàng SJC ngày 21/03/2016,33.470 x1000đ/lượng,33.720 x1000đ/lượng
Lịch sử giá vàng SJC ngày 22/03/2016,33.500 x1000đ/lượng,33.750 x1000đ/lượng
Lịch sử giá vàng SJC ngày 23/03/2016,33.390 x1000đ/lượng,33.640 x1000đ/lượng
Lịch sử giá vàng SJC ngày 24/03/2016,33.150 x1000đ/lượng,33.400 x1000đ/lượng
Lịch sử giá vàng SJC ngày 25/03/2016,33.150 x1000đ/lượng,33.400 x1000đ/lượng
Lịch sử giá vàng SJC ngày 26/03/2016,33.150 x1000đ/lượng,33.420 x1000đ/lượng
Lịch sử giá vàng SJC ngày 27/03/2016,,
Lịch sử giá vàng SJC ngày 28/03/2016,33.040 x1000đ/lượng,33.290 x1000đ/lượng
Lịch sử giá vàng SJC ngày 29/03/2016,33.010 x1000đ/lượng,33.260 x1000đ/lượng
Lịch sử giá vàng SJC ngày 30/03/2016,33.100 x1000đ/lượng,33.350 x1000đ/lượng
Lịch sử giá vàng SJC ngày 31/03/2016,33.090 x1000đ/lượng,33.340 x1000đ/lượng
Lịch sử giá vàng SJC ngày 01/04/2016,33.080 x1000đ/lượng,33.330 x1000đ/lượng
Lịch sử giá vàng SJC ngày 02/04/2016,33.000 x1000đ/lượng,33.270 x1000đ/lượng
Lịch sử giá vàng SJC ngày 03/04/2016,,
Lịch sử giá vàng SJC ngày 04/04/2016,32.990 x1000đ/lượng,33.240 x1000đ/lượng
Lịch sử giá vàng SJC ngày 05/04/2016,33.030 x1000đ/lượng,33.280 x1000đ/lượng
Lịch sử giá vàng SJC ngày 06/04/2016,32.980 x1000đ/lượng,33.230 x1000đ/lượng
Lịch sử giá vàng SJC ngày 07/04/2016,33.080 x1000đ/lượng,33.330 x1000đ/lượng
Lịch sử giá vàng SJC ngày 08/04/2016,33.050 x1000đ/lượng,33.250 x1000đ/lượng
Lịch sử giá vàng SJC ngày 09/04/2016,33.050 x1000đ/lượng,33.280 x1000đ/lượng
Lịch sử giá vàng SJC ngày 10/04/2016,,
Lịch sử giá vàng SJC ngày 11/04/2016,33.200 x1000đ/lượng,33.430 x1000đ/lượng
Lịch sử giá vàng SJC ngày 12/04/2016,33.370 x1000đ/lượng,33.620 x1000đ/lượng
Lịch sử giá vàng SJC ngày 13/04/2016,33.200 x1000đ/lượng,33.450 x1000đ/lượng
Lịch sử giá vàng SJC ngày 14/04/2016,33.120 x1000đ/lượng,33.370 x1000đ/lượng
Lịch sử giá vàng SJC ngày 15/04/2016,33.050 x1000đ/lượng,33.300 x1000đ/lượng
Lịch sử giá vàng SJC ngày 16/04/2016,,
Lịch sử giá vàng SJC ngày 17/04/2016,,
Lịch sử giá vàng SJC ngày 18/04/2016,33.100 x1000đ/lượng,33.400 x1000đ/lượng
Lịch sử giá vàng SJC ngày 19/04/2016,33.120 x1000đ/lượng,33.340 x1000đ/lượng
Lịch sử giá vàng SJC ngày 20/04/2016,33.210 x1000đ/lượng,33.430 x1000đ/lượng
Lịch sử giá vàng SJC ngày 21/04/2016,33.300 x1000đ/lượng,33.520 x1000đ/lượng
Lịch sử giá vàng SJC ngày 22/04/2016,33.200 x1000đ/lượng,33.430 x1000đ/lượng
Lịch sử giá vàng SJC ngày 23/04/2016,33.120 x1000đ/lượng,33.370 x1000đ/lượng
Lịch sử giá vàng SJC ngày 24/04/2016,,
Lịch sử giá vàng SJC ngày 25/04/2016,33.070 x1000đ/lượng,33.320 x1000đ/lượng
Lịch sử giá vàng SJC ngày 26/04/2016,33.050 x1000đ/lượng,33.300 x1000đ/lượng
Lịch sử giá vàng SJC ngày 27/04/2016,33.170 x1000đ/lượng,33.340 x1000đ/lượng
Lịch sử giá vàng SJC ngày 28/04/2016,33.250 x1000đ/lượng,33.500 x1000đ/lượng
Lịch sử giá vàng SJC ngày 29/04/2016,33.600 x1000đ/lượng,33.800 x1000đ/lượng
Lịch sử giá vàng SJC ngày 30/04/2016,33.950 x1000đ/lượng,34.350 x1000đ/lượng
Lịch sử giá vàng SJC ngày 01/05/2016,,
Lịch sử giá vàng SJC ngày 02/05/2016,,
Lịch sử giá vàng SJC ngày 03/05/2016,,
Lịch sử giá vàng SJC ngày 04/05/2016,33.780 x1000đ/lượng,33.980 x1000đ/lượng
Lịch sử giá vàng SJC ngày 05/05/2016,33.740 x1000đ/lượng,33.940 x1000đ/lượng
Lịch sử giá vàng SJC ngày 06/05/2016,33.830 x1000đ/lượng,34.030 x1000đ/lượng
Lịch sử giá vàng SJC ngày 07/05/2016,33.950 x1000đ/lượng,34.170 x1000đ/lượng
Lịch sử giá vàng SJC ngày 08/05/2016,,
Lịch sử giá vàng SJC ngày 09/05/2016,33.820 x1000đ/lượng,34.020 x1000đ/lượng
Lịch sử giá vàng SJC ngày 10/05/2016,33.680 x1000đ/lượng,33.880 x1000đ/lượng
Lịch sử giá vàng SJC ngày 11/05/2016,33.830 x1000đ/lượng,34.030 x1000đ/lượng
Lịch sử giá vàng SJC ngày 12/05/2016,33.800 x1000đ/lượng,34.000 x1000đ/lượng
Lịch sử giá vàng SJC ngày 13/05/2016,33.900 x1000đ/lượng,34.100 x1000đ/lượng
Lịch sử giá vàng SJC ngày 14/05/2016,33.840 x1000đ/lượng,34.070 x1000đ/lượng
Lịch sử giá vàng SJC ngày 15/05/2016,,
Lịch sử giá vàng SJC ngày 16/05/2016,33.970 x1000đ/lượng,34.200 x1000đ/lượng
Lịch sử giá vàng SJC ngày 17/05/2016,33.930 x1000đ/lượng,34.160 x1000đ/lượng
Lịch sử giá vàng SJC ngày 18/05/2016,33.920 x1000đ/lượng,34.150 x1000đ/lượng
Lịch sử giá vàng SJC ngày 19/05/2016,33.740 x1000đ/lượng,33.970 x1000đ/lượng
Lịch sử giá vàng SJC ngày 20/05/2016,33.780 x1000đ/lượng,34.010 x1000đ/lượng
Lịch sử giá vàng SJC ngày 21/05/2016,33.730 x1000đ/lượng,33.960 x1000đ/lượng
Lịch sử giá vàng SJC ngày 22/05/2016,,
Lịch sử giá vàng SJC ngày 23/05/2016,33.660 x1000đ/lượng,33.890 x1000đ/lượng
Lịch sử giá vàng SJC ngày 24/05/2016,33.520 x1000đ/lượng,33.740 x1000đ/lượng
Lịch sử giá vàng SJC ngày 25/05/2016,33.190 x1000đ/lượng,33.440 x1000đ/lượng
Lịch sử giá vàng SJC ngày 26/05/2016,33.270 x1000đ/lượng,33.500 x1000đ/lượng
Lịch sử giá vàng SJC ngày 27/05/2016,33.200 x1000đ/lượng,33.430 x1000đ/lượng
Lịch sử giá vàng SJC ngày 28/05/2016,33.140 x1000đ/lượng,33.390 x1000đ/lượng
Lịch sử giá vàng SJC ngày 29/05/2016,,
Lịch sử giá vàng SJC ngày 30/05/2016,33.080 x1000đ/lượng,33.330 x1000đ/lượng
Lịch sử giá vàng SJC ngày 31/05/2016,33.110 x1000đ/lượng,33.350 x1000đ/lượng
Lịch sử giá vàng SJC ngày 01/06/2016,33.220 x1000đ/lượng,33.460 x1000đ/lượng
Lịch sử giá vàng SJC ngày 02/06/2016,33.220 x1000đ/lượng,33.460 x1000đ/lượng
Lịch sử giá vàng SJC ngày 03/06/2016,33.160 x1000đ/lượng,33.400 x1000đ/lượng
Lịch sử giá vàng SJC ngày 04/06/2016,33.430 x1000đ/lượng,33.680 x1000đ/lượng
Lịch sử giá vàng SJC ngày 05/06/2016,,
Lịch sử giá vàng SJC ngày 06/06/2016,33.390 x1000đ/lượng,33.630 x1000đ/lượng
Lịch sử giá vàng SJC ngày 07/06/2016,33.340 x1000đ/lượng,33.580 x1000đ/lượng
Lịch sử giá vàng SJC ngày 08/06/2016,33.430 x1000đ/lượng,33.670 x1000đ/lượng
Lịch sử giá vàng SJC ngày 09/06/2016,33.560 x1000đ/lượng,33.800 x1000đ/lượng
Lịch sử giá vàng SJC ngày 10/06/2016,33.690 x1000đ/lượng,33.930 x1000đ/lượng
Lịch sử giá vàng SJC ngày 11/06/2016,33.810 x1000đ/lượng,34.060 x1000đ/lượng
Lịch sử giá vàng SJC ngày 12/06/2016,,
Lịch sử giá vàng SJC ngày 13/06/2016,34.020 x1000đ/lượng,34.270 x1000đ/lượng
Lịch sử giá vàng SJC ngày 14/06/2016,33.900 x1000đ/lượng,34.150 x1000đ/lượng
Lịch sử giá vàng SJC ngày 15/06/2016,33.990 x1000đ/lượng,34.240 x1000đ/lượng
Lịch sử giá vàng SJC ngày 16/06/2016,34.510 x1000đ/lượng,34.810 x1000đ/lượng
Lịch sử giá vàng SJC ngày 17/06/2016,34.080 x1000đ/lượng,34.380 x1000đ/lượng
Lịch sử giá vàng SJC ngày 18/06/2016,34.370 x1000đ/lượng,34.670 x1000đ/lượng
Lịch sử giá vàng SJC ngày 19/06/2016,,
Lịch sử giá vàng SJC ngày 20/06/2016,34.170 x1000đ/lượng,34.470 x1000đ/lượng
Lịch sử giá vàng SJC ngày 21/06/2016,34.060 x1000đ/lượng,34.360 x1000đ/lượng
Lịch sử giá vàng SJC ngày 22/06/2016,33.690 x1000đ/lượng,33.990 x1000đ/lượng
Lịch sử giá vàng SJC ngày 23/06/2016,33.800 x1000đ/lượng,34.100 x1000đ/lượng
Lịch sử giá vàng SJC ngày 24/06/2016,34.600 x1000đ/lượng,35.100 x1000đ/lượng
Lịch sử giá vàng SJC ngày 25/06/2016,34.650 x1000đ/lượng,35.150 x1000đ/lượng
Lịch sử giá vàng SJC ngày 26/06/2016,,
Lịch sử giá vàng SJC ngày 27/06/2016,34.850 x1000đ/lượng,35.350 x1000đ/lượng
Lịch sử giá vàng SJC ngày 28/06/2016,34.640 x1000đ/lượng,35.040 x1000đ/lượng
Lịch sử giá vàng SJC ngày 29/06/2016,34.900 x1000đ/lượng,35.220 x1000đ/lượng
Lịch sử giá vàng SJC ngày 30/06/2016,34.900 x1000đ/lượng,35.220 x1000đ/lượng
Lịch sử giá vàng SJC ngày 01/07/2016,35.230 x1000đ/lượng,35.580 x1000đ/lượng
Lịch sử giá vàng SJC ngày 02/07/2016,35.450 x1000đ/lượng,35.850 x1000đ/lượng
Lịch sử giá vàng SJC ngày 03/07/2016,,
Lịch sử giá vàng SJC ngày 04/07/2016,36.350 x1000đ/lượng,36.900 x1000đ/lượng
Lịch sử giá vàng SJC ngày 05/07/2016,36.350 x1000đ/lượng,36.900 x1000đ/lượng
Lịch sử giá vàng SJC ngày 06/07/2016,38.700 x1000đ/lượng,39.700 x1000đ/lượng
Lịch sử giá vàng SJC ngày 07/07/2016,36.500 x1000đ/lượng,37.500 x1000đ/lượng
Lịch sử giá vàng SJC ngày 08/07/2016,36.600 x1000đ/lượng,37.300 x1000đ/lượng
Lịch sử giá vàng SJC ngày 09/07/2016,36.900 x1000đ/lượng,37.600 x1000đ/lượng
Lịch sử giá vàng SJC ngày 10/07/2016,,
Lịch sử giá vàng SJC ngày 11/07/2016,36.900 x1000đ/lượng,37.500 x1000đ/lượng
Lịch sử giá vàng SJC ngày 12/07/2016,36.700 x1000đ/lượng,37.300 x1000đ/lượng
Lịch sử giá vàng SJC ngày 13/07/2016,36.650 x1000đ/lượng,37.050 x1000đ/lượng
Lịch sử giá vàng SJC ngày 14/07/2016,36.420 x1000đ/lượng,36.860 x1000đ/lượng
Lịch sử giá vàng SJC ngày 15/07/2016,36.490 x1000đ/lượng,36.870 x1000đ/lượng
Lịch sử giá vàng SJC ngày 16/07/2016,36.680 x1000đ/lượng,37.100 x1000đ/lượng
Lịch sử giá vàng SJC ngày 17/07/2016,,
Lịch sử giá vàng SJC ngày 18/07/2016,36.450 x1000đ/lượng,36.830 x1000đ/lượng
Lịch sử giá vàng SJC ngày 19/07/2016,36.440 x1000đ/lượng,36.820 x1000đ/lượng
Lịch sử giá vàng SJC ngày 20/07/2016,36.420 x1000đ/lượng,36.780 x1000đ/lượng
Lịch sử giá vàng SJC ngày 21/07/2016,36.330 x1000đ/lượng,36.660 x1000đ/lượng
Lịch sử giá vàng SJC ngày 22/07/2016,36.350 x1000đ/lượng,36.680 x1000đ/lượng
Lịch sử giá vàng SJC ngày 23/07/2016,36.310 x1000đ/lượng,36.650 x1000đ/lượng
Lịch sử giá vàng SJC ngày 24/07/2016,,
Lịch sử giá vàng SJC ngày 25/07/2016,36.220 x1000đ/lượng,36.530 x1000đ/lượng
Lịch sử giá vàng SJC ngày 26/07/2016,36.300 x1000đ/lượng,36.580 x1000đ/lượng
Lịch sử giá vàng SJC ngày 27/07/2016,36.240 x1000đ/lượng,36.500 x1000đ/lượng
Lịch sử giá vàng SJC ngày 28/07/2016,36.460 x1000đ/lượng,36.720 x1000đ/lượng
Lịch sử giá vàng SJC ngày 29/07/2016,36.320 x1000đ/lượng,36.570 x1000đ/lượng
Lịch sử giá vàng SJC ngày 30/07/2016,36.470 x1000đ/lượng,36.750 x1000đ/lượng
Lịch sử giá vàng SJC ngày 31/07/2016,,
Lịch sử giá vàng SJC ngày 01/08/2016,36.470 x1000đ/lượng,36.740 x1000đ/lượng
Lịch sử giá vàng SJC ngày 02/08/2016,36.590 x1000đ/lượng,36.850 x1000đ/lượng
Lịch sử giá vàng SJC ngày 03/08/2016,36.700 x1000đ/lượng,36.970 x1000đ/lượng
Lịch sử giá vàng SJC ngày 04/08/2016,36.600 x1000đ/lượng,36.850 x1000đ/lượng
Lịch sử giá vàng SJC ngày 05/08/2016,36.660 x1000đ/lượng,36.910 x1000đ/lượng
Lịch sử giá vàng SJC ngày 06/08/2016,36.330 x1000đ/lượng,36.620 x1000đ/lượng
Lịch sử giá vàng SJC ngày 07/08/2016,,
Lịch sử giá vàng SJC ngày 08/08/2016,36.320 x1000đ/lượng,36.580 x1000đ/lượng
Lịch sử giá vàng SJC ngày 09/08/2016,36.380 x1000đ/lượng,36.630 x1000đ/lượng
Lịch sử giá vàng SJC ngày 10/08/2016,36.540 x1000đ/lượng,36.800 x1000đ/lượng
Lịch sử giá vàng SJC ngày 11/08/2016,36.460 x1000đ/lượng,36.720 x1000đ/lượng
Lịch sử giá vàng SJC ngày 12/08/2016,36.390 x1000đ/lượng,36.650 x1000đ/lượng
Lịch sử giá vàng SJC ngày 13/08/2016,36.380 x1000đ/lượng,36.650 x1000đ/lượng
Lịch sử giá vàng SJC ngày 14/08/2016,,
Lịch sử giá vàng SJC ngày 15/08/2016,36.450 x1000đ/lượng,36.700 x1000đ/lượng
Lịch sử giá vàng SJC ngày 16/08/2016,36.540 x1000đ/lượng,36.780 x1000đ/lượng
Lịch sử giá vàng SJC ngày 17/08/2016,36.460 x1000đ/lượng,36.710 x1000đ/lượng
Lịch sử giá vàng SJC ngày 18/08/2016,36.490 x1000đ/lượng,36.750 x1000đ/lượng
Lịch sử giá vàng SJC ngày 19/08/2016,36.480 x1000đ/lượng,36.730 x1000đ/lượng
Lịch sử giá vàng SJC ngày 20/08/2016,36.400 x1000đ/lượng,36.670 x1000đ/lượng
Lịch sử giá vàng SJC ngày 21/08/2016,,
Lịch sử giá vàng SJC ngày 22/08/2016,36.350 x1000đ/lượng,36.610 x1000đ/lượng
Lịch sử giá vàng SJC ngày 23/08/2016,36.390 x1000đ/lượng,36.650 x1000đ/lượng
Lịch sử giá vàng SJC ngày 24/08/2016,36.370 x1000đ/lượng,36.630 x1000đ/lượng
Lịch sử giá vàng SJC ngày 25/08/2016,36.300 x1000đ/lượng,36.560 x1000đ/lượng
Lịch sử giá vàng SJC ngày 26/08/2016,36.330 x1000đ/lượng,36.580 x1000đ/lượng
Lịch sử giá vàng SJC ngày 27/08/2016,36.290 x1000đ/lượng,36.550 x1000đ/lượng
Lịch sử giá vàng SJC ngày 28/08/2016,,
Lịch sử giá vàng SJC ngày 29/08/2016,36.240 x1000đ/lượng,36.500 x1000đ/lượng
Lịch sử giá vàng SJC ngày 30/08/2016,36.220 x1000đ/lượng,36.490 x1000đ/lượng
Lịch sử giá vàng SJC ngày 31/08/2016,36.130 x1000đ/lượng,36.390 x1000đ/lượng
Lịch sử giá vàng SJC ngày 01/09/2016,35.930 x1000đ/lượng,36.200 x1000đ/lượng
Lịch sử giá vàng SJC ngày 02/09/2016,,
Lịch sử giá vàng SJC ngày 03/09/2016,,
Lịch sử giá vàng SJC ngày 04/09/2016,,
Lịch sử giá vàng SJC ngày 05/09/2016,36.150 x1000đ/lượng,36.380 x1000đ/lượng
Lịch sử giá vàng SJC ngày 06/09/2016,36.150 x1000đ/lượng,36.390 x1000đ/lượng
Lịch sử giá vàng SJC ngày 07/09/2016,36.310 x1000đ/lượng,36.570 x1000đ/lượng
Lịch sử giá vàng SJC ngày 08/09/2016,36.300 x1000đ/lượng,36.550 x1000đ/lượng
Lịch sử giá vàng SJC ngày 09/09/2016,36.170 x1000đ/lượng,36.420 x1000đ/lượng
Lịch sử giá vàng SJC ngày 10/09/2016,36.090 x1000đ/lượng,36.360 x1000đ/lượng
Lịch sử giá vàng SJC ngày 11/09/2016,,
Lịch sử giá vàng SJC ngày 12/09/2016,36.060 x1000đ/lượng,36.310 x1000đ/lượng
Lịch sử giá vàng SJC ngày 13/09/2016,36.080 x1000đ/lượng,36.330 x1000đ/lượng
Lịch sử giá vàng SJC ngày 14/09/2016,36.050 x1000đ/lượng,36.290 x1000đ/lượng
Lịch sử giá vàng SJC ngày 15/09/2016,36.010 x1000đ/lượng,36.250 x1000đ/lượng
Lịch sử giá vàng SJC ngày 16/09/2016,35.960 x1000đ/lượng,36.210 x1000đ/lượng
Lịch sử giá vàng SJC ngày 17/09/2016,35.950 x1000đ/lượng,36.200 x1000đ/lượng
Lịch sử giá vàng SJC ngày 18/09/2016,,
Lịch sử giá vàng SJC ngày 19/09/2016,36.000 x1000đ/lượng,36.250 x1000đ/lượng
Lịch sử giá vàng SJC ngày 20/09/2016,35.990 x1000đ/lượng,36.240 x1000đ/lượng
Lịch sử giá vàng SJC ngày 21/09/2016,36.050 x1000đ/lượng,36.300 x1000đ/lượng
Lịch sử giá vàng SJC ngày 22/09/2016,36.100 x1000đ/lượng,36.360 x1000đ/lượng
Lịch sử giá vàng SJC ngày 23/09/2016,36.100 x1000đ/lượng,36.340 x1000đ/lượng
Lịch sử giá vàng SJC ngày 24/09/2016,36.100 x1000đ/lượng,36.350 x1000đ/lượng
Lịch sử giá vàng SJC ngày 25/09/2016,,
Lịch sử giá vàng SJC ngày 26/09/2016,36.040 x1000đ/lượng,36.280 x1000đ/lượng
Lịch sử giá vàng SJC ngày 27/09/2016,36.020 x1000đ/lượng,36.240 x1000đ/lượng
Lịch sử giá vàng SJC ngày 28/09/2016,35.920 x1000đ/lượng,36.140 x1000đ/lượng
Lịch sử giá vàng SJC ngày 29/09/2016,35.910 x1000đ/lượng,36.130 x1000đ/lượng
Lịch sử giá vàng SJC ngày 30/09/2016,35.980 x1000đ/lượng,36.230 x1000đ/lượng
Lịch sử giá vàng SJC ngày 01/10/2016,35.920 x1000đ/lượng,36.170 x1000đ/lượng
Lịch sử giá vàng SJC ngày 02/10/2016,,
Lịch sử giá vàng SJC ngày 03/10/2016,35.900 x1000đ/lượng,36.120 x1000đ/lượng
Lịch sử giá vàng SJC ngày 04/10/2016,35.830 x1000đ/lượng,36.050 x1000đ/lượng
Lịch sử giá vàng SJC ngày 05/10/2016,35.270 x1000đ/lượng,35.520 x1000đ/lượng
Lịch sử giá vàng SJC ngày 06/10/2016,35.250 x1000đ/lượng,35.500 x1000đ/lượng
Lịch sử giá vàng SJC ngày 07/10/2016,35.250 x1000đ/lượng,35.500 x1000đ/lượng
Lịch sử giá vàng SJC ngày 08/10/2016,35.340 x1000đ/lượng,35.590 x1000đ/lượng
Lịch sử giá vàng SJC ngày 09/10/2016,,
Lịch sử giá vàng SJC ngày 10/10/2016,35.500 x1000đ/lượng,35.750 x1000đ/lượng
Lịch sử giá vàng SJC ngày 11/10/2016,35.450 x1000đ/lượng,35.700 x1000đ/lượng
Lịch sử giá vàng SJC ngày 12/10/2016,35.400 x1000đ/lượng,35.640 x1000đ/lượng
Lịch sử giá vàng SJC ngày 13/10/2016,35.430 x1000đ/lượng,35.670 x1000đ/lượng
Lịch sử giá vàng SJC ngày 14/10/2016,35.420 x1000đ/lượng,35.670 x1000đ/lượng
Lịch sử giá vàng SJC ngày 15/10/2016,35.400 x1000đ/lượng,35.650 x1000đ/lượng
Lịch sử giá vàng SJC ngày 16/10/2016,,
Lịch sử giá vàng SJC ngày 17/10/2016,35.370 x1000đ/lượng,35.620 x1000đ/lượng
Lịch sử giá vàng SJC ngày 18/10/2016,35.430 x1000đ/lượng,35.650 x1000đ/lượng
Lịch sử giá vàng SJC ngày 19/10/2016,35.500 x1000đ/lượng,35.730 x1000đ/lượng
Lịch sử giá vàng SJC ngày 20/10/2016,35.480 x1000đ/lượng,35.710 x1000đ/lượng
Lịch sử giá vàng SJC ngày 21/10/2016,35.450 x1000đ/lượng,35.670 x1000đ/lượng
Lịch sử giá vàng SJC ngày 22/10/2016,35.470 x1000đ/lượng,35.700 x1000đ/lượng
Lịch sử giá vàng SJC ngày 23/10/2016,,
Lịch sử giá vàng SJC ngày 24/10/2016,35.470 x1000đ/lượng,35.700 x1000đ/lượng
Lịch sử giá vàng SJC ngày 25/10/2016,35.510 x1000đ/lượng,35.750 x1000đ/lượng
Lịch sử giá vàng SJC ngày 26/10/2016,35.550 x1000đ/lượng,35.780 x1000đ/lượng
Lịch sử giá vàng SJC ngày 27/10/2016,35.550 x1000đ/lượng,35.780 x1000đ/lượng
Lịch sử giá vàng SJC ngày 28/10/2016,35.550 x1000đ/lượng,35.780 x1000đ/lượng
Lịch sử giá vàng SJC ngày 29/10/2016,35.610 x1000đ/lượng,35.850 x1000đ/lượng
Lịch sử giá vàng SJC ngày 30/10/2016,,
Lịch sử giá vàng SJC ngày 31/10/2016,35.590 x1000đ/lượng,35.820 x1000đ/lượng
Lịch sử giá vàng SJC ngày 01/11/2016,35.720 x1000đ/lượng,35.950 x1000đ/lượng
Lịch sử giá vàng SJC ngày 02/11/2016,36.200 x1000đ/lượng,36.650 x1000đ/lượng
Lịch sử giá vàng SJC ngày 03/11/2016,35.900 x1000đ/lượng,36.400 x1000đ/lượng
Lịch sử giá vàng SJC ngày 04/11/2016,36.050 x1000đ/lượng,36.500 x1000đ/lượng
Lịch sử giá vàng SJC ngày 05/11/2016,36.050 x1000đ/lượng,36.550 x1000đ/lượng
Lịch sử giá vàng SJC ngày 06/11/2016,,
Lịch sử giá vàng SJC ngày 07/11/2016,35.900 x1000đ/lượng,36.300 x1000đ/lượng
Lịch sử giá vàng SJC ngày 08/11/2016,35.900 x1000đ/lượng,36.280 x1000đ/lượng
Lịch sử giá vàng SJC ngày 09/11/2016,36.450 x1000đ/lượng,37.100 x1000đ/lượng
Lịch sử giá vàng SJC ngày 10/11/2016,36.150 x1000đ/lượng,36.500 x1000đ/lượng
Lịch sử giá vàng SJC ngày 11/11/2016,35.880 x1000đ/lượng,36.150 x1000đ/lượng
Lịch sử giá vàng SJC ngày 12/11/2016,35.450 x1000đ/lượng,35.800 x1000đ/lượng
Lịch sử giá vàng SJC ngày 13/11/2016,,
Lịch sử giá vàng SJC ngày 14/11/2016,35.700 x1000đ/lượng,35.950 x1000đ/lượng
Lịch sử giá vàng SJC ngày 15/11/2016,35.750 x1000đ/lượng,36.000 x1000đ/lượng
Lịch sử giá vàng SJC ngày 16/11/2016,35.750 x1000đ/lượng,36.000 x1000đ/lượng
Lịch sử giá vàng SJC ngày 17/11/2016,35.730 x1000đ/lượng,35.960 x1000đ/lượng
Lịch sử giá vàng SJC ngày 18/11/2016,35.600 x1000đ/lượng,35.800 x1000đ/lượng
Lịch sử giá vàng SJC ngày 19/11/2016,35.650 x1000đ/lượng,35.850 x1000đ/lượng
Lịch sử giá vàng SJC ngày 20/11/2016,,
Lịch sử giá vàng SJC ngày 21/11/2016,35.670 x1000đ/lượng,35.850 x1000đ/lượng
Lịch sử giá vàng SJC ngày 22/11/2016,35.720 x1000đ/lượng,35.880 x1000đ/lượng
Lịch sử giá vàng SJC ngày 23/11/2016,35.660 x1000đ/lượng,35.820 x1000đ/lượng
Lịch sử giá vàng SJC ngày 24/11/2016,35.430 x1000đ/lượng,35.620 x1000đ/lượng
Lịch sử giá vàng SJC ngày 25/11/2016,35.450 x1000đ/lượng,35.630 x1000đ/lượng
Lịch sử giá vàng SJC ngày 26/11/2016,35.510 x1000đ/lượng,35.710 x1000đ/lượng
Lịch sử giá vàng SJC ngày 27/11/2016,,
Lịch sử giá vàng SJC ngày 28/11/2016,35.630 x1000đ/lượng,35.830 x1000đ/lượng
Lịch sử giá vàng SJC ngày 29/11/2016,35.590 x1000đ/lượng,35.790 x1000đ/lượng
Lịch sử giá vàng SJC ngày 30/11/2016,35.620 x1000đ/lượng,35.820 x1000đ/lượng
Lịch sử giá vàng SJC ngày 01/12/2016,35.620 x1000đ/lượng,35.820 x1000đ/lượng
Lịch sử giá vàng SJC ngày 02/12/2016,35.950 x1000đ/lượng,36.200 x1000đ/lượng
Lịch sử giá vàng SJC ngày 03/12/2016,36.000 x1000đ/lượng,36.300 x1000đ/lượng
Lịch sử giá vàng SJC ngày 04/12/2016,,
Lịch sử giá vàng SJC ngày 05/12/2016,36.100 x1000đ/lượng,36.350 x1000đ/lượng
Lịch sử giá vàng SJC ngày 06/12/2016,36.250 x1000đ/lượng,36.650 x1000đ/lượng
Lịch sử giá vàng SJC ngày 07/12/2016,36.050 x1000đ/lượng,36.450 x1000đ/lượng
Lịch sử giá vàng SJC ngày 08/12/2016,36.080 x1000đ/lượng,36.480 x1000đ/lượng
Lịch sử giá vàng SJC ngày 09/12/2016,35.900 x1000đ/lượng,36.300 x1000đ/lượng
Lịch sử giá vàng SJC ngày 10/12/2016,35.850 x1000đ/lượng,36.250 x1000đ/lượng
Lịch sử giá vàng SJC ngày 11/12/2016,,
Lịch sử giá vàng SJC ngày 12/12/2016,35.940 x1000đ/lượng,36.390 x1000đ/lượng
Lịch sử giá vàng SJC ngày 13/12/2016,36.000 x1000đ/lượng,36.500 x1000đ/lượng
Lịch sử giá vàng SJC ngày 14/12/2016,36.100 x1000đ/lượng,36.600 x1000đ/lượng
Lịch sử giá vàng SJC ngày 15/12/2016,35.600 x1000đ/lượng,36.200 x1000đ/lượng
Lịch sử giá vàng SJC ngày 16/12/2016,35.550 x1000đ/lượng,36.150 x1000đ/lượng
Lịch sử giá vàng SJC ngày 17/12/2016,35.700 x1000đ/lượng,36.300 x1000đ/lượng
Lịch sử giá vàng SJC ngày 18/12/2016,,
Lịch sử giá vàng SJC ngày 19/12/2016,35.850 x1000đ/lượng,36.500 x1000đ/lượng
Lịch sử giá vàng SJC ngày 20/12/2016,35.830 x1000đ/lượng,36.480 x1000đ/lượng
Lịch sử giá vàng SJC ngày 21/12/2016,35.850 x1000đ/lượng,36.500 x1000đ/lượng
Lịch sử giá vàng SJC ngày 22/12/2016,35.580 x1000đ/lượng,36.280 x1000đ/lượng
Lịch sử giá vàng SJC ngày 23/12/2016,35.620 x1000đ/lượng,36.320 x1000đ/lượng
Lịch sử giá vàng SJC ngày 24/12/2016,35.760 x1000đ/lượng,36.460 x1000đ/lượng
Lịch sử giá vàng SJC ngày 25/12/2016,,
Lịch sử giá vàng SJC ngày 26/12/2016,35.620 x1000đ/lượng,36.320 x1000đ/lượng
Lịch sử giá vàng SJC ngày 27/12/2016,35.750 x1000đ/lượng,36.450 x1000đ/lượng
Lịch sử giá vàng SJC ngày 28/12/2016,35.670 x1000đ/lượng,36.420 x1000đ/lượng
Lịch sử giá vàng SJC ngày 29/12/2016,35.600 x1000đ/lượng,36.400 x1000đ/lượng
Lịch sử giá vàng SJC ngày 30/12/2016,35.730 x1000đ/lượng,36.450 x1000đ/lượng
Lịch sử giá vàng SJC ngày 31/12/2016,35.000 x1000đ/lượng,36.100 x1000đ/lượng
Lịch sử giá vàng SJC ngày 01/01/2017,,
Lịch sử giá vàng SJC ngày 02/01/2017,,
Lịch sử giá vàng SJC ngày 03/01/2017,36.000 x1000đ/lượng,36.400 x1000đ/lượng
Lịch sử giá vàng SJC ngày 04/01/2017,36.220 x1000đ/lượng,36.520 x1000đ/lượng
Lịch sử giá vàng SJC ngày 05/01/2017,36.350 x1000đ/lượng,36.650 x1000đ/lượng
Lịch sử giá vàng SJC ngày 06/01/2017,36.270 x1000đ/lượng,36.570 x1000đ/lượng
Lịch sử giá vàng SJC ngày 07/01/2017,36.340 x1000đ/lượng,36.640 x1000đ/lượng
Lịch sử giá vàng SJC ngày 08/01/2017,,
Lịch sử giá vàng SJC ngày 09/01/2017,36.320 x1000đ/lượng,36.620 x1000đ/lượng
Lịch sử giá vàng SJC ngày 10/01/2017,36.310 x1000đ/lượng,36.610 x1000đ/lượng
Lịch sử giá vàng SJC ngày 11/01/2017,36.320 x1000đ/lượng,36.620 x1000đ/lượng
Lịch sử giá vàng SJC ngày 12/01/2017,36.470 x1000đ/lượng,36.770 x1000đ/lượng
Lịch sử giá vàng SJC ngày 13/01/2017,36.420 x1000đ/lượng,36.720 x1000đ/lượng
Lịch sử giá vàng SJC ngày 14/01/2017,36.430 x1000đ/lượng,36.730 x1000đ/lượng
Lịch sử giá vàng SJC ngày 15/01/2017,,
Lịch sử giá vàng SJC ngày 16/01/2017,36.450 x1000đ/lượng,36.750 x1000đ/lượng
Lịch sử giá vàng SJC ngày 17/01/2017,36.450 x1000đ/lượng,36.750 x1000đ/lượng
Lịch sử giá vàng SJC ngày 18/01/2017,36.470 x1000đ/lượng,36.770 x1000đ/lượng
Lịch sử giá vàng SJC ngày 19/01/2017,,
Lịch sử giá vàng SJC ngày 20/01/2017,,
Lịch sử giá vàng SJC ngày 21/01/2017,,
Lịch sử giá vàng SJC ngày 22/01/2017,,
Lịch sử giá vàng SJC ngày 23/01/2017,36.370 x1000đ/lượng,36.740 x1000đ/lượng
Lịch sử giá vàng SJC ngày 24/01/2017,36.520 x1000đ/lượng,36.920 x1000đ/lượng
Lịch sử giá vàng SJC ngày 25/01/2017,36.100 x1000đ/lượng,36.800 x1000đ/lượng
Lịch sử giá vàng SJC ngày 26/01/2017,,
Lịch sử giá vàng SJC ngày 27/01/2017,,
Lịch sử giá vàng SJC ngày 28/01/2017,,
Lịch sử giá vàng SJC ngày 29/01/2017,,
Lịch sử giá vàng SJC ngày 30/01/2017,,
Lịch sử giá vàng SJC ngày 31/01/2017,,
Lịch sử giá vàng SJC ngày 01/02/2017,,
Lịch sử giá vàng SJC ngày 02/02/2017,37.430 x1000đ/lượng,37.830 x1000đ/lượng
Lịch sử giá vàng SJC ngày 03/02/2017,37.230 x1000đ/lượng,37.630 x1000đ/lượng
Lịch sử giá vàng SJC ngày 04/02/2017,37.250 x1000đ/lượng,37.650 x1000đ/lượng
Lịch sử giá vàng SJC ngày 05/02/2017,,
Lịch sử giá vàng SJC ngày 06/02/2017,36.550 x1000đ/lượng,37.350 x1000đ/lượng
Lịch sử giá vàng SJC ngày 07/02/2017,36.600 x1000đ/lượng,36.950 x1000đ/lượng
Lịch sử giá vàng SJC ngày 08/02/2017,36.770 x1000đ/lượng,37.070 x1000đ/lượng
Lịch sử giá vàng SJC ngày 09/02/2017,36.970 x1000đ/lượng,37.270 x1000đ/lượng
Lịch sử giá vàng SJC ngày 10/02/2017,36.720 x1000đ/lượng,37.020 x1000đ/lượng
Lịch sử giá vàng SJC ngày 11/02/2017,36.800 x1000đ/lượng,37.100 x1000đ/lượng
Lịch sử giá vàng SJC ngày 12/02/2017,,
Lịch sử giá vàng SJC ngày 13/02/2017,36.640 x1000đ/lượng,36.940 x1000đ/lượng
Lịch sử giá vàng SJC ngày 14/02/2017,36.660 x1000đ/lượng,36.960 x1000đ/lượng
Lịch sử giá vàng SJC ngày 15/02/2017,36.670 x1000đ/lượng,36.970 x1000đ/lượng
Lịch sử giá vàng SJC ngày 16/02/2017,36.770 x1000đ/lượng,37.070 x1000đ/lượng
Lịch sử giá vàng SJC ngày 17/02/2017,36.750 x1000đ/lượng,37.050 x1000đ/lượng
Lịch sử giá vàng SJC ngày 18/02/2017,36.690 x1000đ/lượng,36.990 x1000đ/lượng
Lịch sử giá vàng SJC ngày 19/02/2017,,
Lịch sử giá vàng SJC ngày 20/02/2017,36.700 x1000đ/lượng,36.970 x1000đ/lượng
Lịch sử giá vàng SJC ngày 21/02/2017,36.630 x1000đ/lượng,36.930 x1000đ/lượng
Lịch sử giá vàng SJC ngày 22/02/2017,36.680 x1000đ/lượng,36.950 x1000đ/lượng
Lịch sử giá vàng SJC ngày 23/02/2017,36.650 x1000đ/lượng,36.920 x1000đ/lượng
Lịch sử giá vàng SJC ngày 24/02/2017,36.750 x1000đ/lượng,37.030 x1000đ/lượng
Lịch sử giá vàng SJC ngày 25/02/2017,36.720 x1000đ/lượng,37.020 x1000đ/lượng
Lịch sử giá vàng SJC ngày 26/02/2017,,
Lịch sử giá vàng SJC ngày 27/02/2017,36.680 x1000đ/lượng,36.950 x1000đ/lượng
Lịch sử giá vàng SJC ngày 28/02/2017,36.650 x1000đ/lượng,36.910 x1000đ/lượng
Lịch sử giá vàng SJC ngày 01/03/2017,36.630 x1000đ/lượng,36.900 x1000đ/lượng
Lịch sử giá vàng SJC ngày 02/03/2017,36.650 x1000đ/lượng,36.920 x1000đ/lượng
Lịch sử giá vàng SJC ngày 03/03/2017,36.570 x1000đ/lượng,36.820 x1000đ/lượng
Lịch sử giá vàng SJC ngày 04/03/2017,36.630 x1000đ/lượng,36.880 x1000đ/lượng
Lịch sử giá vàng SJC ngày 05/03/2017,,
Lịch sử giá vàng SJC ngày 06/03/2017,36.560 x1000đ/lượng,36.810 x1000đ/lượng
Lịch sử giá vàng SJC ngày 07/03/2017,36.470 x1000đ/lượng,36.740 x1000đ/lượng
Lịch sử giá vàng SJC ngày 08/03/2017,36.400 x1000đ/lượng,36.640 x1000đ/lượng
Lịch sử giá vàng SJC ngày 09/03/2017,36.360 x1000đ/lượng,36.610 x1000đ/lượng
Lịch sử giá vàng SJC ngày 10/03/2017,36.330 x1000đ/lượng,36.580 x1000đ/lượng
Lịch sử giá vàng SJC ngày 11/03/2017,36.400 x1000đ/lượng,36.650 x1000đ/lượng
Lịch sử giá vàng SJC ngày 12/03/2017,,
Lịch sử giá vàng SJC ngày 13/03/2017,36.430 x1000đ/lượng,36.680 x1000đ/lượng
Lịch sử giá vàng SJC ngày 14/03/2017,36.400 x1000đ/lượng,36.650 x1000đ/lượng
Lịch sử giá vàng SJC ngày 15/03/2017,36.420 x1000đ/lượng,36.670 x1000đ/lượng
Lịch sử giá vàng SJC ngày 16/03/2017,36.550 x1000đ/lượng,36.800 x1000đ/lượng
Lịch sử giá vàng SJC ngày 17/03/2017,36.520 x1000đ/lượng,36.770 x1000đ/lượng
Lịch sử giá vàng SJC ngày 18/03/2017,36.510 x1000đ/lượng,36.760 x1000đ/lượng
Lịch sử giá vàng SJC ngày 19/03/2017,,
Lịch sử giá vàng SJC ngày 20/03/2017,36.490 x1000đ/lượng,36.740 x1000đ/lượng
Lịch sử giá vàng SJC ngày 21/03/2017,36.450 x1000đ/lượng,36.650 x1000đ/lượng
Lịch sử giá vàng SJC ngày 22/03/2017,36.520 x1000đ/lượng,36.720 x1000đ/lượng
Lịch sử giá vàng SJC ngày 23/03/2017,36.450 x1000đ/lượng,36.650 x1000đ/lượng
Lịch sử giá vàng SJC ngày 24/03/2017,36.430 x1000đ/lượng,36.630 x1000đ/lượng
Lịch sử giá vàng SJC ngày 25/03/2017,36.460 x1000đ/lượng,36.660 x1000đ/lượng
Lịch sử giá vàng SJC ngày 26/03/2017,,
Lịch sử giá vàng SJC ngày 27/03/2017,36.450 x1000đ/lượng,36.650 x1000đ/lượng
Lịch sử giá vàng SJC ngày 28/03/2017,36.440 x1000đ/lượng,36.640 x1000đ/lượng
Lịch sử giá vàng SJC ngày 29/03/2017,36.440 x1000đ/lượng,36.640 x1000đ/lượng
Lịch sử giá vàng SJC ngày 30/03/2017,36.400 x1000đ/lượng,36.600 x1000đ/lượng
Lịch sử giá vàng SJC ngày 31/03/2017,36.340 x1000đ/lượng,36.540 x1000đ/lượng
Lịch sử giá vàng SJC ngày 01/04/2017,36.350 x1000đ/lượng,36.550 x1000đ/lượng
Lịch sử giá vàng SJC ngày 02/04/2017,,
Lịch sử giá vàng SJC ngày 03/04/2017,36.320 x1000đ/lượng,36.520 x1000đ/lượng
Lịch sử giá vàng SJC ngày 04/04/2017,36.380 x1000đ/lượng,36.580 x1000đ/lượng
Lịch sử giá vàng SJC ngày 05/04/2017,36.340 x1000đ/lượng,36.540 x1000đ/lượng
Lịch sử giá vàng SJC ngày 06/04/2017,,
Lịch sử giá vàng SJC ngày 07/04/2017,36.400 x1000đ/lượng,36.600 x1000đ/lượng
Lịch sử giá vàng SJC ngày 08/04/2017,36.400 x1000đ/lượng,36.600 x1000đ/lượng
Lịch sử giá vàng SJC ngày 09/04/2017,,
Lịch sử giá vàng SJC ngày 10/04/2017,36.400 x1000đ/lượng,36.600 x1000đ/lượng
Lịch sử giá vàng SJC ngày 11/04/2017,36.400 x1000đ/lượng,36.600 x1000đ/lượng
Lịch sử giá vàng SJC ngày 12/04/2017,36.520 x1000đ/lượng,36.720 x1000đ/lượng
Lịch sử giá vàng SJC ngày 13/04/2017,36.690 x1000đ/lượng,36.890 x1000đ/lượng
Lịch sử giá vàng SJC ngày 14/04/2017,36.840 x1000đ/lượng,37.040 x1000đ/lượng
Lịch sử giá vàng SJC ngày 15/04/2017,,
Lịch sử giá vàng SJC ngày 16/04/2017,,
Lịch sử giá vàng SJC ngày 17/04/2017,,
Lịch sử giá vàng SJC ngày 18/04/2017,36.630 x1000đ/lượng,36.880 x1000đ/lượng
Lịch sử giá vàng SJC ngày 19/04/2017,36.570 x1000đ/lượng,36.800 x1000đ/lượng
Lịch sử giá vàng SJC ngày 20/04/2017,36.540 x1000đ/lượng,36.760 x1000đ/lượng
Lịch sử giá vàng SJC ngày 21/04/2017,36.650 x1000đ/lượng,36.850 x1000đ/lượng
Lịch sử giá vàng SJC ngày 22/04/2017,36.650 x1000đ/lượng,36.880 x1000đ/lượng
Lịch sử giá vàng SJC ngày 23/04/2017,,
Lịch sử giá vàng SJC ngày 24/04/2017,36.560 x1000đ/lượng,36.760 x1000đ/lượng
Lịch sử giá vàng SJC ngày 25/04/2017,36.530 x1000đ/lượng,36.730 x1000đ/lượng
Lịch sử giá vàng SJC ngày 26/04/2017,36.530 x1000đ/lượng,36.730 x1000đ/lượng
Lịch sử giá vàng SJC ngày 27/04/2017,36.530 x1000đ/lượng,36.730 x1000đ/lượng
Lịch sử giá vàng SJC ngày 28/04/2017,36.650 x1000đ/lượng,36.850 x1000đ/lượng
Lịch sử giá vàng SJC ngày 29/04/2017,36.630 x1000đ/lượng,36.880 x1000đ/lượng
Lịch sử giá vàng SJC ngày 30/04/2017,,
Lịch sử giá vàng SJC ngày 01/05/2017,,
Lịch sử giá vàng SJC ngày 02/05/2017,36.630 x1000đ/lượng,36.880 x1000đ/lượng
Lịch sử giá vàng SJC ngày 03/05/2017,36.520 x1000đ/lượng,36.720 x1000đ/lượng
Lịch sử giá vàng SJC ngày 04/05/2017,36.310 x1000đ/lượng,36.540 x1000đ/lượng
Lịch sử giá vàng SJC ngày 05/05/2017,36.430 x1000đ/lượng,36.650 x1000đ/lượng
Lịch sử giá vàng SJC ngày 06/05/2017,36.300 x1000đ/lượng,36.630 x1000đ/lượng
Lịch sử giá vàng SJC ngày 07/05/2017,,
Lịch sử giá vàng SJC ngày 08/05/2017,36.420 x1000đ/lượng,36.620 x1000đ/lượng
Lịch sử giá vàng SJC ngày 09/05/2017,36.400 x1000đ/lượng,36.600 x1000đ/lượng
Lịch sử giá vàng SJC ngày 10/05/2017,36.340 x1000đ/lượng,36.540 x1000đ/lượng
Lịch sử giá vàng SJC ngày 11/05/2017,36.330 x1000đ/lượng,36.530 x1000đ/lượng
Lịch sử giá vàng SJC ngày 12/05/2017,36.400 x1000đ/lượng,36.600 x1000đ/lượng
Lịch sử giá vàng SJC ngày 13/05/2017,36.400 x1000đ/lượng,36.620 x1000đ/lượng
Lịch sử giá vàng SJC ngày 14/05/2017,,
Lịch sử giá vàng SJC ngày 15/05/2017,36.420 x1000đ/lượng,36.620 x1000đ/lượng
Lịch sử giá vàng SJC ngày 16/05/2017,36.400 x1000đ/lượng,36.600 x1000đ/lượng
Lịch sử giá vàng SJC ngày 17/05/2017,36.430 x1000đ/lượng,36.630 x1000đ/lượng
Lịch sử giá vàng SJC ngày 18/05/2017,36.500 x1000đ/lượng,36.700 x1000đ/lượng
Lịch sử giá vàng SJC ngày 19/05/2017,,
Lịch sử giá vàng SJC ngày 20/05/2017,36.430 x1000đ/lượng,36.630 x1000đ/lượng
Lịch sử giá vàng SJC ngày 21/05/2017,,
Lịch sử giá vàng SJC ngày 22/05/2017,36.400 x1000đ/lượng,36.600 x1000đ/lượng
Lịch sử giá vàng SJC ngày 23/05/2017,36.380 x1000đ/lượng,36.580 x1000đ/lượng
Lịch sử giá vàng SJC ngày 24/05/2017,36.310 x1000đ/lượng,36.510 x1000đ/lượng
Lịch sử giá vàng SJC ngày 25/05/2017,36.340 x1000đ/lượng,36.540 x1000đ/lượng
Lịch sử giá vàng SJC ngày 26/05/2017,36.380 x1000đ/lượng,36.580 x1000đ/lượng
Lịch sử giá vàng SJC ngày 27/05/2017,36.380 x1000đ/lượng,36.600 x1000đ/lượng
Lịch sử giá vàng SJC ngày 28/05/2017,,
Lịch sử giá vàng SJC ngày 29/05/2017,36.330 x1000đ/lượng,36.530 x1000đ/lượng
Lịch sử giá vàng SJC ngày 30/05/2017,36.280 x1000đ/lượng,36.480 x1000đ/lượng
Lịch sử giá vàng SJC ngày 31/05/2017,36.200 x1000đ/lượng,36.400 x1000đ/lượng
Lịch sử giá vàng SJC ngày 01/06/2017,36.230 x1000đ/lượng,36.430 x1000đ/lượng
Lịch sử giá vàng SJC ngày 02/06/2017,36.220 x1000đ/lượng,36.420 x1000đ/lượng
Lịch sử giá vàng SJC ngày 03/06/2017,36.320 x1000đ/lượng,36.540 x1000đ/lượng
Lịch sử giá vàng SJC ngày 04/06/2017,,
Lịch sử giá vàng SJC ngày 05/06/2017,36.330 x1000đ/lượng,36.530 x1000đ/lượng
Lịch sử giá vàng SJC ngày 06/06/2017,36.350 x1000đ/lượng,36.550 x1000đ/lượng
Lịch sử giá vàng SJC ngày 07/06/2017,36.390 x1000đ/lượng,36.590 x1000đ/lượng
Lịch sử giá vàng SJC ngày 08/06/2017,36.340 x1000đ/lượng,36.540 x1000đ/lượng
Lịch sử giá vàng SJC ngày 09/06/2017,36.270 x1000đ/lượng,36.470 x1000đ/lượng
Lịch sử giá vàng SJC ngày 10/06/2017,36.220 x1000đ/lượng,36.440 x1000đ/lượng
Lịch sử giá vàng SJC ngày 11/06/2017,,
Lịch sử giá vàng SJC ngày 12/06/2017,36.240 x1000đ/lượng,36.440 x1000đ/lượng
Lịch sử giá vàng SJC ngày 13/06/2017,36.200 x1000đ/lượng,36.400 x1000đ/lượng
Lịch sử giá vàng SJC ngày 14/06/2017,36.240 x1000đ/lượng,36.440 x1000đ/lượng
Lịch sử giá vàng SJC ngày 15/06/2017,36.230 x1000đ/lượng,36.430 x1000đ/lượng
Lịch sử giá vàng SJC ngày 16/06/2017,36.160 x1000đ/lượng,36.360 x1000đ/lượng
Lịch sử giá vàng SJC ngày 17/06/2017,,
Lịch sử giá vàng SJC ngày 18/06/2017,,
Lịch sử giá vàng SJC ngày 19/06/2017,36.150 x1000đ/lượng,36.350 x1000đ/lượng
Lịch sử giá vàng SJC ngày 20/06/2017,36.140 x1000đ/lượng,36.340 x1000đ/lượng
Lịch sử giá vàng SJC ngày 21/06/2017,36.130 x1000đ/lượng,36.330 x1000đ/lượng
Lịch sử giá vàng SJC ngày 22/06/2017,36.170 x1000đ/lượng,36.370 x1000đ/lượng
Lịch sử giá vàng SJC ngày 23/06/2017,36.270 x1000đ/lượng,36.470 x1000đ/lượng
Lịch sử giá vàng SJC ngày 24/06/2017,36.270 x1000đ/lượng,36.470 x1000đ/lượng
Lịch sử giá vàng SJC ngày 25/06/2017,,
Lịch sử giá vàng SJC ngày 26/06/2017,36.150 x1000đ/lượng,36.350 x1000đ/lượng
Lịch sử giá vàng SJC ngày 27/06/2017,36.180 x1000đ/lượng,36.380 x1000đ/lượng
Lịch sử giá vàng SJC ngày 28/06/2017,36.190 x1000đ/lượng,36.390 x1000đ/lượng
Lịch sử giá vàng SJC ngày 29/06/2017,36.160 x1000đ/lượng,36.360 x1000đ/lượng
Lịch sử giá vàng SJC ngày 30/06/2017,36.170 x1000đ/lượng,36.370 x1000đ/lượng
Lịch sử giá vàng SJC ngày 01/07/2017,36.180 x1000đ/lượng,36.380 x1000đ/lượng
Lịch sử giá vàng SJC ngày 02/07/2017,,
Lịch sử giá vàng SJC ngày 03/07/2017,36.110 x1000đ/lượng,36.310 x1000đ/lượng
Lịch sử giá vàng SJC ngày 04/07/2017,36.030 x1000đ/lượng,36.250 x1000đ/lượng
Lịch sử giá vàng SJC ngày 05/07/2017,36.070 x1000đ/lượng,36.290 x1000đ/lượng
Lịch sử giá vàng SJC ngày 06/07/2017,36.070 x1000đ/lượng,36.290 x1000đ/lượng
Lịch sử giá vàng SJC ngày 07/07/2017,36.070 x1000đ/lượng,36.290 x1000đ/lượng
Lịch sử giá vàng SJC ngày 08/07/2017,36.040 x1000đ/lượng,36.270 x1000đ/lượng
Lịch sử giá vàng SJC ngày 09/07/2017,,
Lịch sử giá vàng SJC ngày 10/07/2017,36.020 x1000đ/lượng,36.240 x1000đ/lượng
Lịch sử giá vàng SJC ngày 11/07/2017,36.040 x1000đ/lượng,36.260 x1000đ/lượng
Lịch sử giá vàng SJC ngày 12/07/2017,36.100 x1000đ/lượng,36.320 x1000đ/lượng
Lịch sử giá vàng SJC ngày 13/07/2017,36.160 x1000đ/lượng,36.360 x1000đ/lượng
Lịch sử giá vàng SJC ngày 14/07/2017,36.120 x1000đ/lượng,36.340 x1000đ/lượng
Lịch sử giá vàng SJC ngày 15/07/2017,36.170 x1000đ/lượng,36.400 x1000đ/lượng
Lịch sử giá vàng SJC ngày 16/07/2017,,
Lịch sử giá vàng SJC ngày 17/07/2017,36.190 x1000đ/lượng,36.410 x1000đ/lượng
Lịch sử giá vàng SJC ngày 18/07/2017,36.190 x1000đ/lượng,36.410 x1000đ/lượng
Lịch sử giá vàng SJC ngày 19/07/2017,36.180 x1000đ/lượng,36.380 x1000đ/lượng
Lịch sử giá vàng SJC ngày 20/07/2017,36.160 x1000đ/lượng,36.360 x1000đ/lượng
Lịch sử giá vàng SJC ngày 21/07/2017,36.200 x1000đ/lượng,36.400 x1000đ/lượng
Lịch sử giá vàng SJC ngày 22/07/2017,36.230 x1000đ/lượng,36.430 x1000đ/lượng
Lịch sử giá vàng SJC ngày 23/07/2017,,
Lịch sử giá vàng SJC ngày 24/07/2017,36.190 x1000đ/lượng,36.390 x1000đ/lượng
Lịch sử giá vàng SJC ngày 25/07/2017,36.130 x1000đ/lượng,36.330 x1000đ/lượng
Lịch sử giá vàng SJC ngày 26/07/2017,36.060 x1000đ/lượng,36.260 x1000đ/lượng
Lịch sử giá vàng SJC ngày 27/07/2017,36.150 x1000đ/lượng,36.350 x1000đ/lượng
Lịch sử giá vàng SJC ngày 28/07/2017,36.100 x1000đ/lượng,36.300 x1000đ/lượng
Lịch sử giá vàng SJC ngày 29/07/2017,36.160 x1000đ/lượng,36.360 x1000đ/lượng
Lịch sử giá vàng SJC ngày 30/07/2017,,
Lịch sử giá vàng SJC ngày 31/07/2017,36.130 x1000đ/lượng,36.330 x1000đ/lượng
Lịch sử giá vàng SJC ngày 01/08/2017,36.120 x1000đ/lượng,36.320 x1000đ/lượng
Lịch sử giá vàng SJC ngày 02/08/2017,36.120 x1000đ/lượng,36.320 x1000đ/lượng
Lịch sử giá vàng SJC ngày 03/08/2017,36.150 x1000đ/lượng,36.350 x1000đ/lượng
Lịch sử giá vàng SJC ngày 04/08/2017,36.200 x1000đ/lượng,36.400 x1000đ/lượng
Lịch sử giá vàng SJC ngày 05/08/2017,36.150 x1000đ/lượng,36.350 x1000đ/lượng
Lịch sử giá vàng SJC ngày 06/08/2017,,
Lịch sử giá vàng SJC ngày 07/08/2017,36.160 x1000đ/lượng,36.360 x1000đ/lượng
Lịch sử giá vàng SJC ngày 08/08/2017,36.100 x1000đ/lượng,36.300 x1000đ/lượng
Lịch sử giá vàng SJC ngày 09/08/2017,36.120 x1000đ/lượng,36.320 x1000đ/lượng
Lịch sử giá vàng SJC ngày 10/08/2017,36.240 x1000đ/lượng,36.440 x1000đ/lượng
Lịch sử giá vàng SJC ngày 11/08/2017,36.330 x1000đ/lượng,36.530 x1000đ/lượng
Lịch sử giá vàng SJC ngày 12/08/2017,36.350 x1000đ/lượng,36.550 x1000đ/lượng
Lịch sử giá vàng SJC ngày 13/08/2017,,
Lịch sử giá vàng SJC ngày 14/08/2017,36.280 x1000đ/lượng,36.480 x1000đ/lượng
Lịch sử giá vàng SJC ngày 15/08/2017,36.190 x1000đ/lượng,36.390 x1000đ/lượng
Lịch sử giá vàng SJC ngày 16/08/2017,36.130 x1000đ/lượng,36.330 x1000đ/lượng
Lịch sử giá vàng SJC ngày 17/08/2017,36.250 x1000đ/lượng,36.450 x1000đ/lượng
Lịch sử giá vàng SJC ngày 18/08/2017,36.320 x1000đ/lượng,36.520 x1000đ/lượng
Lịch sử giá vàng SJC ngày 19/08/2017,36.300 x1000đ/lượng,36.500 x1000đ/lượng
Lịch sử giá vàng SJC ngày 20/08/2017,,
Lịch sử giá vàng SJC ngày 21/08/2017,36.280 x1000đ/lượng,36.480 x1000đ/lượng
Lịch sử giá vàng SJC ngày 22/08/2017,36.250 x1000đ/lượng,36.450 x1000đ/lượng
Lịch sử giá vàng SJC ngày 23/08/2017,36.230 x1000đ/lượng,36.430 x1000đ/lượng
Lịch sử giá vàng SJC ngày 24/08/2017,36.220 x1000đ/lượng,36.420 x1000đ/lượng
Lịch sử giá vàng SJC ngày 25/08/2017,36.250 x1000đ/lượng,36.450 x1000đ/lượng
Lịch sử giá vàng SJC ngày 26/08/2017,36.280 x1000đ/lượng,36.480 x1000đ/lượng
Lịch sử giá vàng SJC ngày 27/08/2017,,
Lịch sử giá vàng SJC ngày 28/08/2017,36.300 x1000đ/lượng,36.500 x1000đ/lượng
Lịch sử giá vàng SJC ngày 29/08/2017,36.530 x1000đ/lượng,36.730 x1000đ/lượng
Lịch sử giá vàng SJC ngày 30/08/2017,36.390 x1000đ/lượng,36.590 x1000đ/lượng
Lịch sử giá vàng SJC ngày 31/08/2017,36.360 x1000đ/lượng,36.560 x1000đ/lượng
Lịch sử giá vàng SJC ngày 01/09/2017,36.450 x1000đ/lượng,36.650 x1000đ/lượng
Lịch sử giá vàng SJC ngày 02/09/2017,36.450 x1000đ/lượng,36.650 x1000đ/lượng
Lịch sử giá vàng SJC ngày 03/09/2017,,
Lịch sử giá vàng SJC ngày 04/09/2017,36.600 x1000đ/lượng,36.850 x1000đ/lượng
Lịch sử giá vàng SJC ngày 05/09/2017,36.580 x1000đ/lượng,36.780 x1000đ/lượng
Lịch sử giá vàng SJC ngày 06/09/2017,36.850 x1000đ/lượng,37.050 x1000đ/lượng
Lịch sử giá vàng SJC ngày 07/09/2017,36.850 x1000đ/lượng,37.050 x1000đ/lượng
Lịch sử giá vàng SJC ngày 08/09/2017,37.060 x1000đ/lượng,37.280 x1000đ/lượng
Lịch sử giá vàng SJC ngày 09/09/2017,36.940 x1000đ/lượng,37.160 x1000đ/lượng
Lịch sử giá vàng SJC ngày 10/09/2017,,
Lịch sử giá vàng SJC ngày 11/09/2017,36.780 x1000đ/lượng,36.980 x1000đ/lượng
Lịch sử giá vàng SJC ngày 12/09/2017,36.540 x1000đ/lượng,36.740 x1000đ/lượng
Lịch sử giá vàng SJC ngày 13/09/2017,36.580 x1000đ/lượng,36.780 x1000đ/lượng
Lịch sử giá vàng SJC ngày 14/09/2017,36.500 x1000đ/lượng,36.700 x1000đ/lượng
Lịch sử giá vàng SJC ngày 15/09/2017,36.650 x1000đ/lượng,36.850 x1000đ/lượng
Lịch sử giá vàng SJC ngày 16/09/2017,36.600 x1000đ/lượng,36.800 x1000đ/lượng
Lịch sử giá vàng SJC ngày 17/09/2017,,
Lịch sử giá vàng SJC ngày 18/09/2017,36.600 x1000đ/lượng,36.800 x1000đ/lượng
Lịch sử giá vàng SJC ngày 19/09/2017,36.560 x1000đ/lượng,36.760 x1000đ/lượng
Lịch sử giá vàng SJC ngày 20/09/2017,36.600 x1000đ/lượng,36.800 x1000đ/lượng
Lịch sử giá vàng SJC ngày 21/09/2017,36.480 x1000đ/lượng,36.680 x1000đ/lượng
Lịch sử giá vàng SJC ngày 22/09/2017,36.500 x1000đ/lượng,36.700 x1000đ/lượng
Lịch sử giá vàng SJC ngày 23/09/2017,36.530 x1000đ/lượng,36.730 x1000đ/lượng
Lịch sử giá vàng SJC ngày 24/09/2017,,
Lịch sử giá vàng SJC ngày 25/09/2017,36.500 x1000đ/lượng,36.700 x1000đ/lượng
Lịch sử giá vàng SJC ngày 26/09/2017,36.520 x1000đ/lượng,36.720 x1000đ/lượng
Lịch sử giá vàng SJC ngày 27/09/2017,36.400 x1000đ/lượng,36.600 x1000đ/lượng
Lịch sử giá vàng SJC ngày 28/09/2017,36.350 x1000đ/lượng,36.550 x1000đ/lượng
Lịch sử giá vàng SJC ngày 29/09/2017,36.450 x1000đ/lượng,36.650 x1000đ/lượng
Lịch sử giá vàng SJC ngày 30/09/2017,36.400 x1000đ/lượng,36.600 x1000đ/lượng
Lịch sử giá vàng SJC ngày 01/10/2017,,
Lịch sử giá vàng SJC ngày 02/10/2017,36.300 x1000đ/lượng,36.500 x1000đ/lượng
Lịch sử giá vàng SJC ngày 03/10/2017,36.250 x1000đ/lượng,36.450 x1000đ/lượng
Lịch sử giá vàng SJC ngày 04/10/2017,36.360 x1000đ/lượng,36.560 x1000đ/lượng
Lịch sử giá vàng SJC ngày 05/10/2017,36.400 x1000đ/lượng,36.600 x1000đ/lượng
Lịch sử giá vàng SJC ngày 06/10/2017,36.370 x1000đ/lượng,36.570 x1000đ/lượng
Lịch sử giá vàng SJC ngày 07/10/2017,36.410 x1000đ/lượng,36.610 x1000đ/lượng
Lịch sử giá vàng SJC ngày 08/10/2017,,
Lịch sử giá vàng SJC ngày 09/10/2017,36.410 x1000đ/lượng,36.610 x1000đ/lượng
Lịch sử giá vàng SJC ngày 10/10/2017,36.440 x1000đ/lượng,36.640 x1000đ/lượng
Lịch sử giá vàng SJC ngày 11/10/2017,36.430 x1000đ/lượng,36.630 x1000đ/lượng
Lịch sử giá vàng SJC ngày 12/10/2017,36.490 x1000đ/lượng,36.690 x1000đ/lượng
Lịch sử giá vàng SJC ngày 13/10/2017,36.460 x1000đ/lượng,36.660 x1000đ/lượng
Lịch sử giá vàng SJC ngày 14/10/2017,36.530 x1000đ/lượng,36.730 x1000đ/lượng
Lịch sử giá vàng SJC ngày 15/10/2017,,
Lịch sử giá vàng SJC ngày 16/10/2017,36.500 x1000đ/lượng,36.700 x1000đ/lượng
Lịch sử giá vàng SJC ngày 17/10/2017,36.350 x1000đ/lượng,36.550 x1000đ/lượng
Lịch sử giá vàng SJC ngày 18/10/2017,36.320 x1000đ/lượng,36.520 x1000đ/lượng
Lịch sử giá vàng SJC ngày 19/10/2017,36.320 x1000đ/lượng,36.520 x1000đ/lượng
Lịch sử giá vàng SJC ngày 20/10/2017,36.320 x1000đ/lượng,36.520 x1000đ/lượng
Lịch sử giá vàng SJC ngày 21/10/2017,36.340 x1000đ/lượng,36.540 x1000đ/lượng
Lịch sử giá vàng SJC ngày 22/10/2017,,
Lịch sử giá vàng SJC ngày 23/10/2017,36.330 x1000đ/lượng,36.530 x1000đ/lượng
Lịch sử giá vàng SJC ngày 24/10/2017,36.300 x1000đ/lượng,36.500 x1000đ/lượng
Lịch sử giá vàng SJC ngày 25/10/2017,36.270 x1000đ/lượng,36.470 x1000đ/lượng
Lịch sử giá vàng SJC ngày 26/10/2017,36.270 x1000đ/lượng,36.470 x1000đ/lượng
Lịch sử giá vàng SJC ngày 27/10/2017,36.290 x1000đ/lượng,36.490 x1000đ/lượng
Lịch sử giá vàng SJC ngày 28/10/2017,36.340 x1000đ/lượng,36.540 x1000đ/lượng
Lịch sử giá vàng SJC ngày 29/10/2017,,
Lịch sử giá vàng SJC ngày 30/10/2017,36.300 x1000đ/lượng,36.500 x1000đ/lượng
Lịch sử giá vàng SJC ngày 31/10/2017,36.380 x1000đ/lượng,36.580 x1000đ/lượng
Lịch sử giá vàng SJC ngày 01/11/2017,36.420 x1000đ/lượng,36.620 x1000đ/lượng
Lịch sử giá vàng SJC ngày 02/11/2017,36.420 x1000đ/lượng,36.620 x1000đ/lượng
Lịch sử giá vàng SJC ngày 03/11/2017,36.400 x1000đ/lượng,36.600 x1000đ/lượng
Lịch sử giá vàng SJC ngày 04/11/2017,36.380 x1000đ/lượng,36.580 x1000đ/lượng
Lịch sử giá vàng SJC ngày 05/11/2017,,
Lịch sử giá vàng SJC ngày 06/11/2017,36.420 x1000đ/lượng,36.620 x1000đ/lượng
Lịch sử giá vàng SJC ngày 07/11/2017,36.430 x1000đ/lượng,36.630 x1000đ/lượng
Lịch sử giá vàng SJC ngày 08/11/2017,36.440 x1000đ/lượng,36.640 x1000đ/lượng
Lịch sử giá vàng SJC ngày 09/11/2017,36.450 x1000đ/lượng,36.650 x1000đ/lượng
Lịch sử giá vàng SJC ngày 10/11/2017,36.420 x1000đ/lượng,36.620 x1000đ/lượng
Lịch sử giá vàng SJC ngày 11/11/2017,36.410 x1000đ/lượng,36.610 x1000đ/lượng
Lịch sử giá vàng SJC ngày 12/11/2017,,
Lịch sử giá vàng SJC ngày 13/11/2017,36.420 x1000đ/lượng,36.620 x1000đ/lượng
Lịch sử giá vàng SJC ngày 14/11/2017,36.350 x1000đ/lượng,36.550 x1000đ/lượng
Lịch sử giá vàng SJC ngày 15/11/2017,36.420 x1000đ/lượng,36.620 x1000đ/lượng
Lịch sử giá vàng SJC ngày 16/11/2017,36.360 x1000đ/lượng,36.560 x1000đ/lượng
Lịch sử giá vàng SJC ngày 17/11/2017,36.350 x1000đ/lượng,36.550 x1000đ/lượng
Lịch sử giá vàng SJC ngày 18/11/2017,36.430 x1000đ/lượng,36.630 x1000đ/lượng
Lịch sử giá vàng SJC ngày 19/11/2017,,
Lịch sử giá vàng SJC ngày 20/11/2017,36.370 x1000đ/lượng,36.570 x1000đ/lượng
Lịch sử giá vàng SJC ngày 21/11/2017,36.400 x1000đ/lượng,36.600 x1000đ/lượng
Lịch sử giá vàng SJC ngày 22/11/2017,36.420 x1000đ/lượng,36.620 x1000đ/lượng
Lịch sử giá vàng SJC ngày 23/11/2017,36.400 x1000đ/lượng,36.600 x1000đ/lượng
Lịch sử giá vàng SJC ngày 24/11/2017,36.400 x1000đ/lượng,36.600 x1000đ/lượng
Lịch sử giá vàng SJC ngày 25/11/2017,36.400 x1000đ/lượng,36.600 x1000đ/lượng
Lịch sử giá vàng SJC ngày 26/11/2017,,
Lịch sử giá vàng SJC ngày 27/11/2017,36.400 x1000đ/lượng,36.600 x1000đ/lượng
Lịch sử giá vàng SJC ngày 28/11/2017,36.380 x1000đ/lượng,36.580 x1000đ/lượng
Lịch sử giá vàng SJC ngày 29/11/2017,36.400 x1000đ/lượng,36.600 x1000đ/lượng
Lịch sử giá vàng SJC ngày 30/11/2017,36.310 x1000đ/lượng,36.510 x1000đ/lượng
Lịch sử giá vàng SJC ngày 01/12/2017,36.330 x1000đ/lượng,36.530 x1000đ/lượng
Lịch sử giá vàng SJC ngày 02/12/2017,36.360 x1000đ/lượng,36.560 x1000đ/lượng
Lịch sử giá vàng SJC ngày 03/12/2017,,
Lịch sử giá vàng SJC ngày 04/12/2017,36.340 x1000đ/lượng,36.540 x1000đ/lượng
Lịch sử giá vàng SJC ngày 05/12/2017,36.320 x1000đ/lượng,36.520 x1000đ/lượng
Lịch sử giá vàng SJC ngày 06/12/2017,36.320 x1000đ/lượng,36.520 x1000đ/lượng
Lịch sử giá vàng SJC ngày 07/12/2017,36.250 x1000đ/lượng,36.450 x1000đ/lượng
Lịch sử giá vàng SJC ngày 08/12/2017,36.180 x1000đ/lượng,36.380 x1000đ/lượng
Lịch sử giá vàng SJC ngày 09/12/2017,36.200 x1000đ/lượng,36.400 x1000đ/lượng
Lịch sử giá vàng SJC ngày 10/12/2017,,
Lịch sử giá vàng SJC ngày 11/12/2017,36.270 x1000đ/lượng,36.470 x1000đ/lượng
Lịch sử giá vàng SJC ngày 12/12/2017,36.300 x1000đ/lượng,36.500 x1000đ/lượng
Lịch sử giá vàng SJC ngày 13/12/2017,36.260 x1000đ/lượng,36.460 x1000đ/lượng
Lịch sử giá vàng SJC ngày 14/12/2017,36.300 x1000đ/lượng,36.500 x1000đ/lượng
Lịch sử giá vàng SJC ngày 15/12/2017,36.300 x1000đ/lượng,36.500 x1000đ/lượng
Lịch sử giá vàng SJC ngày 16/12/2017,36.320 x1000đ/lượng,36.520 x1000đ/lượng
Lịch sử giá vàng SJC ngày 17/12/2017,,
Lịch sử giá vàng SJC ngày 18/12/2017,36.320 x1000đ/lượng,36.520 x1000đ/lượng
Lịch sử giá vàng SJC ngày 19/12/2017,36.340 x1000đ/lượng,36.540 x1000đ/lượng
Lịch sử giá vàng SJC ngày 20/12/2017,36.300 x1000đ/lượng,36.500 x1000đ/lượng
Lịch sử giá vàng SJC ngày 21/12/2017,36.280 x1000đ/lượng,36.480 x1000đ/lượng
Lịch sử giá vàng SJC ngày 22/12/2017,36.320 x1000đ/lượng,36.520 x1000đ/lượng
Lịch sử giá vàng SJC ngày 23/12/2017,36.370 x1000đ/lượng,36.570 x1000đ/lượng
Lịch sử giá vàng SJC ngày 24/12/2017,,
Lịch sử giá vàng SJC ngày 25/12/2017,36.330 x1000đ/lượng,36.530 x1000đ/lượng
Lịch sử giá vàng SJC ngày 26/12/2017,36.300 x1000đ/lượng,36.540 x1000đ/lượng
Lịch sử giá vàng SJC ngày 27/12/2017,36.330 x1000đ/lượng,36.580 x1000đ/lượng
Lịch sử giá vàng SJC ngày 28/12/2017,36.370 x1000đ/lượng,36.590 x1000đ/lượng
Lịch sử giá vàng SJC ngày 29/12/2017,36.340 x1000đ/lượng,36.560 x1000đ/lượng
Lịch sử giá vàng SJC ngày 30/12/2017,35.500 x1000đ/lượng,36.440 x1000đ/lượng
Lịch sử giá vàng SJC ngày 31/12/2017,,
Lịch sử giá vàng SJC ngày 01/01/2018,36.470 x1000đ/lượng,36.670 x1000đ/lượng
Lịch sử giá vàng SJC ngày 02/01/2018,36.550 x1000đ/lượng,36.750 x1000đ/lượng
Lịch sử giá vàng SJC ngày 03/01/2018,36.500 x1000đ/lượng,36.700 x1000đ/lượng
Lịch sử giá vàng SJC ngày 04/01/2018,36.440 x1000đ/lượng,36.640 x1000đ/lượng
Lịch sử giá vàng SJC ngày 05/01/2018,36.490 x1000đ/lượng,36.690 x1000đ/lượng
Lịch sử giá vàng SJC ngày 06/01/2018,36.480 x1000đ/lượng,36.680 x1000đ/lượng
Lịch sử giá vàng SJC ngày 07/01/2018,,
Lịch sử giá vàng SJC ngày 08/01/2018,36.400 x1000đ/lượng,36.600 x1000đ/lượng
Lịch sử giá vàng SJC ngày 09/01/2018,36.400 x1000đ/lượng,36.600 x1000đ/lượng
Lịch sử giá vàng SJC ngày 10/01/2018,36.410 x1000đ/lượng,36.610 x1000đ/lượng
Lịch sử giá vàng SJC ngày 11/01/2018,36.450 x1000đ/lượng,36.650 x1000đ/lượng
Lịch sử giá vàng SJC ngày 12/01/2018,36.600 x1000đ/lượng,36.800 x1000đ/lượng
Lịch sử giá vàng SJC ngày 13/01/2018,36.750 x1000đ/lượng,36.950 x1000đ/lượng
Lịch sử giá vàng SJC ngày 14/01/2018,,
Lịch sử giá vàng SJC ngày 15/01/2018,36.800 x1000đ/lượng,37.000 x1000đ/lượng
Lịch sử giá vàng SJC ngày 16/01/2018,36.670 x1000đ/lượng,36.870 x1000đ/lượng
Lịch sử giá vàng SJC ngày 17/01/2018,36.670 x1000đ/lượng,36.870 x1000đ/lượng
Lịch sử giá vàng SJC ngày 18/01/2018,36.570 x1000đ/lượng,36.770 x1000đ/lượng
Lịch sử giá vàng SJC ngày 19/01/2018,36.690 x1000đ/lượng,36.860 x1000đ/lượng
Lịch sử giá vàng SJC ngày 20/01/2018,36.680 x1000đ/lượng,36.850 x1000đ/lượng
Lịch sử giá vàng SJC ngày 21/01/2018,,
Lịch sử giá vàng SJC ngày 22/01/2018,36.700 x1000đ/lượng,36.870 x1000đ/lượng
Lịch sử giá vàng SJC ngày 23/01/2018,36.710 x1000đ/lượng,36.880 x1000đ/lượng
Lịch sử giá vàng SJC ngày 24/01/2018,36.810 x1000đ/lượng,36.980 x1000đ/lượng
Lịch sử giá vàng SJC ngày 25/01/2018,36.960 x1000đ/lượng,37.160 x1000đ/lượng
Lịch sử giá vàng SJC ngày 26/01/2018,36.950 x1000đ/lượng,37.150 x1000đ/lượng
Lịch sử giá vàng SJC ngày 27/01/2018,36.900 x1000đ/lượng,37.100 x1000đ/lượng
Lịch sử giá vàng SJC ngày 28/01/2018,,
Lịch sử giá vàng SJC ngày 29/01/2018,36.800 x1000đ/lượng,36.980 x1000đ/lượng
Lịch sử giá vàng SJC ngày 30/01/2018,36.690 x1000đ/lượng,36.890 x1000đ/lượng
Lịch sử giá vàng SJC ngày 31/01/2018,36.680 x1000đ/lượng,36.880 x1000đ/lượng
Lịch sử giá vàng SJC ngày 01/02/2018,36.670 x1000đ/lượng,36.870 x1000đ/lượng
Lịch sử giá vàng SJC ngày 02/02/2018,36.760 x1000đ/lượng,36.920 x1000đ/lượng
Lịch sử giá vàng SJC ngày 03/02/2018,36.710 x1000đ/lượng,36.880 x1000đ/lượng
Lịch sử giá vàng SJC ngày 04/02/2018,,
Lịch sử giá vàng SJC ngày 05/02/2018,36.670 x1000đ/lượng,36.840 x1000đ/lượng
Lịch sử giá vàng SJC ngày 06/02/2018,36.750 x1000đ/lượng,36.920 x1000đ/lượng
Lịch sử giá vàng SJC ngày 07/02/2018,36.700 x1000đ/lượng,36.870 x1000đ/lượng
Lịch sử giá vàng SJC ngày 08/02/2018,36.530 x1000đ/lượng,36.700 x1000đ/lượng
Lịch sử giá vàng SJC ngày 09/02/2018,36.600 x1000đ/lượng,36.780 x1000đ/lượng
Lịch sử giá vàng SJC ngày 10/02/2018,36.700 x1000đ/lượng,36.930 x1000đ/lượng
Lịch sử giá vàng SJC ngày 11/02/2018,,
Lịch sử giá vàng SJC ngày 12/02/2018,36.820 x1000đ/lượng,37.040 x1000đ/lượng
Lịch sử giá vàng SJC ngày 13/02/2018,36.920 x1000đ/lượng,37.120 x1000đ/lượng
Lịch sử giá vàng SJC ngày 14/02/2018,,
Lịch sử giá vàng SJC ngày 15/02/2018,,
Lịch sử giá vàng SJC ngày 16/02/2018,,
Lịch sử giá vàng SJC ngày 17/02/2018,,
Lịch sử giá vàng SJC ngày 18/02/2018,,
Lịch sử giá vàng SJC ngày 19/02/2018,,
Lịch sử giá vàng SJC ngày 20/02/2018,,
Lịch sử giá vàng SJC ngày 21/02/2018,36.870 x1000đ/lượng,37.120 x1000đ/lượng
Lịch sử giá vàng SJC ngày 22/02/2018,36.880 x1000đ/lượng,37.010 x1000đ/lượng
Lịch sử giá vàng SJC ngày 23/02/2018,36.860 x1000đ/lượng,36.990 x1000đ/lượng
Lịch sử giá vàng SJC ngày 24/02/2018,36.800 x1000đ/lượng,36.980 x1000đ/lượng
Lịch sử giá vàng SJC ngày 25/02/2018,36.750 x1000đ/lượng,37.050 x1000đ/lượng
Lịch sử giá vàng SJC ngày 26/02/2018,36.800 x1000đ/lượng,36.950 x1000đ/lượng
Lịch sử giá vàng SJC ngày 27/02/2018,36.770 x1000đ/lượng,36.920 x1000đ/lượng
Lịch sử giá vàng SJC ngày 28/02/2018,36.540 x1000đ/lượng,36.700 x1000đ/lượng
Lịch sử giá vàng SJC ngày 01/03/2018,36.510 x1000đ/lượng,36.690 x1000đ/lượng
Lịch sử giá vàng SJC ngày 02/03/2018,36.610 x1000đ/lượng,36.770 x1000đ/lượng
Lịch sử giá vàng SJC ngày 03/03/2018,36.620 x1000đ/lượng,36.820 x1000đ/lượng
Lịch sử giá vàng SJC ngày 04/03/2018,,
Lịch sử giá vàng SJC ngày 05/03/2018,36.680 x1000đ/lượng,36.860 x1000đ/lượng
Lịch sử giá vàng SJC ngày 06/03/2018,36.640 x1000đ/lượng,36.820 x1000đ/lượng
Lịch sử giá vàng SJC ngày 07/03/2018,36.660 x1000đ/lượng,36.840 x1000đ/lượng
Lịch sử giá vàng SJC ngày 08/03/2018,36.640 x1000đ/lượng,36.820 x1000đ/lượng
Lịch sử giá vàng SJC ngày 09/03/2018,36.590 x1000đ/lượng,36.770 x1000đ/lượng
Lịch sử giá vàng SJC ngày 10/03/2018,36.620 x1000đ/lượng,36.820 x1000đ/lượng
Lịch sử giá vàng SJC ngày 11/03/2018,,
Lịch sử giá vàng SJC ngày 12/03/2018,36.580 x1000đ/lượng,36.760 x1000đ/lượng
Lịch sử giá vàng SJC ngày 13/03/2018,36.550 x1000đ/lượng,36.730 x1000đ/lượng
Lịch sử giá vàng SJC ngày 14/03/2018,36.580 x1000đ/lượng,36.760 x1000đ/lượng
Lịch sử giá vàng SJC ngày 15/03/2018,36.580 x1000đ/lượng,36.760 x1000đ/lượng
Lịch sử giá vàng SJC ngày 16/03/2018,36.570 x1000đ/lượng,36.750 x1000đ/lượng
Lịch sử giá vàng SJC ngày 17/03/2018,36.550 x1000đ/lượng,36.730 x1000đ/lượng
Lịch sử giá vàng SJC ngày 18/03/2018,,
Lịch sử giá vàng SJC ngày 19/03/2018,36.490 x1000đ/lượng,36.670 x1000đ/lượng
Lịch sử giá vàng SJC ngày 20/03/2018,36.510 x1000đ/lượng,36.690 x1000đ/lượng
Lịch sử giá vàng SJC ngày 21/03/2018,36.520 x1000đ/lượng,36.700 x1000đ/lượng
Lịch sử giá vàng SJC ngày 22/03/2018,36.610 x1000đ/lượng,36.790 x1000đ/lượng
Lịch sử giá vàng SJC ngày 23/03/2018,36.640 x1000đ/lượng,36.820 x1000đ/lượng
Lịch sử giá vàng SJC ngày 24/03/2018,36.820 x1000đ/lượng,37.020 x1000đ/lượng
Lịch sử giá vàng SJC ngày 25/03/2018,,
Lịch sử giá vàng SJC ngày 26/03/2018,36.880 x1000đ/lượng,37.040 x1000đ/lượng
Lịch sử giá vàng SJC ngày 27/03/2018,36.930 x1000đ/lượng,37.110 x1000đ/lượng
Lịch sử giá vàng SJC ngày 28/03/2018,36.800 x1000đ/lượng,36.980 x1000đ/lượng
Lịch sử giá vàng SJC ngày 29/03/2018,36.600 x1000đ/lượng,36.800 x1000đ/lượng
Lịch sử giá vàng SJC ngày 30/03/2018,36.560 x1000đ/lượng,36.730 x1000đ/lượng
Lịch sử giá vàng SJC ngày 31/03/2018,36.650 x1000đ/lượng,36.830 x1000đ/lượng
Lịch sử giá vàng SJC ngày 01/04/2018,,
Lịch sử giá vàng SJC ngày 02/04/2018,36.640 x1000đ/lượng,36.820 x1000đ/lượng
Lịch sử giá vàng SJC ngày 03/04/2018,36.700 x1000đ/lượng,36.880 x1000đ/lượng
Lịch sử giá vàng SJC ngày 04/04/2018,36.630 x1000đ/lượng,36.810 x1000đ/lượng
Lịch sử giá vàng SJC ngày 05/04/2018,36.650 x1000đ/lượng,36.830 x1000đ/lượng
Lịch sử giá vàng SJC ngày 06/04/2018,36.620 x1000đ/lượng,36.800 x1000đ/lượng
Lịch sử giá vàng SJC ngày 07/04/2018,36.620 x1000đ/lượng,36.820 x1000đ/lượng
Lịch sử giá vàng SJC ngày 08/04/2018,,
Lịch sử giá vàng SJC ngày 09/04/2018,36.630 x1000đ/lượng,36.810 x1000đ/lượng
Lịch sử giá vàng SJC ngày 10/04/2018,36.670 x1000đ/lượng,36.850 x1000đ/lượng
Lịch sử giá vàng SJC ngày 11/04/2018,36.720 x1000đ/lượng,36.900 x1000đ/lượng
Lịch sử giá vàng SJC ngày 12/04/2018,36.850 x1000đ/lượng,37.030 x1000đ/lượng
Lịch sử giá vàng SJC ngày 13/04/2018,36.750 x1000đ/lượng,36.930 x1000đ/lượng
Lịch sử giá vàng SJC ngày 14/04/2018,36.850 x1000đ/lượng,37.030 x1000đ/lượng
Lịch sử giá vàng SJC ngày 15/04/2018,,
Lịch sử giá vàng SJC ngày 16/04/2018,,
Lịch sử giá vàng SJC ngày 17/04/2018,36.870 x1000đ/lượng,37.050 x1000đ/lượng
Lịch sử giá vàng SJC ngày 18/04/2018,36.850 x1000đ/lượng,37.030 x1000đ/lượng
Lịch sử giá vàng SJC ngày 19/04/2018,36.850 x1000đ/lượng,37.030 x1000đ/lượng
Lịch sử giá vàng SJC ngày 20/04/2018,36.850 x1000đ/lượng,37.030 x1000đ/lượng
Lịch sử giá vàng SJC ngày 21/04/2018,36.720 x1000đ/lượng,36.920 x1000đ/lượng
Lịch sử giá vàng SJC ngày 22/04/2018,,
Lịch sử giá vàng SJC ngày 23/04/2018,36.730 x1000đ/lượng,36.930 x1000đ/lượng
Lịch sử giá vàng SJC ngày 24/04/2018,36.520 x1000đ/lượng,36.720 x1000đ/lượng
Lịch sử giá vàng SJC ngày 25/04/2018,,
Lịch sử giá vàng SJC ngày 26/04/2018,36.640 x1000đ/lượng,36.840 x1000đ/lượng
Lịch sử giá vàng SJC ngày 27/04/2018,36.550 x1000đ/lượng,36.730 x1000đ/lượng
Lịch sử giá vàng SJC ngày 28/04/2018,36.650 x1000đ/lượng,36.850 x1000đ/lượng
Lịch sử giá vàng SJC ngày 29/04/2018,,
Lịch sử giá vàng SJC ngày 30/04/2018,,
Lịch sử giá vàng SJC ngày 01/05/2018,,
Lịch sử giá vàng SJC ngày 02/05/2018,36.530 x1000đ/lượng,36.710 x1000đ/lượng
Lịch sử giá vàng SJC ngày 03/05/2018,36.530 x1000đ/lượng,36.710 x1000đ/lượng
Lịch sử giá vàng SJC ngày 04/05/2018,36.570 x1000đ/lượng,36.750 x1000đ/lượng
Lịch sử giá vàng SJC ngày 05/05/2018,36.600 x1000đ/lượng,36.780 x1000đ/lượng
Lịch sử giá vàng SJC ngày 06/05/2018,,
Lịch sử giá vàng SJC ngày 07/05/2018,36.600 x1000đ/lượng,36.780 x1000đ/lượng
Lịch sử giá vàng SJC ngày 08/05/2018,36.570 x1000đ/lượng,36.750 x1000đ/lượng
Lịch sử giá vàng SJC ngày 09/05/2018,36.550 x1000đ/lượng,36.730 x1000đ/lượng
Lịch sử giá vàng SJC ngày 10/05/2018,36.570 x1000đ/lượng,36.750 x1000đ/lượng
Lịch sử giá vàng SJC ngày 11/05/2018,36.600 x1000đ/lượng,36.800 x1000đ/lượng
Lịch sử giá vàng SJC ngày 12/05/2018,36.600 x1000đ/lượng,36.780 x1000đ/lượng
Lịch sử giá vàng SJC ngày 13/05/2018,,
Lịch sử giá vàng SJC ngày 14/05/2018,36.650 x1000đ/lượng,36.830 x1000đ/lượng
Lịch sử giá vàng SJC ngày 15/05/2018,36.630 x1000đ/lượng,36.810 x1000đ/lượng
Lịch sử giá vàng SJC ngày 16/05/2018,36.420 x1000đ/lượng,36.620 x1000đ/lượng
Lịch sử giá vàng SJC ngày 17/05/2018,36.460 x1000đ/lượng,36.660 x1000đ/lượng
Lịch sử giá vàng SJC ngày 18/05/2018,36.450 x1000đ/lượng,36.650 x1000đ/lượng
Lịch sử giá vàng SJC ngày 19/05/2018,36.520 x1000đ/lượng,36.720 x1000đ/lượng
Lịch sử giá vàng SJC ngày 20/05/2018,,
Lịch sử giá vàng SJC ngày 21/05/2018,36.520 x1000đ/lượng,36.720 x1000đ/lượng
Lịch sử giá vàng SJC ngày 22/05/2018,36.490 x1000đ/lượng,36.690 x1000đ/lượng
Lịch sử giá vàng SJC ngày 23/05/2018,36.480 x1000đ/lượng,36.680 x1000đ/lượng
Lịch sử giá vàng SJC ngày 24/05/2018,36.500 x1000đ/lượng,36.700 x1000đ/lượng
Lịch sử giá vàng SJC ngày 25/05/2018,36.600 x1000đ/lượng,36.750 x1000đ/lượng
Lịch sử giá vàng SJC ngày 26/05/2018,36.580 x1000đ/lượng,36.730 x1000đ/lượng
Lịch sử giá vàng SJC ngày 27/05/2018,,
Lịch sử giá vàng SJC ngày 28/05/2018,36.550 x1000đ/lượng,36.700 x1000đ/lượng
Lịch sử giá vàng SJC ngày 29/05/2018,36.560 x1000đ/lượng,36.710 x1000đ/lượng
Lịch sử giá vàng SJC ngày 30/05/2018,36.580 x1000đ/lượng,36.730 x1000đ/lượng
Lịch sử giá vàng SJC ngày 31/05/2018,36.590 x1000đ/lượng,36.740 x1000đ/lượng
Lịch sử giá vàng SJC ngày 01/06/2018,36.570 x1000đ/lượng,36.720 x1000đ/lượng
Lịch sử giá vàng SJC ngày 02/06/2018,36.550 x1000đ/lượng,36.700 x1000đ/lượng
Lịch sử giá vàng SJC ngày 03/06/2018,,
Lịch sử giá vàng SJC ngày 04/06/2018,36.560 x1000đ/lượng,36.710 x1000đ/lượng
Lịch sử giá vàng SJC ngày 05/06/2018,36.540 x1000đ/lượng,36.690 x1000đ/lượng
Lịch sử giá vàng SJC ngày 06/06/2018,36.590 x1000đ/lượng,36.750 x1000đ/lượng
Lịch sử giá vàng SJC ngày 07/06/2018,36.560 x1000đ/lượng,36.720 x1000đ/lượng
Lịch sử giá vàng SJC ngày 08/06/2018,36.580 x1000đ/lượng,36.740 x1000đ/lượng
Lịch sử giá vàng SJC ngày 09/06/2018,36.640 x1000đ/lượng,36.800 x1000đ/lượng
Lịch sử giá vàng SJC ngày 10/06/2018,,
Lịch sử giá vàng SJC ngày 11/06/2018,36.710 x1000đ/lượng,36.870 x1000đ/lượng
Lịch sử giá vàng SJC ngày 12/06/2018,36.810 x1000đ/lượng,36.970 x1000đ/lượng
Lịch sử giá vàng SJC ngày 13/06/2018,36.860 x1000đ/lượng,37.040 x1000đ/lượng
Lịch sử giá vàng SJC ngày 14/06/2018,36.840 x1000đ/lượng,37.040 x1000đ/lượng
Lịch sử giá vàng SJC ngày 15/06/2018,36.770 x1000đ/lượng,36.970 x1000đ/lượng
Lịch sử giá vàng SJC ngày 16/06/2018,36.670 x1000đ/lượng,36.870 x1000đ/lượng
Lịch sử giá vàng SJC ngày 17/06/2018,,
Lịch sử giá vàng SJC ngày 18/06/2018,36.700 x1000đ/lượng,36.870 x1000đ/lượng
Lịch sử giá vàng SJC ngày 19/06/2018,36.800 x1000đ/lượng,36.980 x1000đ/lượng
Lịch sử giá vàng SJC ngày 20/06/2018,36.720 x1000đ/lượng,36.900 x1000đ/lượng
Lịch sử giá vàng SJC ngày 21/06/2018,36.720 x1000đ/lượng,36.900 x1000đ/lượng
Lịch sử giá vàng SJC ngày 22/06/2018,36.700 x1000đ/lượng,36.870 x1000đ/lượng
Lịch sử giá vàng SJC ngày 23/06/2018,36.810 x1000đ/lượng,36.990 x1000đ/lượng
Lịch sử giá vàng SJC ngày 24/06/2018,,
Lịch sử giá vàng SJC ngày 25/06/2018,36.790 x1000đ/lượng,36.960 x1000đ/lượng
Lịch sử giá vàng SJC ngày 26/06/2018,36.750 x1000đ/lượng,36.900 x1000đ/lượng
Lịch sử giá vàng SJC ngày 27/06/2018,36.680 x1000đ/lượng,36.850 x1000đ/lượng
Lịch sử giá vàng SJC ngày 28/06/2018,36.670 x1000đ/lượng,36.840 x1000đ/lượng
Lịch sử giá vàng SJC ngày 29/06/2018,36.610 x1000đ/lượng,36.780 x1000đ/lượng
Lịch sử giá vàng SJC ngày 30/06/2018,36.630 x1000đ/lượng,36.810 x1000đ/lượng
Lịch sử giá vàng SJC ngày 01/07/2018,,
Lịch sử giá vàng SJC ngày 02/07/2018,36.670 x1000đ/lượng,36.850 x1000đ/lượng
Lịch sử giá vàng SJC ngày 03/07/2018,36.700 x1000đ/lượng,36.880 x1000đ/lượng
Lịch sử giá vàng SJC ngày 04/07/2018,36.710 x1000đ/lượng,36.900 x1000đ/lượng
Lịch sử giá vàng SJC ngày 05/07/2018,36.670 x1000đ/lượng,36.860 x1000đ/lượng
Lịch sử giá vàng SJC ngày 06/07/2018,36.700 x1000đ/lượng,36.890 x1000đ/lượng
Lịch sử giá vàng SJC ngày 07/07/2018,36.750 x1000đ/lượng,36.930 x1000đ/lượng
Lịch sử giá vàng SJC ngày 08/07/2018,,
Lịch sử giá vàng SJC ngày 09/07/2018,36.800 x1000đ/lượng,36.980 x1000đ/lượng
Lịch sử giá vàng SJC ngày 10/07/2018,36.820 x1000đ/lượng,37.000 x1000đ/lượng
Lịch sử giá vàng SJC ngày 11/07/2018,36.790 x1000đ/lượng,36.970 x1000đ/lượng
Lịch sử giá vàng SJC ngày 12/07/2018,36.790 x1000đ/lượng,36.970 x1000đ/lượng
Lịch sử giá vàng SJC ngày 13/07/2018,36.790 x1000đ/lượng,36.970 x1000đ/lượng
Lịch sử giá vàng SJC ngày 14/07/2018,36.860 x1000đ/lượng,37.040 x1000đ/lượng
Lịch sử giá vàng SJC ngày 15/07/2018,,
Lịch sử giá vàng SJC ngày 16/07/2018,36.830 x1000đ/lượng,37.010 x1000đ/lượng
Lịch sử giá vàng SJC ngày 17/07/2018,36.760 x1000đ/lượng,36.940 x1000đ/lượng
Lịch sử giá vàng SJC ngày 18/07/2018,36.680 x1000đ/lượng,36.860 x1000đ/lượng
Lịch sử giá vàng SJC ngày 19/07/2018,36.610 x1000đ/lượng,36.790 x1000đ/lượng
Lịch sử giá vàng SJC ngày 20/07/2018,36.560 x1000đ/lượng,36.740 x1000đ/lượng
Lịch sử giá vàng SJC ngày 21/07/2018,36.720 x1000đ/lượng,36.900 x1000đ/lượng
Lịch sử giá vàng SJC ngày 22/07/2018,,
Lịch sử giá vàng SJC ngày 23/07/2018,36.760 x1000đ/lượng,36.940 x1000đ/lượng
Lịch sử giá vàng SJC ngày 24/07/2018,36.680 x1000đ/lượng,36.860 x1000đ/lượng
Lịch sử giá vàng SJC ngày 25/07/2018,36.760 x1000đ/lượng,36.940 x1000đ/lượng
Lịch sử giá vàng SJC ngày 26/07/2018,36.800 x1000đ/lượng,36.980 x1000đ/lượng
Lịch sử giá vàng SJC ngày 27/07/2018,36.680 x1000đ/lượng,36.860 x1000đ/lượng
Lịch sử giá vàng SJC ngày 28/07/2018,36.750 x1000đ/lượng,36.930 x1000đ/lượng
Lịch sử giá vàng SJC ngày 29/07/2018,,
Lịch sử giá vàng SJC ngày 30/07/2018,36.730 x1000đ/lượng,36.910 x1000đ/lượng
Lịch sử giá vàng SJC ngày 31/07/2018,36.700 x1000đ/lượng,36.880 x1000đ/lượng
Lịch sử giá vàng SJC ngày 01/08/2018,36.660 x1000đ/lượng,36.840 x1000đ/lượng
Lịch sử giá vàng SJC ngày 02/08/2018,36.610 x1000đ/lượng,36.790 x1000đ/lượng
Lịch sử giá vàng SJC ngày 03/08/2018,36.530 x1000đ/lượng,36.710 x1000đ/lượng
Lịch sử giá vàng SJC ngày 04/08/2018,36.650 x1000đ/lượng,36.830 x1000đ/lượng
Lịch sử giá vàng SJC ngày 05/08/2018,,
Lịch sử giá vàng SJC ngày 06/08/2018,36.680 x1000đ/lượng,36.860 x1000đ/lượng
Lịch sử giá vàng SJC ngày 07/08/2018,36.650 x1000đ/lượng,36.830 x1000đ/lượng
Lịch sử giá vàng SJC ngày 08/08/2018,36.660 x1000đ/lượng,36.840 x1000đ/lượng
Lịch sử giá vàng SJC ngày 09/08/2018,36.620 x1000đ/lượng,36.790 x1000đ/lượng
Lịch sử giá vàng SJC ngày 10/08/2018,36.610 x1000đ/lượng,36.780 x1000đ/lượng
Lịch sử giá vàng SJC ngày 11/08/2018,36.620 x1000đ/lượng,36.790 x1000đ/lượng
Lịch sử giá vàng SJC ngày 12/08/2018,,
Lịch sử giá vàng SJC ngày 13/08/2018,36.620 x1000đ/lượng,36.800 x1000đ/lượng
Lịch sử giá vàng SJC ngày 14/08/2018,36.540 x1000đ/lượng,36.720 x1000đ/lượng
Lịch sử giá vàng SJC ngày 15/08/2018,36.540 x1000đ/lượng,36.720 x1000đ/lượng
Lịch sử giá vàng SJC ngày 16/08/2018,36.510 x1000đ/lượng,36.690 x1000đ/lượng
Lịch sử giá vàng SJC ngày 17/08/2018,36.560 x1000đ/lượng,36.740 x1000đ/lượng
Lịch sử giá vàng SJC ngày 18/08/2018,36.620 x1000đ/lượng,36.800 x1000đ/lượng
Lịch sử giá vàng SJC ngày 19/08/2018,,
Lịch sử giá vàng SJC ngày 20/08/2018,36.620 x1000đ/lượng,36.800 x1000đ/lượng
Lịch sử giá vàng SJC ngày 21/08/2018,36.610 x1000đ/lượng,36.790 x1000đ/lượng
Lịch sử giá vàng SJC ngày 22/08/2018,36.570 x1000đ/lượng,36.750 x1000đ/lượng
Lịch sử giá vàng SJC ngày 23/08/2018,36.560 x1000đ/lượng,36.740 x1000đ/lượng
Lịch sử giá vàng SJC ngày 24/08/2018,36.550 x1000đ/lượng,36.730 x1000đ/lượng
Lịch sử giá vàng SJC ngày 25/08/2018,36.650 x1000đ/lượng,36.830 x1000đ/lượng
Lịch sử giá vàng SJC ngày 26/08/2018,,
Lịch sử giá vàng SJC ngày 27/08/2018,36.630 x1000đ/lượng,36.810 x1000đ/lượng
Lịch sử giá vàng SJC ngày 28/08/2018,36.620 x1000đ/lượng,36.800 x1000đ/lượng
Lịch sử giá vàng SJC ngày 29/08/2018,36.570 x1000đ/lượng,36.740 x1000đ/lượng
Lịch sử giá vàng SJC ngày 30/08/2018,36.560 x1000đ/lượng,36.730 x1000đ/lượng
Lịch sử giá vàng SJC ngày 31/08/2018,36.570 x1000đ/lượng,36.740 x1000đ/lượng
Lịch sử giá vàng SJC ngày 01/09/2018,36.600 x1000đ/lượng,36.770 x1000đ/lượng
Lịch sử giá vàng SJC ngày 02/09/2018,,
Lịch sử giá vàng SJC ngày 03/09/2018,,
Lịch sử giá vàng SJC ngày 04/09/2018,36.590 x1000đ/lượng,36.760 x1000đ/lượng
Lịch sử giá vàng SJC ngày 05/09/2018,36.540 x1000đ/lượng,36.710 x1000đ/lượng
Lịch sử giá vàng SJC ngày 06/09/2018,36.600 x1000đ/lượng,36.770 x1000đ/lượng
Lịch sử giá vàng SJC ngày 07/09/2018,36.600 x1000đ/lượng,36.770 x1000đ/lượng
Lịch sử giá vàng SJC ngày 08/09/2018,36.570 x1000đ/lượng,36.740 x1000đ/lượng
Lịch sử giá vàng SJC ngày 09/09/2018,,
Lịch sử giá vàng SJC ngày 10/09/2018,36.570 x1000đ/lượng,36.740 x1000đ/lượng
Lịch sử giá vàng SJC ngày 11/09/2018,36.520 x1000đ/lượng,36.690 x1000đ/lượng
Lịch sử giá vàng SJC ngày 12/09/2018,36.550 x1000đ/lượng,36.720 x1000đ/lượng
Lịch sử giá vàng SJC ngày 13/09/2018,36.560 x1000đ/lượng,36.730 x1000đ/lượng
Lịch sử giá vàng SJC ngày 14/09/2018,36.550 x1000đ/lượng,36.700 x1000đ/lượng
Lịch sử giá vàng SJC ngày 15/09/2018,36.520 x1000đ/lượng,36.680 x1000đ/lượng
Lịch sử giá vàng SJC ngày 16/09/2018,,
Lịch sử giá vàng SJC ngày 17/09/2018,36.520 x1000đ/lượng,36.680 x1000đ/lượng
Lịch sử giá vàng SJC ngày 18/09/2018,36.540 x1000đ/lượng,36.700 x1000đ/lượng
Lịch sử giá vàng SJC ngày 19/09/2018,36.530 x1000đ/lượng,36.680 x1000đ/lượng
Lịch sử giá vàng SJC ngày 20/09/2018,36.540 x1000đ/lượng,36.690 x1000đ/lượng
Lịch sử giá vàng SJC ngày 21/09/2018,36.550 x1000đ/lượng,36.700 x1000đ/lượng
Lịch sử giá vàng SJC ngày 22/09/2018,36.520 x1000đ/lượng,36.670 x1000đ/lượng
Lịch sử giá vàng SJC ngày 23/09/2018,,
Lịch sử giá vàng SJC ngày 24/09/2018,36.500 x1000đ/lượng,36.650 x1000đ/lượng
Lịch sử giá vàng SJC ngày 25/09/2018,36.460 x1000đ/lượng,36.610 x1000đ/lượng
Lịch sử giá vàng SJC ngày 26/09/2018,36.410 x1000đ/lượng,36.560 x1000đ/lượng
Lịch sử giá vàng SJC ngày 27/09/2018,36.410 x1000đ/lượng,36.560 x1000đ/lượng
Lịch sử giá vàng SJC ngày 28/09/2018,36.320 x1000đ/lượng,36.470 x1000đ/lượng
Lịch sử giá vàng SJC ngày 29/09/2018,36.280 x1000đ/lượng,36.430 x1000đ/lượng
Lịch sử giá vàng SJC ngày 30/09/2018,,
Lịch sử giá vàng SJC ngày 01/10/2018,36.350 x1000đ/lượng,36.500 x1000đ/lượng
Lịch sử giá vàng SJC ngày 02/10/2018,36.350 x1000đ/lượng,36.500 x1000đ/lượng
Lịch sử giá vàng SJC ngày 03/10/2018,36.430 x1000đ/lượng,36.580 x1000đ/lượng
Lịch sử giá vàng SJC ngày 04/10/2018,36.370 x1000đ/lượng,36.510 x1000đ/lượng
Lịch sử giá vàng SJC ngày 05/10/2018,36.380 x1000đ/lượng,36.520 x1000đ/lượng
Lịch sử giá vàng SJC ngày 06/10/2018,36.380 x1000đ/lượng,36.520 x1000đ/lượng
Lịch sử giá vàng SJC ngày 07/10/2018,,
Lịch sử giá vàng SJC ngày 08/10/2018,36.380 x1000đ/lượng,36.520 x1000đ/lượng
Lịch sử giá vàng SJC ngày 09/10/2018,36.380 x1000đ/lượng,36.520 x1000đ/lượng
Lịch sử giá vàng SJC ngày 10/10/2018,36.390 x1000đ/lượng,36.530 x1000đ/lượng
Lịch sử giá vàng SJC ngày 11/10/2018,36.370 x1000đ/lượng,36.510 x1000đ/lượng
Lịch sử giá vàng SJC ngày 12/10/2018,36.460 x1000đ/lượng,36.600 x1000đ/lượng
Lịch sử giá vàng SJC ngày 13/10/2018,36.470 x1000đ/lượng,36.610 x1000đ/lượng
Lịch sử giá vàng SJC ngày 14/10/2018,,
Lịch sử giá vàng SJC ngày 15/10/2018,36.490 x1000đ/lượng,36.630 x1000đ/lượng
Lịch sử giá vàng SJC ngày 16/10/2018,36.510 x1000đ/lượng,36.650 x1000đ/lượng
Lịch sử giá vàng SJC ngày 17/10/2018,36.480 x1000đ/lượng,36.620 x1000đ/lượng
Lịch sử giá vàng SJC ngày 18/10/2018,36.500 x1000đ/lượng,36.640 x1000đ/lượng
Lịch sử giá vàng SJC ngày 19/10/2018,36.520 x1000đ/lượng,36.660 x1000đ/lượng
Lịch sử giá vàng SJC ngày 20/10/2018,36.490 x1000đ/lượng,36.630 x1000đ/lượng
Lịch sử giá vàng SJC ngày 21/10/2018,,
Lịch sử giá vàng SJC ngày 22/10/2018,36.500 x1000đ/lượng,36.640 x1000đ/lượng
Lịch sử giá vàng SJC ngày 23/10/2018,36.460 x1000đ/lượng,36.600 x1000đ/lượng
Lịch sử giá vàng SJC ngày 24/10/2018,36.500 x1000đ/lượng,36.640 x1000đ/lượng
Lịch sử giá vàng SJC ngày 25/10/2018,36.520 x1000đ/lượng,36.660 x1000đ/lượng
Lịch sử giá vàng SJC ngày 26/10/2018,36.450 x1000đ/lượng,36.590 x1000đ/lượng
Lịch sử giá vàng SJC ngày 27/10/2018,36.500 x1000đ/lượng,36.640 x1000đ/lượng
Lịch sử giá vàng SJC ngày 28/10/2018,,
Lịch sử giá vàng SJC ngày 29/10/2018,36.480 x1000đ/lượng,36.620 x1000đ/lượng
Lịch sử giá vàng SJC ngày 30/10/2018,36.420 x1000đ/lượng,36.560 x1000đ/lượng
Lịch sử giá vàng SJC ngày 31/10/2018,36.380 x1000đ/lượng,36.520 x1000đ/lượng
Lịch sử giá vàng SJC ngày 01/11/2018,36.340 x1000đ/lượng,36.480 x1000đ/lượng
Lịch sử giá vàng SJC ngày 02/11/2018,36.410 x1000đ/lượng,36.560 x1000đ/lượng
Lịch sử giá vàng SJC ngày 03/11/2018,36.440 x1000đ/lượng,36.600 x1000đ/lượng
Lịch sử giá vàng SJC ngày 04/11/2018,,
Lịch sử giá vàng SJC ngày 05/11/2018,36.460 x1000đ/lượng,36.610 x1000đ/lượng
Lịch sử giá vàng SJC ngày 06/11/2018,36.400 x1000đ/lượng,36.550 x1000đ/lượng
Lịch sử giá vàng SJC ngày 07/11/2018,36.360 x1000đ/lượng,36.520 x1000đ/lượng
Lịch sử giá vàng SJC ngày 08/11/2018,36.410 x1000đ/lượng,36.570 x1000đ/lượng
Lịch sử giá vàng SJC ngày 09/11/2018,36.360 x1000đ/lượng,36.520 x1000đ/lượng
Lịch sử giá vàng SJC ngày 10/11/2018,36.340 x1000đ/lượng,36.500 x1000đ/lượng
Lịch sử giá vàng SJC ngày 11/11/2018,,
Lịch sử giá vàng SJC ngày 12/11/2018,36.350 x1000đ/lượng,36.510 x1000đ/lượng
Lịch sử giá vàng SJC ngày 13/11/2018,36.310 x1000đ/lượng,36.470 x1000đ/lượng
Lịch sử giá vàng SJC ngày 14/11/2018,36.340 x1000đ/lượng,36.480 x1000đ/lượng
Lịch sử giá vàng SJC ngày 15/11/2018,36.360 x1000đ/lượng,36.500 x1000đ/lượng
Lịch sử giá vàng SJC ngày 16/11/2018,36.440 x1000đ/lượng,36.600 x1000đ/lượng
Lịch sử giá vàng SJC ngày 17/11/2018,36.520 x1000đ/lượng,36.680 x1000đ/lượng
Lịch sử giá vàng SJC ngày 18/11/2018,,
Lịch sử giá vàng SJC ngày 19/11/2018,36.520 x1000đ/lượng,36.680 x1000đ/lượng
Lịch sử giá vàng SJC ngày 20/11/2018,36.490 x1000đ/lượng,36.650 x1000đ/lượng
Lịch sử giá vàng SJC ngày 21/11/2018,36.430 x1000đ/lượng,36.590 x1000đ/lượng
Lịch sử giá vàng SJC ngày 22/11/2018,36.430 x1000đ/lượng,36.590 x1000đ/lượng
Lịch sử giá vàng SJC ngày 23/11/2018,36.410 x1000đ/lượng,36.570 x1000đ/lượng
Lịch sử giá vàng SJC ngày 24/11/2018,36.380 x1000đ/lượng,36.540 x1000đ/lượng
Lịch sử giá vàng SJC ngày 25/11/2018,,
Lịch sử giá vàng SJC ngày 26/11/2018,36.380 x1000đ/lượng,36.540 x1000đ/lượng
Lịch sử giá vàng SJC ngày 27/11/2018,36.350 x1000đ/lượng,36.510 x1000đ/lượng
Lịch sử giá vàng SJC ngày 28/11/2018,36.300 x1000đ/lượng,36.460 x1000đ/lượng
Lịch sử giá vàng SJC ngày 29/11/2018,36.330 x1000đ/lượng,36.490 x1000đ/lượng
Lịch sử giá vàng SJC ngày 30/11/2018,36.330 x1000đ/lượng,36.490 x1000đ/lượng
Lịch sử giá vàng SJC ngày 01/12/2018,36.320 x1000đ/lượng,36.480 x1000đ/lượng
Lịch sử giá vàng SJC ngày 02/12/2018,,
Lịch sử giá vàng SJC ngày 03/12/2018,36.320 x1000đ/lượng,36.480 x1000đ/lượng
Lịch sử giá vàng SJC ngày 04/12/2018,36.340 x1000đ/lượng,36.500 x1000đ/lượng
Lịch sử giá vàng SJC ngày 05/12/2018,36.320 x1000đ/lượng,36.480 x1000đ/lượng
Lịch sử giá vàng SJC ngày 06/12/2018,36.280 x1000đ/lượng,36.440 x1000đ/lượng
Lịch sử giá vàng SJC ngày 07/12/2018,36.260 x1000đ/lượng,36.420 x1000đ/lượng
Lịch sử giá vàng SJC ngày 08/12/2018,36.320 x1000đ/lượng,36.480 x1000đ/lượng
Lịch sử giá vàng SJC ngày 09/12/2018,,
Lịch sử giá vàng SJC ngày 10/12/2018,36.360 x1000đ/lượng,36.520 x1000đ/lượng
Lịch sử giá vàng SJC ngày 11/12/2018,36.340 x1000đ/lượng,36.500 x1000đ/lượng
Lịch sử giá vàng SJC ngày 12/12/2018,36.310 x1000đ/lượng,36.470 x1000đ/lượng
Lịch sử giá vàng SJC ngày 13/12/2018,36.230 x1000đ/lượng,36.390 x1000đ/lượng
Lịch sử giá vàng SJC ngày 14/12/2018,36.220 x1000đ/lượng,36.380 x1000đ/lượng
Lịch sử giá vàng SJC ngày 15/12/2018,36.280 x1000đ/lượng,36.440 x1000đ/lượng
Lịch sử giá vàng SJC ngày 16/12/2018,,
Lịch sử giá vàng SJC ngày 17/12/2018,36.250 x1000đ/lượng,36.430 x1000đ/lượng
Lịch sử giá vàng SJC ngày 18/12/2018,36.280 x1000đ/lượng,36.460 x1000đ/lượng
Lịch sử giá vàng SJC ngày 19/12/2018,36.240 x1000đ/lượng,36.420 x1000đ/lượng
Lịch sử giá vàng SJC ngày 20/12/2018,36.210 x1000đ/lượng,36.390 x1000đ/lượng
Lịch sử giá vàng SJC ngày 21/12/2018,36.280 x1000đ/lượng,36.460 x1000đ/lượng
Lịch sử giá vàng SJC ngày 22/12/2018,36.240 x1000đ/lượng,36.420 x1000đ/lượng
Lịch sử giá vàng SJC ngày 23/12/2018,,
Lịch sử giá vàng SJC ngày 24/12/2018,36.260 x1000đ/lượng,36.440 x1000đ/lượng
Lịch sử giá vàng SJC ngày 25/12/2018,36.290 x1000đ/lượng,36.470 x1000đ/lượng
Lịch sử giá vàng SJC ngày 26/12/2018,36.220 x1000đ/lượng,36.400 x1000đ/lượng
Lịch sử giá vàng SJC ngày 27/12/2018,36.280 x1000đ/lượng,36.460 x1000đ/lượng
Lịch sử giá vàng SJC ngày 28/12/2018,36.300 x1000đ/lượng,36.480 x1000đ/lượng
Lịch sử giá vàng SJC ngày 29/12/2018,36.330 x1000đ/lượng,36.550 x1000đ/lượng
Lịch sử giá vàng SJC ngày 30/12/2018,,
Lịch sử giá vàng SJC ngày 31/12/2018,36.330 x1000đ/lượng,36.550 x1000đ/lượng
Lịch sử giá vàng SJC ngày 01/01/2019,,
Lịch sử giá vàng SJC ngày 02/01/2019,36.380 x1000đ/lượng,36.580 x1000đ/lượng
Lịch sử giá vàng SJC ngày 03/01/2019,,
Lịch sử giá vàng SJC ngày 04/01/2019,,
Lịch sử giá vàng SJC ngày 05/01/2019,36.590 x1000đ/lượng,36.790 x1000đ/lượng
Lịch sử giá vàng SJC ngày 06/01/2019,,
Lịch sử giá vàng SJC ngày 07/01/2019,36.570 x1000đ/lượng,36.770 x1000đ/lượng
Lịch sử giá vàng SJC ngày 08/01/2019,36.610 x1000đ/lượng,36.790 x1000đ/lượng
Lịch sử giá vàng SJC ngày 09/01/2019,36.560 x1000đ/lượng,36.730 x1000đ/lượng
Lịch sử giá vàng SJC ngày 10/01/2019,36.580 x1000đ/lượng,36.760 x1000đ/lượng
Lịch sử giá vàng SJC ngày 11/01/2019,36.550 x1000đ/lượng,36.730 x1000đ/lượng
Lịch sử giá vàng SJC ngày 12/01/2019,36.540 x1000đ/lượng,36.720 x1000đ/lượng
Lịch sử giá vàng SJC ngày 13/01/2019,,
Lịch sử giá vàng SJC ngày 14/01/2019,36.570 x1000đ/lượng,36.750 x1000đ/lượng
Lịch sử giá vàng SJC ngày 15/01/2019,36.510 x1000đ/lượng,36.690 x1000đ/lượng
Lịch sử giá vàng SJC ngày 16/01/2019,36.490 x1000đ/lượng,36.670 x1000đ/lượng
Lịch sử giá vàng SJC ngày 17/01/2019,36.470 x1000đ/lượng,36.650 x1000đ/lượng
Lịch sử giá vàng SJC ngày 18/01/2019,36.580 x1000đ/lượng,36.760 x1000đ/lượng
Lịch sử giá vàng SJC ngày 19/01/2019,36.520 x1000đ/lượng,36.700 x1000đ/lượng
Lịch sử giá vàng SJC ngày 20/01/2019,,
Lịch sử giá vàng SJC ngày 21/01/2019,36.520 x1000đ/lượng,36.700 x1000đ/lượng
Lịch sử giá vàng SJC ngày 22/01/2019,36.390 x1000đ/lượng,36.570 x1000đ/lượng
Lịch sử giá vàng SJC ngày 23/01/2019,36.360 x1000đ/lượng,36.540 x1000đ/lượng
Lịch sử giá vàng SJC ngày 24/01/2019,36.400 x1000đ/lượng,36.580 x1000đ/lượng
Lịch sử giá vàng SJC ngày 25/01/2019,36.360 x1000đ/lượng,36.540 x1000đ/lượng
Lịch sử giá vàng SJC ngày 26/01/2019,36.580 x1000đ/lượng,36.780 x1000đ/lượng
Lịch sử giá vàng SJC ngày 27/01/2019,,
Lịch sử giá vàng SJC ngày 28/01/2019,36.630 x1000đ/lượng,36.830 x1000đ/lượng
Lịch sử giá vàng SJC ngày 29/01/2019,36.600 x1000đ/lượng,36.800 x1000đ/lượng
Lịch sử giá vàng SJC ngày 30/01/2019,36.720 x1000đ/lượng,36.920 x1000đ/lượng
Lịch sử giá vàng SJC ngày 31/01/2019,36.780 x1000đ/lượng,36.980 x1000đ/lượng
Lịch sử giá vàng SJC ngày 01/02/2019,36.940 x1000đ/lượng,37.140 x1000đ/lượng
Lịch sử giá vàng SJC ngày 02/02/2019,,
Lịch sử giá vàng SJC ngày 03/02/2019,,
Lịch sử giá vàng SJC ngày 04/02/2019,,
Lịch sử giá vàng SJC ngày 05/02/2019,,
Lịch sử giá vàng SJC ngày 06/02/2019,,
Lịch sử giá vàng SJC ngày 07/02/2019,,
Lịch sử giá vàng SJC ngày 08/02/2019,,
Lịch sử giá vàng SJC ngày 09/02/2019,,
Lịch sử giá vàng SJC ngày 10/02/2019,,
Lịch sử giá vàng SJC ngày 11/02/2019,36.950 x1000đ/lượng,37.200 x1000đ/lượng
Lịch sử giá vàng SJC ngày 12/02/2019,36.940 x1000đ/lượng,37.140 x1000đ/lượng
Lịch sử giá vàng SJC ngày 13/02/2019,36.890 x1000đ/lượng,37.090 x1000đ/lượng
Lịch sử giá vàng SJC ngày 14/02/2019,36.780 x1000đ/lượng,37.020 x1000đ/lượng
Lịch sử giá vàng SJC ngày 15/02/2019,36.630 x1000đ/lượng,36.850 x1000đ/lượng
Lịch sử giá vàng SJC ngày 16/02/2019,36.740 x1000đ/lượng,36.980 x1000đ/lượng
Lịch sử giá vàng SJC ngày 17/02/2019,,
Lịch sử giá vàng SJC ngày 18/02/2019,36.840 x1000đ/lượng,37.060 x1000đ/lượng
Lịch sử giá vàng SJC ngày 19/02/2019,36.800 x1000đ/lượng,37.000 x1000đ/lượng
Lịch sử giá vàng SJC ngày 20/02/2019,37.040 x1000đ/lượng,37.240 x1000đ/lượng
Lịch sử giá vàng SJC ngày 21/02/2019,36.960 x1000đ/lượng,37.160 x1000đ/lượng
Lịch sử giá vàng SJC ngày 22/02/2019,36.820 x1000đ/lượng,37.020 x1000đ/lượng
Lịch sử giá vàng SJC ngày 23/02/2019,36.900 x1000đ/lượng,37.100 x1000đ/lượng
Lịch sử giá vàng SJC ngày 24/02/2019,,
Lịch sử giá vàng SJC ngày 25/02/2019,36.900 x1000đ/lượng,37.100 x1000đ/lượng
Lịch sử giá vàng SJC ngày 26/02/2019,36.870 x1000đ/lượng,37.070 x1000đ/lượng
Lịch sử giá vàng SJC ngày 27/02/2019,36.880 x1000đ/lượng,37.080 x1000đ/lượng
Lịch sử giá vàng SJC ngày 28/02/2019,36.820 x1000đ/lượng,37.020 x1000đ/lượng
Lịch sử giá vàng SJC ngày 01/03/2019,36.740 x1000đ/lượng,36.940 x1000đ/lượng
Lịch sử giá vàng SJC ngày 02/03/2019,36.550 x1000đ/lượng,36.750 x1000đ/lượng
Lịch sử giá vàng SJC ngày 03/03/2019,,
Lịch sử giá vàng SJC ngày 04/03/2019,36.490 x1000đ/lượng,36.690 x1000đ/lượng
Lịch sử giá vàng SJC ngày 05/03/2019,36.420 x1000đ/lượng,36.590 x1000đ/lượng
Lịch sử giá vàng SJC ngày 06/03/2019,36.460 x1000đ/lượng,36.630 x1000đ/lượng
Lịch sử giá vàng SJC ngày 07/03/2019,36.450 x1000đ/lượng,36.620 x1000đ/lượng
Lịch sử giá vàng SJC ngày 08/03/2019,36.450 x1000đ/lượng,36.620 x1000đ/lượng
Lịch sử giá vàng SJC ngày 09/03/2019,36.510 x1000đ/lượng,36.680 x1000đ/lượng
Lịch sử giá vàng SJC ngày 10/03/2019,,
Lịch sử giá vàng SJC ngày 11/03/2019,36.500 x1000đ/lượng,36.670 x1000đ/lượng
Lịch sử giá vàng SJC ngày 12/03/2019,36.480 x1000đ/lượng,36.640 x1000đ/lượng
Lịch sử giá vàng SJC ngày 13/03/2019,36.530 x1000đ/lượng,36.690 x1000đ/lượng
Lịch sử giá vàng SJC ngày 14/03/2019,36.590 x1000đ/lượng,36.750 x1000đ/lượng
Lịch sử giá vàng SJC ngày 15/03/2019,36.480 x1000đ/lượng,36.630 x1000đ/lượng
Lịch sử giá vàng SJC ngày 16/03/2019,36.480 x1000đ/lượng,36.630 x1000đ/lượng
Lịch sử giá vàng SJC ngày 17/03/2019,,
Lịch sử giá vàng SJC ngày 18/03/2019,36.490 x1000đ/lượng,36.640 x1000đ/lượng
Lịch sử giá vàng SJC ngày 19/03/2019,36.520 x1000đ/lượng,36.670 x1000đ/lượng
Lịch sử giá vàng SJC ngày 20/03/2019,36.510 x1000đ/lượng,36.660 x1000đ/lượng
Lịch sử giá vàng SJC ngày 21/03/2019,36.670 x1000đ/lượng,36.820 x1000đ/lượng
Lịch sử giá vàng SJC ngày 22/03/2019,36.570 x1000đ/lượng,36.710 x1000đ/lượng
Lịch sử giá vàng SJC ngày 23/03/2019,36.590 x1000đ/lượng,36.730 x1000đ/lượng
Lịch sử giá vàng SJC ngày 24/03/2019,,
Lịch sử giá vàng SJC ngày 25/03/2019,36.650 x1000đ/lượng,36.780 x1000đ/lượng
Lịch sử giá vàng SJC ngày 26/03/2019,36.740 x1000đ/lượng,36.860 x1000đ/lượng
Lịch sử giá vàng SJC ngày 27/03/2019,36.680 x1000đ/lượng,36.800 x1000đ/lượng
Lịch sử giá vàng SJC ngày 28/03/2019,36.640 x1000đ/lượng,36.760 x1000đ/lượng
Lịch sử giá vàng SJC ngày 29/03/2019,36.400 x1000đ/lượng,36.520 x1000đ/lượng
Lịch sử giá vàng SJC ngày 30/03/2019,36.420 x1000đ/lượng,36.530 x1000đ/lượng
Lịch sử giá vàng SJC ngày 31/03/2019,,
Lịch sử giá vàng SJC ngày 01/04/2019,36.460 x1000đ/lượng,36.570 x1000đ/lượng
Lịch sử giá vàng SJC ngày 02/04/2019,36.360 x1000đ/lượng,36.520 x1000đ/lượng
Lịch sử giá vàng SJC ngày 03/04/2019,36.330 x1000đ/lượng,36.490 x1000đ/lượng
Lịch sử giá vàng SJC ngày 04/04/2019,36.330 x1000đ/lượng,36.490 x1000đ/lượng
Lịch sử giá vàng SJC ngày 05/04/2019,36.350 x1000đ/lượng,36.500 x1000đ/lượng
Lịch sử giá vàng SJC ngày 06/04/2019,36.330 x1000đ/lượng,36.480 x1000đ/lượng
Lịch sử giá vàng SJC ngày 07/04/2019,,
Lịch sử giá vàng SJC ngày 08/04/2019,36.370 x1000đ/lượng,36.520 x1000đ/lượng
Lịch sử giá vàng SJC ngày 09/04/2019,36.390 x1000đ/lượng,36.540 x1000đ/lượng
Lịch sử giá vàng SJC ngày 10/04/2019,36.410 x1000đ/lượng,36.560 x1000đ/lượng
Lịch sử giá vàng SJC ngày 11/04/2019,36.450 x1000đ/lượng,36.600 x1000đ/lượng
Lịch sử giá vàng SJC ngày 12/04/2019,36.340 x1000đ/lượng,36.490 x1000đ/lượng
Lịch sử giá vàng SJC ngày 13/04/2019,36.340 x1000đ/lượng,36.490 x1000đ/lượng
Lịch sử giá vàng SJC ngày 14/04/2019,,
Lịch sử giá vàng SJC ngày 15/04/2019,,
Lịch sử giá vàng SJC ngày 16/04/2019,36.310 x1000đ/lượng,36.460 x1000đ/lượng
Lịch sử giá vàng SJC ngày 17/04/2019,36.240 x1000đ/lượng,36.390 x1000đ/lượng
Lịch sử giá vàng SJC ngày 18/04/2019,36.180 x1000đ/lượng,36.330 x1000đ/lượng
Lịch sử giá vàng SJC ngày 19/04/2019,36.240 x1000đ/lượng,36.390 x1000đ/lượng
Lịch sử giá vàng SJC ngày 20/04/2019,36.230 x1000đ/lượng,36.380 x1000đ/lượng
Lịch sử giá vàng SJC ngày 21/04/2019,,
Lịch sử giá vàng SJC ngày 22/04/2019,36.230 x1000đ/lượng,36.380 x1000đ/lượng
Lịch sử giá vàng SJC ngày 23/04/2019,36.180 x1000đ/lượng,36.350 x1000đ/lượng
Lịch sử giá vàng SJC ngày 24/04/2019,36.130 x1000đ/lượng,36.300 x1000đ/lượng
Lịch sử giá vàng SJC ngày 25/04/2019,36.160 x1000đ/lượng,36.330 x1000đ/lượng
Lịch sử giá vàng SJC ngày 26/04/2019,36.210 x1000đ/lượng,36.380 x1000đ/lượng
Lịch sử giá vàng SJC ngày 27/04/2019,36.300 x1000đ/lượng,36.500 x1000đ/lượng
Lịch sử giá vàng SJC ngày 28/04/2019,,
Lịch sử giá vàng SJC ngày 29/04/2019,,
Lịch sử giá vàng SJC ngày 30/04/2019,,
Lịch sử giá vàng SJC ngày 01/05/2019,,
Lịch sử giá vàng SJC ngày 02/05/2019,36.300 x1000đ/lượng,36.500 x1000đ/lượng
Lịch sử giá vàng SJC ngày 03/05/2019,36.110 x1000đ/lượng,36.280 x1000đ/lượng
Lịch sử giá vàng SJC ngày 04/05/2019,36.180 x1000đ/lượng,36.350 x1000đ/lượng
Lịch sử giá vàng SJC ngày 05/05/2019,,
Lịch sử giá vàng SJC ngày 06/05/2019,36.200 x1000đ/lượng,36.370 x1000đ/lượng
Lịch sử giá vàng SJC ngày 07/05/2019,36.160 x1000đ/lượng,36.330 x1000đ/lượng
Lịch sử giá vàng SJC ngày 08/05/2019,36.190 x1000đ/lượng,36.360 x1000đ/lượng
Lịch sử giá vàng SJC ngày 09/05/2019,36.180 x1000đ/lượng,36.350 x1000đ/lượng
Lịch sử giá vàng SJC ngày 10/05/2019,36.180 x1000đ/lượng,36.350 x1000đ/lượng
Lịch sử giá vàng SJC ngày 11/05/2019,36.260 x1000đ/lượng,36.430 x1000đ/lượng
Lịch sử giá vàng SJC ngày 12/05/2019,,
Lịch sử giá vàng SJC ngày 13/05/2019,36.230 x1000đ/lượng,36.400 x1000đ/lượng
Lịch sử giá vàng SJC ngày 14/05/2019,36.330 x1000đ/lượng,36.500 x1000đ/lượng
Lịch sử giá vàng SJC ngày 15/05/2019,36.370 x1000đ/lượng,36.540 x1000đ/lượng
Lịch sử giá vàng SJC ngày 16/05/2019,36.340 x1000đ/lượng,36.510 x1000đ/lượng
Lịch sử giá vàng SJC ngày 17/05/2019,36.240 x1000đ/lượng,36.410 x1000đ/lượng
Lịch sử giá vàng SJC ngày 18/05/2019,36.300 x1000đ/lượng,36.470 x1000đ/lượng
Lịch sử giá vàng SJC ngày 19/05/2019,,
Lịch sử giá vàng SJC ngày 20/05/2019,36.260 x1000đ/lượng,36.430 x1000đ/lượng
Lịch sử giá vàng SJC ngày 21/05/2019,36.220 x1000đ/lượng,36.390 x1000đ/lượng
Lịch sử giá vàng SJC ngày 22/05/2019,36.130 x1000đ/lượng,36.300 x1000đ/lượng
Lịch sử giá vàng SJC ngày 23/05/2019,36.140 x1000đ/lượng,36.310 x1000đ/lượng
Lịch sử giá vàng SJC ngày 24/05/2019,36.230 x1000đ/lượng,36.400 x1000đ/lượng
Lịch sử giá vàng SJC ngày 25/05/2019,36.280 x1000đ/lượng,36.450 x1000đ/lượng
Lịch sử giá vàng SJC ngày 26/05/2019,,
Lịch sử giá vàng SJC ngày 27/05/2019,36.280 x1000đ/lượng,36.450 x1000đ/lượng
Lịch sử giá vàng SJC ngày 28/05/2019,36.280 x1000đ/lượng,36.450 x1000đ/lượng
Lịch sử giá vàng SJC ngày 29/05/2019,36.180 x1000đ/lượng,36.350 x1000đ/lượng
Lịch sử giá vàng SJC ngày 30/05/2019,36.150 x1000đ/lượng,36.340 x1000đ/lượng
Lịch sử giá vàng SJC ngày 31/05/2019,36.300 x1000đ/lượng,36.470 x1000đ/lượng
Lịch sử giá vàng SJC ngày 01/06/2019,36.500 x1000đ/lượng,36.700 x1000đ/lượng
Lịch sử giá vàng SJC ngày 02/06/2019,,
Lịch sử giá vàng SJC ngày 03/06/2019,36.600 x1000đ/lượng,36.770 x1000đ/lượng
Lịch sử giá vàng SJC ngày 04/06/2019,36.800 x1000đ/lượng,37.100 x1000đ/lượng
Lịch sử giá vàng SJC ngày 05/06/2019,36.840 x1000đ/lượng,37.040 x1000đ/lượng
Lịch sử giá vàng SJC ngày 06/06/2019,36.800 x1000đ/lượng,37.050 x1000đ/lượng
Lịch sử giá vàng SJC ngày 07/06/2019,36.980 x1000đ/lượng,37.230 x1000đ/lượng
Lịch sử giá vàng SJC ngày 08/06/2019,37.050 x1000đ/lượng,37.350 x1000đ/lượng
Lịch sử giá vàng SJC ngày 09/06/2019,,
Lịch sử giá vàng SJC ngày 10/06/2019,37.050 x1000đ/lượng,37.350 x1000đ/lượng
Lịch sử giá vàng SJC ngày 11/06/2019,37.070 x1000đ/lượng,37.270 x1000đ/lượng
Lịch sử giá vàng SJC ngày 12/06/2019,36.930 x1000đ/lượng,37.130 x1000đ/lượng
Lịch sử giá vàng SJC ngày 13/06/2019,37.080 x1000đ/lượng,37.330 x1000đ/lượng
Lịch sử giá vàng SJC ngày 14/06/2019,37.200 x1000đ/lượng,37.400 x1000đ/lượng
Lịch sử giá vàng SJC ngày 15/06/2019,37.300 x1000đ/lượng,37.600 x1000đ/lượng
Lịch sử giá vàng SJC ngày 16/06/2019,,
Lịch sử giá vàng SJC ngày 17/06/2019,37.350 x1000đ/lượng,37.550 x1000đ/lượng
Lịch sử giá vàng SJC ngày 18/06/2019,37.370 x1000đ/lượng,37.570 x1000đ/lượng
Lịch sử giá vàng SJC ngày 19/06/2019,37.500 x1000đ/lượng,37.700 x1000đ/lượng
Lịch sử giá vàng SJC ngày 20/06/2019,38.000 x1000đ/lượng,38.500 x1000đ/lượng
Lịch sử giá vàng SJC ngày 21/06/2019,38.350 x1000đ/lượng,38.600 x1000đ/lượng
Lịch sử giá vàng SJC ngày 22/06/2019,38.600 x1000đ/lượng,38.900 x1000đ/lượng
Lịch sử giá vàng SJC ngày 23/06/2019,,
Lịch sử giá vàng SJC ngày 24/06/2019,38.700 x1000đ/lượng,39.000 x1000đ/lượng
Lịch sử giá vàng SJC ngày 25/06/2019,39.000 x1000đ/lượng,39.300 x1000đ/lượng
Lịch sử giá vàng SJC ngày 26/06/2019,38.850 x1000đ/lượng,39.150 x1000đ/lượng
Lịch sử giá vàng SJC ngày 27/06/2019,38.850 x1000đ/lượng,39.100 x1000đ/lượng
Lịch sử giá vàng SJC ngày 28/06/2019,38.500 x1000đ/lượng,38.750 x1000đ/lượng
Lịch sử giá vàng SJC ngày 29/06/2019,38.650 x1000đ/lượng,38.900 x1000đ/lượng
Lịch sử giá vàng SJC ngày 30/06/2019,,
Lịch sử giá vàng SJC ngày 01/07/2019,38.250 x1000đ/lượng,38.500 x1000đ/lượng
Lịch sử giá vàng SJC ngày 02/07/2019,38.150 x1000đ/lượng,38.400 x1000đ/lượng
Lịch sử giá vàng SJC ngày 03/07/2019,38.250 x1000đ/lượng,38.450 x1000đ/lượng
Lịch sử giá vàng SJC ngày 04/07/2019,38.700 x1000đ/lượng,39.000 x1000đ/lượng
Lịch sử giá vàng SJC ngày 05/07/2019,38.850 x1000đ/lượng,39.100 x1000đ/lượng
Lịch sử giá vàng SJC ngày 06/07/2019,38.550 x1000đ/lượng,38.800 x1000đ/lượng
Lịch sử giá vàng SJC ngày 07/07/2019,,
Lịch sử giá vàng SJC ngày 08/07/2019,38.550 x1000đ/lượng,38.800 x1000đ/lượng
Lịch sử giá vàng SJC ngày 09/07/2019,38.600 x1000đ/lượng,38.850 x1000đ/lượng
Lịch sử giá vàng SJC ngày 10/07/2019,38.650 x1000đ/lượng,38.850 x1000đ/lượng
Lịch sử giá vàng SJC ngày 11/07/2019,39.000 x1000đ/lượng,39.300 x1000đ/lượng
Lịch sử giá vàng SJC ngày 12/07/2019,38.800 x1000đ/lượng,39.100 x1000đ/lượng
Lịch sử giá vàng SJC ngày 13/07/2019,39.000 x1000đ/lượng,39.250 x1000đ/lượng
Lịch sử giá vàng SJC ngày 14/07/2019,,
Lịch sử giá vàng SJC ngày 15/07/2019,39.000 x1000đ/lượng,39.200 x1000đ/lượng
Lịch sử giá vàng SJC ngày 16/07/2019,39.050 x1000đ/lượng,39.250 x1000đ/lượng
Lịch sử giá vàng SJC ngày 17/07/2019,39.000 x1000đ/lượng,39.200 x1000đ/lượng
Lịch sử giá vàng SJC ngày 18/07/2019,38.950 x1000đ/lượng,39.150 x1000đ/lượng
Lịch sử giá vàng SJC ngày 19/07/2019,39.600 x1000đ/lượng,39.900 x1000đ/lượng
Lịch sử giá vàng SJC ngày 20/07/2019,39.400 x1000đ/lượng,39.700 x1000đ/lượng
Lịch sử giá vàng SJC ngày 21/07/2019,,
Lịch sử giá vàng SJC ngày 22/07/2019,39.380 x1000đ/lượng,39.620 x1000đ/lượng
Lịch sử giá vàng SJC ngày 23/07/2019,39.350 x1000đ/lượng,39.600 x1000đ/lượng
Lịch sử giá vàng SJC ngày 24/07/2019,39.400 x1000đ/lượng,39.650 x1000đ/lượng
Lịch sử giá vàng SJC ngày 25/07/2019,39.400 x1000đ/lượng,39.650 x1000đ/lượng
Lịch sử giá vàng SJC ngày 26/07/2019,39.420 x1000đ/lượng,39.670 x1000đ/lượng
Lịch sử giá vàng SJC ngày 27/07/2019,39.420 x1000đ/lượng,39.670 x1000đ/lượng
Lịch sử giá vàng SJC ngày 28/07/2019,,
Lịch sử giá vàng SJC ngày 29/07/2019,39.470 x1000đ/lượng,39.720 x1000đ/lượng
Lịch sử giá vàng SJC ngày 30/07/2019,39.480 x1000đ/lượng,39.680 x1000đ/lượng
Lịch sử giá vàng SJC ngày 31/07/2019,39.600 x1000đ/lượng,39.800 x1000đ/lượng
Lịch sử giá vàng SJC ngày 01/08/2019,39.600 x1000đ/lượng,39.800 x1000đ/lượng
Lịch sử giá vàng SJC ngày 02/08/2019,39.670 x1000đ/lượng,39.920 x1000đ/lượng
Lịch sử giá vàng SJC ngày 03/08/2019,39.700 x1000đ/lượng,39.950 x1000đ/lượng
Lịch sử giá vàng SJC ngày 04/08/2019,,
Lịch sử giá vàng SJC ngày 05/08/2019,39.770 x1000đ/lượng,40.020 x1000đ/lượng
Lịch sử giá vàng SJC ngày 06/08/2019,40.500 x1000đ/lượng,40.800 x1000đ/lượng
Lịch sử giá vàng SJC ngày 07/08/2019,40.800 x1000đ/lượng,41.100 x1000đ/lượng
Lịch sử giá vàng SJC ngày 08/08/2019,41.700 x1000đ/lượng,42.050 x1000đ/lượng
Lịch sử giá vàng SJC ngày 09/08/2019,41.950 x1000đ/lượng,42.350 x1000đ/lượng
Lịch sử giá vàng SJC ngày 10/08/2019,41.550 x1000đ/lượng,41.950 x1000đ/lượng
Lịch sử giá vàng SJC ngày 11/08/2019,,
Lịch sử giá vàng SJC ngày 12/08/2019,41.450 x1000đ/lượng,41.850 x1000đ/lượng
Lịch sử giá vàng SJC ngày 13/08/2019,41.350 x1000đ/lượng,41.700 x1000đ/lượng
Lịch sử giá vàng SJC ngày 14/08/2019,41.850 x1000đ/lượng,42.200 x1000đ/lượng
Lịch sử giá vàng SJC ngày 15/08/2019,41.600 x1000đ/lượng,42.000 x1000đ/lượng
Lịch sử giá vàng SJC ngày 16/08/2019,41.750 x1000đ/lượng,42.100 x1000đ/lượng
Lịch sử giá vàng SJC ngày 17/08/2019,41.450 x1000đ/lượng,41.850 x1000đ/lượng
Lịch sử giá vàng SJC ngày 18/08/2019,,
Lịch sử giá vàng SJC ngày 19/08/2019,41.450 x1000đ/lượng,41.800 x1000đ/lượng
Lịch sử giá vàng SJC ngày 20/08/2019,41.300 x1000đ/lượng,41.650 x1000đ/lượng
Lịch sử giá vàng SJC ngày 21/08/2019,41.500 x1000đ/lượng,41.800 x1000đ/lượng
Lịch sử giá vàng SJC ngày 22/08/2019,41.400 x1000đ/lượng,41.700 x1000đ/lượng
Lịch sử giá vàng SJC ngày 23/08/2019,41.450 x1000đ/lượng,41.750 x1000đ/lượng
Lịch sử giá vàng SJC ngày 24/08/2019,41.950 x1000đ/lượng,42.300 x1000đ/lượng
Lịch sử giá vàng SJC ngày 25/08/2019,,
Lịch sử giá vàng SJC ngày 26/08/2019,42.050 x1000đ/lượng,42.400 x1000đ/lượng
Lịch sử giá vàng SJC ngày 27/08/2019,42.400 x1000đ/lượng,42.800 x1000đ/lượng
Lịch sử giá vàng SJC ngày 28/08/2019,42.450 x1000đ/lượng,42.850 x1000đ/lượng
Lịch sử giá vàng SJC ngày 29/08/2019,42.400 x1000đ/lượng,42.800 x1000đ/lượng
Lịch sử giá vàng SJC ngày 30/08/2019,42.300 x1000đ/lượng,42.650 x1000đ/lượng
Lịch sử giá vàng SJC ngày 31/08/2019,42.300 x1000đ/lượng,42.650 x1000đ/lượng
Lịch sử giá vàng SJC ngày 01/09/2019,,
Lịch sử giá vàng SJC ngày 02/09/2019,,
Lịch sử giá vàng SJC ngày 03/09/2019,42.270 x1000đ/lượng,42.570 x1000đ/lượng
Lịch sử giá vàng SJC ngày 04/09/2019,42.650 x1000đ/lượng,42.950 x1000đ/lượng
Lịch sử giá vàng SJC ngày 05/09/2019,42.600 x1000đ/lượng,42.950 x1000đ/lượng
Lịch sử giá vàng SJC ngày 06/09/2019,42.100 x1000đ/lượng,42.500 x1000đ/lượng
Lịch sử giá vàng SJC ngày 07/09/2019,42.100 x1000đ/lượng,42.450 x1000đ/lượng
Lịch sử giá vàng SJC ngày 08/09/2019,,
Lịch sử giá vàng SJC ngày 09/09/2019,42.100 x1000đ/lượng,42.450 x1000đ/lượng
Lịch sử giá vàng SJC ngày 10/09/2019,41.750 x1000đ/lượng,42.100 x1000đ/lượng
Lịch sử giá vàng SJC ngày 11/09/2019,41.350 x1000đ/lượng,41.750 x1000đ/lượng
Lịch sử giá vàng SJC ngày 12/09/2019,41.400 x1000đ/lượng,41.750 x1000đ/lượng
Lịch sử giá vàng SJC ngày 13/09/2019,41.550 x1000đ/lượng,41.900 x1000đ/lượng
Lịch sử giá vàng SJC ngày 14/09/2019,,
Lịch sử giá vàng SJC ngày 15/09/2019,,
Lịch sử giá vàng SJC ngày 16/09/2019,41.550 x1000đ/lượng,41.900 x1000đ/lượng
Lịch sử giá vàng SJC ngày 17/09/2019,41.500 x1000đ/lượng,41.850 x1000đ/lượng
Lịch sử giá vàng SJC ngày 18/09/2019,41.600 x1000đ/lượng,41.900 x1000đ/lượng
Lịch sử giá vàng SJC ngày 19/09/2019,41.550 x1000đ/lượng,41.850 x1000đ/lượng
Lịch sử giá vàng SJC ngày 20/09/2019,41.650 x1000đ/lượng,41.950 x1000đ/lượng
Lịch sử giá vàng SJC ngày 21/09/2019,41.650 x1000đ/lượng,41.950 x1000đ/lượng
Lịch sử giá vàng SJC ngày 22/09/2019,,
Lịch sử giá vàng SJC ngày 23/09/2019,41.900 x1000đ/lượng,42.200 x1000đ/lượng
Lịch sử giá vàng SJC ngày 24/09/2019,41.980 x1000đ/lượng,42.280 x1000đ/lượng
Lịch sử giá vàng SJC ngày 25/09/2019,42.250 x1000đ/lượng,42.600 x1000đ/lượng
Lịch sử giá vàng SJC ngày 26/09/2019,42.000 x1000đ/lượng,42.300 x1000đ/lượng
Lịch sử giá vàng SJC ngày 27/09/2019,41.900 x1000đ/lượng,42.200 x1000đ/lượng
Lịch sử giá vàng SJC ngày 28/09/2019,41.700 x1000đ/lượng,42.000 x1000đ/lượng
Lịch sử giá vàng SJC ngày 29/09/2019,,
Lịch sử giá vàng SJC ngày 30/09/2019,41.650 x1000đ/lượng,41.950 x1000đ/lượng
Lịch sử giá vàng SJC ngày 01/10/2019,41.250 x1000đ/lượng,41.550 x1000đ/lượng
Lịch sử giá vàng SJC ngày 02/10/2019,41.150 x1000đ/lượng,41.500 x1000đ/lượng
Lịch sử giá vàng SJC ngày 03/10/2019,41.550 x1000đ/lượng,41.850 x1000đ/lượng
Lịch sử giá vàng SJC ngày 04/10/2019,41.750 x1000đ/lượng,42.050 x1000đ/lượng
Lịch sử giá vàng SJC ngày 05/10/2019,41.750 x1000đ/lượng,42.050 x1000đ/lượng
Lịch sử giá vàng SJC ngày 06/10/2019,,
Lịch sử giá vàng SJC ngày 07/10/2019,41.750 x1000đ/lượng,42.050 x1000đ/lượng
Lịch sử giá vàng SJC ngày 08/10/2019,41.500 x1000đ/lượng,41.800 x1000đ/lượng
Lịch sử giá vàng SJC ngày 09/10/2019,41.700 x1000đ/lượng,41.950 x1000đ/lượng
Lịch sử giá vàng SJC ngày 10/10/2019,41.820 x1000đ/lượng,42.070 x1000đ/lượng
Lịch sử giá vàng SJC ngày 11/10/2019,41.630 x1000đ/lượng,41.880 x1000đ/lượng
Lịch sử giá vàng SJC ngày 12/10/2019,41.600 x1000đ/lượng,41.900 x1000đ/lượng
Lịch sử giá vàng SJC ngày 13/10/2019,,
Lịch sử giá vàng SJC ngày 14/10/2019,41.500 x1000đ/lượng,41.770 x1000đ/lượng
Lịch sử giá vàng SJC ngày 15/10/2019,41.500 x1000đ/lượng,41.770 x1000đ/lượng
Lịch sử giá vàng SJC ngày 16/10/2019,41.450 x1000đ/lượng,41.720 x1000đ/lượng
Lịch sử giá vàng SJC ngày 17/10/2019,41.470 x1000đ/lượng,41.740 x1000đ/lượng
Lịch sử giá vàng SJC ngày 18/10/2019,41.480 x1000đ/lượng,41.750 x1000đ/lượng
Lịch sử giá vàng SJC ngày 19/10/2019,41.470 x1000đ/lượng,41.750 x1000đ/lượng
Lịch sử giá vàng SJC ngày 20/10/2019,,
Lịch sử giá vàng SJC ngày 21/10/2019,41.480 x1000đ/lượng,41.750 x1000đ/lượng
Lịch sử giá vàng SJC ngày 22/10/2019,41.400 x1000đ/lượng,41.680 x1000đ/lượng
Lịch sử giá vàng SJC ngày 23/10/2019,41.480 x1000đ/lượng,41.750 x1000đ/lượng
Lịch sử giá vàng SJC ngày 24/10/2019,41.520 x1000đ/lượng,41.780 x1000đ/lượng
Lịch sử giá vàng SJC ngày 25/10/2019,41.600 x1000đ/lượng,41.880 x1000đ/lượng
Lịch sử giá vàng SJC ngày 26/10/2019,41.670 x1000đ/lượng,41.950 x1000đ/lượng
Lịch sử giá vàng SJC ngày 27/10/2019,,
Lịch sử giá vàng SJC ngày 28/10/2019,41.680 x1000đ/lượng,41.950 x1000đ/lượng
Lịch sử giá vàng SJC ngày 29/10/2019,41.620 x1000đ/lượng,41.900 x1000đ/lượng
Lịch sử giá vàng SJC ngày 30/10/2019,41.600 x1000đ/lượng,41.880 x1000đ/lượng
Lịch sử giá vàng SJC ngày 31/10/2019,41.650 x1000đ/lượng,41.930 x1000đ/lượng
Lịch sử giá vàng SJC ngày 01/11/2019,41.820 x1000đ/lượng,42.100 x1000đ/lượng
Lịch sử giá vàng SJC ngày 02/11/2019,41.860 x1000đ/lượng,42.140 x1000đ/lượng
Lịch sử giá vàng SJC ngày 03/11/2019,,
Lịch sử giá vàng SJC ngày 04/11/2019,41.840 x1000đ/lượng,42.100 x1000đ/lượng
Lịch sử giá vàng SJC ngày 05/11/2019,41.760 x1000đ/lượng,42.030 x1000đ/lượng
Lịch sử giá vàng SJC ngày 06/11/2019,41.530 x1000đ/lượng,41.800 x1000đ/lượng
Lịch sử giá vàng SJC ngày 07/11/2019,41.610 x1000đ/lượng,41.880 x1000đ/lượng
Lịch sử giá vàng SJC ngày 08/11/2019,41.300 x1000đ/lượng,41.580 x1000đ/lượng
Lịch sử giá vàng SJC ngày 09/11/2019,41.260 x1000đ/lượng,41.540 x1000đ/lượng
Lịch sử giá vàng SJC ngày 10/11/2019,,
Lịch sử giá vàng SJC ngày 11/11/2019,41.260 x1000đ/lượng,41.540 x1000đ/lượng
Lịch sử giá vàng SJC ngày 12/11/2019,41.300 x1000đ/lượng,41.560 x1000đ/lượng
Lịch sử giá vàng SJC ngày 13/11/2019,41.100 x1000đ/lượng,41.360 x1000đ/lượng
Lịch sử giá vàng SJC ngày 14/11/2019,41.160 x1000đ/lượng,41.420 x1000đ/lượng
Lịch sử giá vàng SJC ngày 15/11/2019,41.220 x1000đ/lượng,41.470 x1000đ/lượng
Lịch sử giá vàng SJC ngày 16/11/2019,41.230 x1000đ/lượng,41.480 x1000đ/lượng
Lịch sử giá vàng SJC ngày 17/11/2019,,
Lịch sử giá vàng SJC ngày 18/11/2019,41.250 x1000đ/lượng,41.470 x1000đ/lượng
Lịch sử giá vàng SJC ngày 19/11/2019,41.320 x1000đ/lượng,41.540 x1000đ/lượng
Lịch sử giá vàng SJC ngày 20/11/2019,41.300 x1000đ/lượng,41.520 x1000đ/lượng
Lịch sử giá vàng SJC ngày 21/11/2019,41.400 x1000đ/lượng,41.620 x1000đ/lượng
Lịch sử giá vàng SJC ngày 22/11/2019,41.370 x1000đ/lượng,41.600 x1000đ/lượng
Lịch sử giá vàng SJC ngày 23/11/2019,41.390 x1000đ/lượng,41.620 x1000đ/lượng
Lịch sử giá vàng SJC ngày 24/11/2019,,
Lịch sử giá vàng SJC ngày 25/11/2019,41.240 x1000đ/lượng,41.470 x1000đ/lượng
Lịch sử giá vàng SJC ngày 26/11/2019,41.100 x1000đ/lượng,41.330 x1000đ/lượng
Lịch sử giá vàng SJC ngày 27/11/2019,41.220 x1000đ/lượng,41.450 x1000đ/lượng
Lịch sử giá vàng SJC ngày 28/11/2019,41.140 x1000đ/lượng,41.370 x1000đ/lượng
Lịch sử giá vàng SJC ngày 29/11/2019,41.100 x1000đ/lượng,41.330 x1000đ/lượng
Lịch sử giá vàng SJC ngày 30/11/2019,41.240 x1000đ/lượng,41.470 x1000đ/lượng
Lịch sử giá vàng SJC ngày 01/12/2019,,
Lịch sử giá vàng SJC ngày 02/12/2019,41.230 x1000đ/lượng,41.450 x1000đ/lượng
Lịch sử giá vàng SJC ngày 03/12/2019,41.200 x1000đ/lượng,41.420 x1000đ/lượng
Lịch sử giá vàng SJC ngày 04/12/2019,41.300 x1000đ/lượng,41.530 x1000đ/lượng
Lịch sử giá vàng SJC ngày 05/12/2019,41.370 x1000đ/lượng,41.590 x1000đ/lượng
Lịch sử giá vàng SJC ngày 06/12/2019,41.370 x1000đ/lượng,41.590 x1000đ/lượng
Lịch sử giá vàng SJC ngày 07/12/2019,41.330 x1000đ/lượng,41.550 x1000đ/lượng
Lịch sử giá vàng SJC ngày 08/12/2019,,
Lịch sử giá vàng SJC ngày 09/12/2019,41.240 x1000đ/lượng,41.460 x1000đ/lượng
Lịch sử giá vàng SJC ngày 10/12/2019,41.200 x1000đ/lượng,41.420 x1000đ/lượng
Lịch sử giá vàng SJC ngày 11/12/2019,41.200 x1000đ/lượng,41.420 x1000đ/lượng
Lịch sử giá vàng SJC ngày 12/12/2019,41.280 x1000đ/lượng,41.510 x1000đ/lượng
Lịch sử giá vàng SJC ngày 13/12/2019,41.230 x1000đ/lượng,41.460 x1000đ/lượng
Lịch sử giá vàng SJC ngày 14/12/2019,41.300 x1000đ/lượng,41.530 x1000đ/lượng
Lịch sử giá vàng SJC ngày 15/12/2019,,
Lịch sử giá vàng SJC ngày 16/12/2019,41.300 x1000đ/lượng,41.520 x1000đ/lượng
Lịch sử giá vàng SJC ngày 17/12/2019,41.370 x1000đ/lượng,41.590 x1000đ/lượng
Lịch sử giá vàng SJC ngày 18/12/2019,41.400 x1000đ/lượng,41.620 x1000đ/lượng
Lịch sử giá vàng SJC ngày 19/12/2019,41.400 x1000đ/lượng,41.620 x1000đ/lượng
Lịch sử giá vàng SJC ngày 20/12/2019,41.400 x1000đ/lượng,41.630 x1000đ/lượng
Lịch sử giá vàng SJC ngày 21/12/2019,41.400 x1000đ/lượng,41.630 x1000đ/lượng
Lịch sử giá vàng SJC ngày 22/12/2019,,
Lịch sử giá vàng SJC ngày 23/12/2019,41.430 x1000đ/lượng,41.660 x1000đ/lượng
Lịch sử giá vàng SJC ngày 24/12/2019,41.540 x1000đ/lượng,41.760 x1000đ/lượng
Lịch sử giá vàng SJC ngày 25/12/2019,41.770 x1000đ/lượng,42.050 x1000đ/lượng
Lịch sử giá vàng SJC ngày 26/12/2019,41.830 x1000đ/lượng,42.100 x1000đ/lượng
Lịch sử giá vàng SJC ngày 27/12/2019,42.000 x1000đ/lượng,42.320 x1000đ/lượng
Lịch sử giá vàng SJC ngày 28/12/2019,42.050 x1000đ/lượng,42.450 x1000đ/lượng
Lịch sử giá vàng SJC ngày 29/12/2019,,
Lịch sử giá vàng SJC ngày 30/12/2019,42.050 x1000đ/lượng,42.450 x1000đ/lượng
Lịch sử giá vàng SJC ngày 31/12/2019,42.200 x1000đ/lượng,42.600 x1000đ/lượng
Lịch sử giá vàng SJC ngày 01/01/2020,,
Lịch sử giá vàng SJC ngày 02/01/2020,42.300 x1000đ/lượng,42.750 x1000đ/lượng
Lịch sử giá vàng SJC ngày 03/01/2020,42.480 x1000đ/lượng,42.830 x1000đ/lượng
Lịch sử giá vàng SJC ngày 04/01/2020,42.800 x1000đ/lượng,43.150 x1000đ/lượng
Lịch sử giá vàng SJC ngày 05/01/2020,,
Lịch sử giá vàng SJC ngày 06/01/2020,43.650 x1000đ/lượng,44.100 x1000đ/lượng
Lịch sử giá vàng SJC ngày 07/01/2020,43.680 x1000đ/lượng,44.130 x1000đ/lượng
Lịch sử giá vàng SJC ngày 08/01/2020,43.650 x1000đ/lượng,44.000 x1000đ/lượng
Lịch sử giá vàng SJC ngày 09/01/2020,43.450 x1000đ/lượng,43.950 x1000đ/lượng
Lịch sử giá vàng SJC ngày 10/01/2020,42.900 x1000đ/lượng,43.400 x1000đ/lượng
Lịch sử giá vàng SJC ngày 11/01/2020,43.200 x1000đ/lượng,43.650 x1000đ/lượng
Lịch sử giá vàng SJC ngày 12/01/2020,,
Lịch sử giá vàng SJC ngày 13/01/2020,43.200 x1000đ/lượng,43.650 x1000đ/lượng
Lịch sử giá vàng SJC ngày 14/01/2020,42.650 x1000đ/lượng,43.050 x1000đ/lượng
Lịch sử giá vàng SJC ngày 15/01/2020,42.950 x1000đ/lượng,43.300 x1000đ/lượng
Lịch sử giá vàng SJC ngày 16/01/2020,43.000 x1000đ/lượng,43.350 x1000đ/lượng
Lịch sử giá vàng SJC ngày 17/01/2020,42.950 x1000đ/lượng,43.300 x1000đ/lượng
Lịch sử giá vàng SJC ngày 18/01/2020,43.100 x1000đ/lượng,43.450 x1000đ/lượng
Lịch sử giá vàng SJC ngày 19/01/2020,,
Lịch sử giá vàng SJC ngày 20/01/2020,43.300 x1000đ/lượng,43.700 x1000đ/lượng
Lịch sử giá vàng SJC ngày 21/01/2020,43.550 x1000đ/lượng,43.950 x1000đ/lượng
Lịch sử giá vàng SJC ngày 22/01/2020,43.250 x1000đ/lượng,43.650 x1000đ/lượng
Lịch sử giá vàng SJC ngày 23/01/2020,,
Lịch sử giá vàng SJC ngày 24/01/2020,,
Lịch sử giá vàng SJC ngày 25/01/2020,,
Lịch sử giá vàng SJC ngày 26/01/2020,,
Lịch sử giá vàng SJC ngày 27/01/2020,,
Lịch sử giá vàng SJC ngày 28/01/2020,,
Lịch sử giá vàng SJC ngày 29/01/2020,,
Lịch sử giá vàng SJC ngày 30/01/2020,43.300 x1000đ/lượng,43.750 x1000đ/lượng
Lịch sử giá vàng SJC ngày 31/01/2020,44.150 x1000đ/lượng,44.550 x1000đ/lượng
Lịch sử giá vàng SJC ngày 01/02/2020,44.350 x1000đ/lượng,44.750 x1000đ/lượng
Lịch sử giá vàng SJC ngày 02/02/2020,44.450 x1000đ/lượng,44.950 x1000đ/lượng
Lịch sử giá vàng SJC ngày 03/02/2020,44.350 x1000đ/lượng,44.850 x1000đ/lượng
Lịch sử giá vàng SJC ngày 04/02/2020,43.800 x1000đ/lượng,44.200 x1000đ/lượng
Lịch sử giá vàng SJC ngày 05/02/2020,43.250 x1000đ/lượng,43.750 x1000đ/lượng
Lịch sử giá vàng SJC ngày 06/02/2020,43.400 x1000đ/lượng,43.850 x1000đ/lượng
Lịch sử giá vàng SJC ngày 07/02/2020,43.600 x1000đ/lượng,44.000 x1000đ/lượng
Lịch sử giá vàng SJC ngày 08/02/2020,43.700 x1000đ/lượng,44.150 x1000đ/lượng
Lịch sử giá vàng SJC ngày 09/02/2020,,
Lịch sử giá vàng SJC ngày 10/02/2020,44.250 x1000đ/lượng,44.800 x1000đ/lượng
Lịch sử giá vàng SJC ngày 11/02/2020,43.900 x1000đ/lượng,44.250 x1000đ/lượng
Lịch sử giá vàng SJC ngày 12/02/2020,43.850 x1000đ/lượng,44.200 x1000đ/lượng
Lịch sử giá vàng SJC ngày 13/02/2020,43.900 x1000đ/lượng,44.250 x1000đ/lượng
Lịch sử giá vàng SJC ngày 14/02/2020,44.000 x1000đ/lượng,44.350 x1000đ/lượng
Lịch sử giá vàng SJC ngày 15/02/2020,44.060 x1000đ/lượng,44.430 x1000đ/lượng
Lịch sử giá vàng SJC ngày 16/02/2020,,
Lịch sử giá vàng SJC ngày 17/02/2020,44.050 x1000đ/lượng,44.400 x1000đ/lượng
Lịch sử giá vàng SJC ngày 18/02/2020,44.250 x1000đ/lượng,44.550 x1000đ/lượng
Lịch sử giá vàng SJC ngày 19/02/2020,44.630 x1000đ/lượng,44.980 x1000đ/lượng
Lịch sử giá vàng SJC ngày 20/02/2020,44.680 x1000đ/lượng,45.030 x1000đ/lượng
Lịch sử giá vàng SJC ngày 21/02/2020,44.900 x1000đ/lượng,45.300 x1000đ/lượng
Lịch sử giá vàng SJC ngày 22/02/2020,45.450 x1000đ/lượng,45.850 x1000đ/lượng
Lịch sử giá vàng SJC ngày 23/02/2020,,
Lịch sử giá vàng SJC ngày 24/02/2020,45.600 x1000đ/lượng,46.050 x1000đ/lượng
Lịch sử giá vàng SJC ngày 25/02/2020,46.500 x1000đ/lượng,47.800 x1000đ/lượng
Lịch sử giá vàng SJC ngày 26/02/2020,46.000 x1000đ/lượng,47.000 x1000đ/lượng
Lịch sử giá vàng SJC ngày 27/02/2020,46.150 x1000đ/lượng,46.950 x1000đ/lượng
Lịch sử giá vàng SJC ngày 28/02/2020,46.000 x1000đ/lượng,46.600 x1000đ/lượng
Lịch sử giá vàng SJC ngày 29/02/2020,44.600 x1000đ/lượng,45.600 x1000đ/lượng
Lịch sử giá vàng SJC ngày 01/03/2020,,
Lịch sử giá vàng SJC ngày 02/03/2020,45.750 x1000đ/lượng,46.200 x1000đ/lượng
Lịch sử giá vàng SJC ngày 03/03/2020,45.750 x1000đ/lượng,46.250 x1000đ/lượng
Lịch sử giá vàng SJC ngày 04/03/2020,46.800 x1000đ/lượng,47.600 x1000đ/lượng
Lịch sử giá vàng SJC ngày 05/03/2020,46.450 x1000đ/lượng,46.950 x1000đ/lượng
Lịch sử giá vàng SJC ngày 06/03/2020,46.850 x1000đ/lượng,47.350 x1000đ/lượng
Lịch sử giá vàng SJC ngày 07/03/2020,46.600 x1000đ/lượng,47.100 x1000đ/lượng
Lịch sử giá vàng SJC ngày 08/03/2020,,
Lịch sử giá vàng SJC ngày 09/03/2020,46.800 x1000đ/lượng,47.300 x1000đ/lượng
Lịch sử giá vàng SJC ngày 10/03/2020,47.050 x1000đ/lượng,47.650 x1000đ/lượng
Lịch sử giá vàng SJC ngày 11/03/2020,46.850 x1000đ/lượng,47.450 x1000đ/lượng
Lịch sử giá vàng SJC ngày 12/03/2020,46.650 x1000đ/lượng,47.250 x1000đ/lượng
Lịch sử giá vàng SJC ngày 13/03/2020,46.900 x1000đ/lượng,47.500 x1000đ/lượng
Lịch sử giá vàng SJC ngày 14/03/2020,,
Lịch sử giá vàng SJC ngày 15/03/2020,,
Lịch sử giá vàng SJC ngày 16/03/2020,,
Lịch sử giá vàng SJC ngày 17/03/2020,,
Lịch sử giá vàng SJC ngày 18/03/2020,,
Lịch sử giá vàng SJC ngày 19/03/2020,45.800 x1000đ/lượng,46.600 x1000đ/lượng
Lịch sử giá vàng SJC ngày 20/03/2020,46.000 x1000đ/lượng,46.800 x1000đ/lượng
Lịch sử giá vàng SJC ngày 21/03/2020,45.750 x1000đ/lượng,46.550 x1000đ/lượng
Lịch sử giá vàng SJC ngày 22/03/2020,,
Lịch sử giá vàng SJC ngày 23/03/2020,45.800 x1000đ/lượng,46.500 x1000đ/lượng
Lịch sử giá vàng SJC ngày 24/03/2020,45.800 x1000đ/lượng,46.500 x1000đ/lượng
Lịch sử giá vàng SJC ngày 25/03/2020,46.500 x1000đ/lượng,47.200 x1000đ/lượng
Lịch sử giá vàng SJC ngày 26/03/2020,46.600 x1000đ/lượng,47.300 x1000đ/lượng
Lịch sử giá vàng SJC ngày 27/03/2020,47.050 x1000đ/lượng,47.850 x1000đ/lượng
Lịch sử giá vàng SJC ngày 28/03/2020,46.950 x1000đ/lượng,47.800 x1000đ/lượng
Lịch sử giá vàng SJC ngày 29/03/2020,,
Lịch sử giá vàng SJC ngày 30/03/2020,47.100 x1000đ/lượng,47.900 x1000đ/lượng
Lịch sử giá vàng SJC ngày 31/03/2020,47.100 x1000đ/lượng,48.300 x1000đ/lượng
Lịch sử giá vàng SJC ngày 01/04/2020,46.600 x1000đ/lượng,47.900 x1000đ/lượng
Lịch sử giá vàng SJC ngày 02/04/2020,47.050 x1000đ/lượng,48.050 x1000đ/lượng
Lịch sử giá vàng SJC ngày 03/04/2020,47.150 x1000đ/lượng,48.150 x1000đ/lượng
Lịch sử giá vàng SJC ngày 04/04/2020,,
Lịch sử giá vàng SJC ngày 05/04/2020,,
Lịch sử giá vàng SJC ngày 06/04/2020,47.000 x1000đ/lượng,48.000 x1000đ/lượng
Lịch sử giá vàng SJC ngày 07/04/2020,47.400 x1000đ/lượng,48.400 x1000đ/lượng
Lịch sử giá vàng SJC ngày 08/04/2020,47.000 x1000đ/lượng,47.900 x1000đ/lượng
Lịch sử giá vàng SJC ngày 09/04/2020,47.200 x1000đ/lượng,48.050 x1000đ/lượng
Lịch sử giá vàng SJC ngày 10/04/2020,47.600 x1000đ/lượng,48.450 x1000đ/lượng
Lịch sử giá vàng SJC ngày 11/04/2020,,
Lịch sử giá vàng SJC ngày 12/04/2020,,
Lịch sử giá vàng SJC ngày 13/04/2020,47.450 x1000đ/lượng,48.300 x1000đ/lượng
Lịch sử giá vàng SJC ngày 14/04/2020,47.550 x1000đ/lượng,48.400 x1000đ/lượng
Lịch sử giá vàng SJC ngày 15/04/2020,47.700 x1000đ/lượng,48.500 x1000đ/lượng
Lịch sử giá vàng SJC ngày 16/04/2020,47.550 x1000đ/lượng,48.350 x1000đ/lượng
Lịch sử giá vàng SJC ngày 17/04/2020,47.500 x1000đ/lượng,48.250 x1000đ/lượng
Lịch sử giá vàng SJC ngày 18/04/2020,,
Lịch sử giá vàng SJC ngày 19/04/2020,,
Lịch sử giá vàng SJC ngày 20/04/2020,47.400 x1000đ/lượng,48.150 x1000đ/lượng
Lịch sử giá vàng SJC ngày 21/04/2020,47.400 x1000đ/lượng,48.050 x1000đ/lượng
Lịch sử giá vàng SJC ngày 22/04/2020,47.500 x1000đ/lượng,48.150 x1000đ/lượng
Lịch sử giá vàng SJC ngày 23/04/2020,47.650 x1000đ/lượng,48.300 x1000đ/lượng
Lịch sử giá vàng SJC ngày 24/04/2020,47.750 x1000đ/lượng,48.400 x1000đ/lượng
Lịch sử giá vàng SJC ngày 25/04/2020,47.900 x1000đ/lượng,48.550 x1000đ/lượng
Lịch sử giá vàng SJC ngày 26/04/2020,,
Lịch sử giá vàng SJC ngày 27/04/2020,47.850 x1000đ/lượng,48.500 x1000đ/lượng
Lịch sử giá vàng SJC ngày 28/04/2020,47.750 x1000đ/lượng,48.400 x1000đ/lượng
Lịch sử giá vàng SJC ngày 29/04/2020,48.000 x1000đ/lượng,48.650 x1000đ/lượng
Lịch sử giá vàng SJC ngày 30/04/2020,,
Lịch sử giá vàng SJC ngày 01/05/2020,,
Lịch sử giá vàng SJC ngày 02/05/2020,,
Lịch sử giá vàng SJC ngày 03/05/2020,,
Lịch sử giá vàng SJC ngày 04/05/2020,47.800 x1000đ/lượng,48.400 x1000đ/lượng
Lịch sử giá vàng SJC ngày 05/05/2020,47.850 x1000đ/lượng,48.450 x1000đ/lượng
Lịch sử giá vàng SJC ngày 06/05/2020,47.900 x1000đ/lượng,48.500 x1000đ/lượng
Lịch sử giá vàng SJC ngày 07/05/2020,47.800 x1000đ/lượng,48.250 x1000đ/lượng
Lịch sử giá vàng SJC ngày 08/05/2020,48.000 x1000đ/lượng,48.450 x1000đ/lượng
Lịch sử giá vàng SJC ngày 09/05/2020,47.900 x1000đ/lượng,48.300 x1000đ/lượng
Lịch sử giá vàng SJC ngày 10/05/2020,,
Lịch sử giá vàng SJC ngày 11/05/2020,47.850 x1000đ/lượng,48.300 x1000đ/lượng
Lịch sử giá vàng SJC ngày 12/05/2020,47.750 x1000đ/lượng,48.150 x1000đ/lượng
Lịch sử giá vàng SJC ngày 13/05/2020,48.000 x1000đ/lượng,48.400 x1000đ/lượng
Lịch sử giá vàng SJC ngày 14/05/2020,48.170 x1000đ/lượng,48.550 x1000đ/lượng
Lịch sử giá vàng SJC ngày 15/05/2020,48.300 x1000đ/lượng,48.670 x1000đ/lượng
Lịch sử giá vàng SJC ngày 16/05/2020,48.320 x1000đ/lượng,48.720 x1000đ/lượng
Lịch sử giá vàng SJC ngày 17/05/2020,,
Lịch sử giá vàng SJC ngày 18/05/2020,48.580 x1000đ/lượng,48.980 x1000đ/lượng
Lịch sử giá vàng SJC ngày 19/05/2020,48.500 x1000đ/lượng,49.000 x1000đ/lượng
Lịch sử giá vàng SJC ngày 20/05/2020,48.600 x1000đ/lượng,49.050 x1000đ/lượng
Lịch sử giá vàng SJC ngày 21/05/2020,48.600 x1000đ/lượng,49.050 x1000đ/lượng
Lịch sử giá vàng SJC ngày 22/05/2020,48.450 x1000đ/lượng,48.900 x1000đ/lượng
Lịch sử giá vàng SJC ngày 23/05/2020,48.450 x1000đ/lượng,48.900 x1000đ/lượng
Lịch sử giá vàng SJC ngày 24/05/2020,,
Lịch sử giá vàng SJC ngày 25/05/2020,48.450 x1000đ/lượng,48.850 x1000đ/lượng
Lịch sử giá vàng SJC ngày 26/05/2020,48.520 x1000đ/lượng,48.920 x1000đ/lượng
Lịch sử giá vàng SJC ngày 27/05/2020,48.400 x1000đ/lượng,48.780 x1000đ/lượng
Lịch sử giá vàng SJC ngày 28/05/2020,48.320 x1000đ/lượng,48.700 x1000đ/lượng
Lịch sử giá vàng SJC ngày 29/05/2020,48.400 x1000đ/lượng,48.770 x1000đ/lượng
Lịch sử giá vàng SJC ngày 30/05/2020,48.520 x1000đ/lượng,48.900 x1000đ/lượng
Lịch sử giá vàng SJC ngày 31/05/2020,,
Lịch sử giá vàng SJC ngày 01/06/2020,48.650 x1000đ/lượng,49.000 x1000đ/lượng
Lịch sử giá vàng SJC ngày 02/06/2020,48.680 x1000đ/lượng,49.030 x1000đ/lượng
Lịch sử giá vàng SJC ngày 03/06/2020,48.520 x1000đ/lượng,48.870 x1000đ/lượng
Lịch sử giá vàng SJC ngày 04/06/2020,48.380 x1000đ/lượng,48.730 x1000đ/lượng
Lịch sử giá vàng SJC ngày 05/06/2020,48.500 x1000đ/lượng,48.840 x1000đ/lượng
Lịch sử giá vàng SJC ngày 06/06/2020,48.480 x1000đ/lượng,48.820 x1000đ/lượng
Lịch sử giá vàng SJC ngày 07/06/2020,,
Lịch sử giá vàng SJC ngày 08/06/2020,48.330 x1000đ/lượng,48.680 x1000đ/lượng
Lịch sử giá vàng SJC ngày 09/06/2020,48.400 x1000đ/lượng,48.750 x1000đ/lượng
Lịch sử giá vàng SJC ngày 10/06/2020,48.430 x1000đ/lượng,48.780 x1000đ/lượng
Lịch sử giá vàng SJC ngày 11/06/2020,48.520 x1000đ/lượng,48.870 x1000đ/lượng
Lịch sử giá vàng SJC ngày 12/06/2020,48.420 x1000đ/lượng,48.770 x1000đ/lượng
Lịch sử giá vàng SJC ngày 13/06/2020,48.420 x1000đ/lượng,48.770 x1000đ/lượng
Lịch sử giá vàng SJC ngày 14/06/2020,,
Lịch sử giá vàng SJC ngày 15/06/2020,48.460 x1000đ/lượng,48.800 x1000đ/lượng
Lịch sử giá vàng SJC ngày 16/06/2020,48.320 x1000đ/lượng,48.670 x1000đ/lượng
Lịch sử giá vàng SJC ngày 17/06/2020,48.250 x1000đ/lượng,48.600 x1000đ/lượng
Lịch sử giá vàng SJC ngày 18/06/2020,48.280 x1000đ/lượng,48.610 x1000đ/lượng
Lịch sử giá vàng SJC ngày 19/06/2020,48.340 x1000đ/lượng,48.670 x1000đ/lượng
Lịch sử giá vàng SJC ngày 20/06/2020,48.480 x1000đ/lượng,48.830 x1000đ/lượng
Lịch sử giá vàng SJC ngày 21/06/2020,,
Lịch sử giá vàng SJC ngày 22/06/2020,48.580 x1000đ/lượng,48.930 x1000đ/lượng
Lịch sử giá vàng SJC ngày 23/06/2020,48.700 x1000đ/lượng,49.050 x1000đ/lượng
Lịch sử giá vàng SJC ngày 24/06/2020,48.870 x1000đ/lượng,49.250 x1000đ/lượng
Lịch sử giá vàng SJC ngày 25/06/2020,48.850 x1000đ/lượng,49.230 x1000đ/lượng
Lịch sử giá vàng SJC ngày 26/06/2020,48.830 x1000đ/lượng,49.180 x1000đ/lượng
Lịch sử giá vàng SJC ngày 27/06/2020,48.870 x1000đ/lượng,49.220 x1000đ/lượng
Lịch sử giá vàng SJC ngày 28/06/2020,,
Lịch sử giá vàng SJC ngày 29/06/2020,48.980 x1000đ/lượng,49.330 x1000đ/lượng
Lịch sử giá vàng SJC ngày 30/06/2020,48.970 x1000đ/lượng,49.320 x1000đ/lượng
Lịch sử giá vàng SJC ngày 01/07/2020,49.150 x1000đ/lượng,49.530 x1000đ/lượng
Lịch sử giá vàng SJC ngày 02/07/2020,49.200 x1000đ/lượng,49.580 x1000đ/lượng
Lịch sử giá vàng SJC ngày 03/07/2020,49.350 x1000đ/lượng,49.720 x1000đ/lượng
Lịch sử giá vàng SJC ngày 04/07/2020,49.500 x1000đ/lượng,49.880 x1000đ/lượng
Lịch sử giá vàng SJC ngày 05/07/2020,,
Lịch sử giá vàng SJC ngày 06/07/2020,49.540 x1000đ/lượng,49.920 x1000đ/lượng
Lịch sử giá vàng SJC ngày 07/07/2020,49.900 x1000đ/lượng,50.350 x1000đ/lượng
Lịch sử giá vàng SJC ngày 08/07/2020,49.930 x1000đ/lượng,50.330 x1000đ/lượng
Lịch sử giá vàng SJC ngày 09/07/2020,50.000 x1000đ/lượng,50.400 x1000đ/lượng
Lịch sử giá vàng SJC ngày 10/07/2020,50.120 x1000đ/lượng,50.570 x1000đ/lượng
Lịch sử giá vàng SJC ngày 11/07/2020,50.200 x1000đ/lượng,50.650 x1000đ/lượng
Lịch sử giá vàng SJC ngày 12/07/2020,,
Lịch sử giá vàng SJC ngày 13/07/2020,50.250 x1000đ/lượng,50.650 x1000đ/lượng
Lịch sử giá vàng SJC ngày 14/07/2020,50.170 x1000đ/lượng,50.530 x1000đ/lượng
Lịch sử giá vàng SJC ngày 15/07/2020,50.250 x1000đ/lượng,50.620 x1000đ/lượng
Lịch sử giá vàng SJC ngày 16/07/2020,50.280 x1000đ/lượng,50.650 x1000đ/lượng
Lịch sử giá vàng SJC ngày 17/07/2020,50.280 x1000đ/lượng,50.650 x1000đ/lượng
Lịch sử giá vàng SJC ngày 18/07/2020,50.350 x1000đ/lượng,50.750 x1000đ/lượng
Lịch sử giá vàng SJC ngày 19/07/2020,,
Lịch sử giá vàng SJC ngày 20/07/2020,50.350 x1000đ/lượng,50.750 x1000đ/lượng
Lịch sử giá vàng SJC ngày 21/07/2020,50.650 x1000đ/lượng,51.030 x1000đ/lượng
Lịch sử giá vàng SJC ngày 22/07/2020,51.500 x1000đ/lượng,52.650 x1000đ/lượng
Lịch sử giá vàng SJC ngày 23/07/2020,52.380 x1000đ/lượng,53.380 x1000đ/lượng
Lịch sử giá vàng SJC ngày 24/07/2020,53.720 x1000đ/lượng,54.870 x1000đ/lượng
Lịch sử giá vàng SJC ngày 25/07/2020,53.500 x1000đ/lượng,55.000 x1000đ/lượng
Lịch sử giá vàng SJC ngày 26/07/2020,,
Lịch sử giá vàng SJC ngày 27/07/2020,54.500 x1000đ/lượng,56.000 x1000đ/lượng
Lịch sử giá vàng SJC ngày 28/07/2020,56.500 x1000đ/lượng,58.100 x1000đ/lượng
Lịch sử giá vàng SJC ngày 29/07/2020,56.400 x1000đ/lượng,57.900 x1000đ/lượng
Lịch sử giá vàng SJC ngày 30/07/2020,56.700 x1000đ/lượng,57.950 x1000đ/lượng
Lịch sử giá vàng SJC ngày 31/07/2020,56.600 x1000đ/lượng,57.900 x1000đ/lượng
Lịch sử giá vàng SJC ngày 01/08/2020,56.630 x1000đ/lượng,57.930 x1000đ/lượng
Lịch sử giá vàng SJC ngày 02/08/2020,,
Lịch sử giá vàng SJC ngày 03/08/2020,56.800 x1000đ/lượng,57.950 x1000đ/lượng
Lịch sử giá vàng SJC ngày 04/08/2020,56.750 x1000đ/lượng,57.900 x1000đ/lượng
Lịch sử giá vàng SJC ngày 05/08/2020,56.830 x1000đ/lượng,57.980 x1000đ/lượng
Lịch sử giá vàng SJC ngày 06/08/2020,58.250 x1000đ/lượng,59.500 x1000đ/lượng
Lịch sử giá vàng SJC ngày 07/08/2020,60.600 x1000đ/lượng,62.200 x1000đ/lượng
Lịch sử giá vàng SJC ngày 08/08/2020,59.800 x1000đ/lượng,61.700 x1000đ/lượng
Lịch sử giá vàng SJC ngày 09/08/2020,,
Lịch sử giá vàng SJC ngày 10/08/2020,57.960 x1000đ/lượng,59.920 x1000đ/lượng
Lịch sử giá vàng SJC ngày 11/08/2020,55.680 x1000đ/lượng,57.520 x1000đ/lượng
Lịch sử giá vàng SJC ngày 12/08/2020,53.580 x1000đ/lượng,55.480 x1000đ/lượng
Lịch sử giá vàng SJC ngày 13/08/2020,52.900 x1000đ/lượng,56.220 x1000đ/lượng
Lịch sử giá vàng SJC ngày 14/08/2020,54.950 x1000đ/lượng,57.720 x1000đ/lượng
Lịch sử giá vàng SJC ngày 15/08/2020,54.530 x1000đ/lượng,56.530 x1000đ/lượng
Lịch sử giá vàng SJC ngày 16/08/2020,,
Lịch sử giá vàng SJC ngày 17/08/2020,53.950 x1000đ/lượng,55.600 x1000đ/lượng
Lịch sử giá vàng SJC ngày 18/08/2020,56.700 x1000đ/lượng,58.450 x1000đ/lượng
Lịch sử giá vàng SJC ngày 19/08/2020,56.250 x1000đ/lượng,57.650 x1000đ/lượng
Lịch sử giá vàng SJC ngày 20/08/2020,54.150 x1000đ/lượng,55.650 x1000đ/lượng
Lịch sử giá vàng SJC ngày 21/08/2020,55.350 x1000đ/lượng,56.750 x1000đ/lượng
Lịch sử giá vàng SJC ngày 22/08/2020,,
Lịch sử giá vàng SJC ngày 23/08/2020,,
Lịch sử giá vàng SJC ngày 24/08/2020,55.150 x1000đ/lượng,56.350 x1000đ/lượng
Lịch sử giá vàng SJC ngày 25/08/2020,55.050 x1000đ/lượng,56.100 x1000đ/lượng
Lịch sử giá vàng SJC ngày 26/08/2020,55.000 x1000đ/lượng,56.050 x1000đ/lượng
Lịch sử giá vàng SJC ngày 27/08/2020,55.250 x1000đ/lượng,56.250 x1000đ/lượng
Lịch sử giá vàng SJC ngày 28/08/2020,55.250 x1000đ/lượng,56.200 x1000đ/lượng
Lịch sử giá vàng SJC ngày 29/08/2020,55.800 x1000đ/lượng,56.900 x1000đ/lượng
Lịch sử giá vàng SJC ngày 30/08/2020,,
Lịch sử giá vàng SJC ngày 31/08/2020,56.000 x1000đ/lượng,56.950 x1000đ/lượng
Lịch sử giá vàng SJC ngày 01/09/2020,56.550 x1000đ/lượng,57.500 x1000đ/lượng
Lịch sử giá vàng SJC ngày 02/09/2020,,
Lịch sử giá vàng SJC ngày 03/09/2020,56.050 x1000đ/lượng,57.000 x1000đ/lượng
Lịch sử giá vàng SJC ngày 04/09/2020,55.850 x1000đ/lượng,56.800 x1000đ/lượng
Lịch sử giá vàng SJC ngày 05/09/2020,55.750 x1000đ/lượng,56.700 x1000đ/lượng
Lịch sử giá vàng SJC ngày 06/09/2020,,
Lịch sử giá vàng SJC ngày 07/09/2020,55.850 x1000đ/lượng,56.750 x1000đ/lượng
Lịch sử giá vàng SJC ngày 08/09/2020,55.700 x1000đ/lượng,56.500 x1000đ/lượng
Lịch sử giá vàng SJC ngày 09/09/2020,55.600 x1000đ/lượng,56.400 x1000đ/lượng
Lịch sử giá vàng SJC ngày 10/09/2020,56.050 x1000đ/lượng,56.750 x1000đ/lượng
Lịch sử giá vàng SJC ngày 11/09/2020,56.000 x1000đ/lượng,56.700 x1000đ/lượng
Lịch sử giá vàng SJC ngày 12/09/2020,55.850 x1000đ/lượng,56.550 x1000đ/lượng
Lịch sử giá vàng SJC ngày 13/09/2020,,
Lịch sử giá vàng SJC ngày 14/09/2020,55.850 x1000đ/lượng,56.550 x1000đ/lượng
Lịch sử giá vàng SJC ngày 15/09/2020,56.050 x1000đ/lượng,56.600 x1000đ/lượng
Lịch sử giá vàng SJC ngày 16/09/2020,56.050 x1000đ/lượng,56.550 x1000đ/lượng
Lịch sử giá vàng SJC ngày 17/09/2020,56.150 x1000đ/lượng,56.600 x1000đ/lượng
Lịch sử giá vàng SJC ngày 18/09/2020,56.100 x1000đ/lượng,56.550 x1000đ/lượng
Lịch sử giá vàng SJC ngày 19/09/2020,56.000 x1000đ/lượng,56.500 x1000đ/lượng
Lịch sử giá vàng SJC ngày 20/09/2020,,
Lịch sử giá vàng SJC ngày 21/09/2020,56.070 x1000đ/lượng,56.520 x1000đ/lượng
Lịch sử giá vàng SJC ngày 22/09/2020,56.100 x1000đ/lượng,56.550 x1000đ/lượng
Lịch sử giá vàng SJC ngày 23/09/2020,55.700 x1000đ/lượng,56.150 x1000đ/lượng
Lịch sử giá vàng SJC ngày 24/09/2020,55.100 x1000đ/lượng,55.600 x1000đ/lượng
Lịch sử giá vàng SJC ngày 25/09/2020,54.700 x1000đ/lượng,55.200 x1000đ/lượng
Lịch sử giá vàng SJC ngày 26/09/2020,55.050 x1000đ/lượng,55.550 x1000đ/lượng
Lịch sử giá vàng SJC ngày 27/09/2020,,
Lịch sử giá vàng SJC ngày 28/09/2020,55.080 x1000đ/lượng,55.550 x1000đ/lượng
Lịch sử giá vàng SJC ngày 29/09/2020,54.650 x1000đ/lượng,55.300 x1000đ/lượng
Lịch sử giá vàng SJC ngày 30/09/2020,55.250 x1000đ/lượng,55.750 x1000đ/lượng
Lịch sử giá vàng SJC ngày 01/10/2020,55.150 x1000đ/lượng,55.650 x1000đ/lượng
Lịch sử giá vàng SJC ngày 02/10/2020,55.650 x1000đ/lượng,56.150 x1000đ/lượng
Lịch sử giá vàng SJC ngày 03/10/2020,55.950 x1000đ/lượng,56.450 x1000đ/lượng
Lịch sử giá vàng SJC ngày 04/10/2020,,
Lịch sử giá vàng SJC ngày 05/10/2020,55.950 x1000đ/lượng,56.450 x1000đ/lượng
Lịch sử giá vàng SJC ngày 06/10/2020,56.000 x1000đ/lượng,56.500 x1000đ/lượng
Lịch sử giá vàng SJC ngày 07/10/2020,55.550 x1000đ/lượng,56.050 x1000đ/lượng
Lịch sử giá vàng SJC ngày 08/10/2020,55.600 x1000đ/lượng,56.100 x1000đ/lượng
Lịch sử giá vàng SJC ngày 09/10/2020,55.750 x1000đ/lượng,56.250 x1000đ/lượng
Lịch sử giá vàng SJC ngày 10/10/2020,56.000 x1000đ/lượng,56.500 x1000đ/lượng
Lịch sử giá vàng SJC ngày 11/10/2020,,
Lịch sử giá vàng SJC ngày 12/10/2020,55.950 x1000đ/lượng,56.450 x1000đ/lượng
Lịch sử giá vàng SJC ngày 13/10/2020,55.850 x1000đ/lượng,56.350 x1000đ/lượng
Lịch sử giá vàng SJC ngày 14/10/2020,55.600 x1000đ/lượng,56.100 x1000đ/lượng
Lịch sử giá vàng SJC ngày 15/10/2020,55.700 x1000đ/lượng,56.250 x1000đ/lượng
Lịch sử giá vàng SJC ngày 16/10/2020,55.850 x1000đ/lượng,56.300 x1000đ/lượng
Lịch sử giá vàng SJC ngày 17/10/2020,55.820 x1000đ/lượng,56.270 x1000đ/lượng
Lịch sử giá vàng SJC ngày 18/10/2020,,
Lịch sử giá vàng SJC ngày 19/10/2020,55.750 x1000đ/lượng,56.250 x1000đ/lượng
Lịch sử giá vàng SJC ngày 20/10/2020,55.850 x1000đ/lượng,56.350 x1000đ/lượng
Lịch sử giá vàng SJC ngày 21/10/2020,55.950 x1000đ/lượng,56.450 x1000đ/lượng
Lịch sử giá vàng SJC ngày 22/10/2020,55.950 x1000đ/lượng,56.450 x1000đ/lượng
Lịch sử giá vàng SJC ngày 23/10/2020,55.880 x1000đ/lượng,56.380 x1000đ/lượng
Lịch sử giá vàng SJC ngày 24/10/2020,55.850 x1000đ/lượng,56.350 x1000đ/lượng
Lịch sử giá vàng SJC ngày 25/10/2020,,
Lịch sử giá vàng SJC ngày 26/10/2020,55.800 x1000đ/lượng,56.300 x1000đ/lượng
Lịch sử giá vàng SJC ngày 27/10/2020,55.950 x1000đ/lượng,56.400 x1000đ/lượng
Lịch sử giá vàng SJC ngày 28/10/2020,55.950 x1000đ/lượng,56.400 x1000đ/lượng
Lịch sử giá vàng SJC ngày 29/10/2020,55.650 x1000đ/lượng,56.150 x1000đ/lượng
Lịch sử giá vàng SJC ngày 30/10/2020,55.700 x1000đ/lượng,56.200 x1000đ/lượng
Lịch sử giá vàng SJC ngày 31/10/2020,55.950 x1000đ/lượng,56.450 x1000đ/lượng
Lịch sử giá vàng SJC ngày 01/11/2020,,
Lịch sử giá vàng SJC ngày 02/11/2020,55.950 x1000đ/lượng,56.450 x1000đ/lượng
Lịch sử giá vàng SJC ngày 03/11/2020,56.250 x1000đ/lượng,56.750 x1000đ/lượng
Lịch sử giá vàng SJC ngày 04/11/2020,56.200 x1000đ/lượng,56.700 x1000đ/lượng
Lịch sử giá vàng SJC ngày 05/11/2020,55.950 x1000đ/lượng,56.450 x1000đ/lượng
Lịch sử giá vàng SJC ngày 06/11/2020,56.150 x1000đ/lượng,56.650 x1000đ/lượng
Lịch sử giá vàng SJC ngày 07/11/2020,56.300 x1000đ/lượng,56.800 x1000đ/lượng
Lịch sử giá vàng SJC ngày 08/11/2020,,
Lịch sử giá vàng SJC ngày 09/11/2020,56.400 x1000đ/lượng,56.900 x1000đ/lượng
Lịch sử giá vàng SJC ngày 10/11/2020,55.600 x1000đ/lượng,56.150 x1000đ/lượng
Lịch sử giá vàng SJC ngày 11/11/2020,55.850 x1000đ/lượng,56.350 x1000đ/lượng
Lịch sử giá vàng SJC ngày 12/11/2020,55.800 x1000đ/lượng,56.300 x1000đ/lượng
Lịch sử giá vàng SJC ngày 13/11/2020,55.900 x1000đ/lượng,56.400 x1000đ/lượng
Lịch sử giá vàng SJC ngày 14/11/2020,55.900 x1000đ/lượng,56.400 x1000đ/lượng
Lịch sử giá vàng SJC ngày 15/11/2020,,
Lịch sử giá vàng SJC ngày 16/11/2020,55.950 x1000đ/lượng,56.450 x1000đ/lượng
Lịch sử giá vàng SJC ngày 17/11/2020,55.850 x1000đ/lượng,56.350 x1000đ/lượng
Lịch sử giá vàng SJC ngày 18/11/2020,55.700 x1000đ/lượng,56.200 x1000đ/lượng
Lịch sử giá vàng SJC ngày 19/11/2020,55.750 x1000đ/lượng,56.200 x1000đ/lượng
Lịch sử giá vàng SJC ngày 20/11/2020,55.700 x1000đ/lượng,56.150 x1000đ/lượng
Lịch sử giá vàng SJC ngày 21/11/2020,55.750 x1000đ/lượng,56.200 x1000đ/lượng
Lịch sử giá vàng SJC ngày 22/11/2020,,
Lịch sử giá vàng SJC ngày 23/11/2020,55.750 x1000đ/lượng,56.200 x1000đ/lượng
Lịch sử giá vàng SJC ngày 24/11/2020,55.200 x1000đ/lượng,55.650 x1000đ/lượng
Lịch sử giá vàng SJC ngày 25/11/2020,54.800 x1000đ/lượng,55.250 x1000đ/lượng
Lịch sử giá vàng SJC ngày 26/11/2020,54.250 x1000đ/lượng,54.800 x1000đ/lượng
Lịch sử giá vàng SJC ngày 27/11/2020,54.500 x1000đ/lượng,55.000 x1000đ/lượng
Lịch sử giá vàng SJC ngày 28/11/2020,54.150 x1000đ/lượng,54.700 x1000đ/lượng
Lịch sử giá vàng SJC ngày 29/11/2020,,
Lịch sử giá vàng SJC ngày 30/11/2020,53.880 x1000đ/lượng,54.430 x1000đ/lượng
Lịch sử giá vàng SJC ngày 01/12/2020,53.100 x1000đ/lượng,53.700 x1000đ/lượng
Lịch sử giá vàng SJC ngày 02/12/2020,54.100 x1000đ/lượng,54.750 x1000đ/lượng
Lịch sử giá vàng SJC ngày 03/12/2020,54.550 x1000đ/lượng,55.200 x1000đ/lượng
Lịch sử giá vàng SJC ngày 04/12/2020,54.750 x1000đ/lượng,55.400 x1000đ/lượng
Lịch sử giá vàng SJC ngày 05/12/2020,54.600 x1000đ/lượng,55.250 x1000đ/lượng
Lịch sử giá vàng SJC ngày 06/12/2020,,
Lịch sử giá vàng SJC ngày 07/12/2020,54.550 x1000đ/lượng,55.100 x1000đ/lượng
Lịch sử giá vàng SJC ngày 08/12/2020,55.050 x1000đ/lượng,55.600 x1000đ/lượng
Lịch sử giá vàng SJC ngày 09/12/2020,54.950 x1000đ/lượng,55.500 x1000đ/lượng
Lịch sử giá vàng SJC ngày 10/12/2020,54.500 x1000đ/lượng,55.100 x1000đ/lượng
Lịch sử giá vàng SJC ngày 11/12/2020,54.750 x1000đ/lượng,55.250 x1000đ/lượng
Lịch sử giá vàng SJC ngày 12/12/2020,54.750 x1000đ/lượng,55.250 x1000đ/lượng
Lịch sử giá vàng SJC ngày 13/12/2020,,
Lịch sử giá vàng SJC ngày 14/12/2020,54.700 x1000đ/lượng,55.200 x1000đ/lượng
Lịch sử giá vàng SJC ngày 15/12/2020,54.650 x1000đ/lượng,55.150 x1000đ/lượng
Lịch sử giá vàng SJC ngày 16/12/2020,54.850 x1000đ/lượng,55.350 x1000đ/lượng
Lịch sử giá vàng SJC ngày 17/12/2020,55.000 x1000đ/lượng,55.500 x1000đ/lượng
Lịch sử giá vàng SJC ngày 18/12/2020,55.050 x1000đ/lượng,55.550 x1000đ/lượng
Lịch sử giá vàng SJC ngày 19/12/2020,,
Lịch sử giá vàng SJC ngày 20/12/2020,,
Lịch sử giá vàng SJC ngày 21/12/2020,55.200 x1000đ/lượng,55.700 x1000đ/lượng
Lịch sử giá vàng SJC ngày 22/12/2020,55.150 x1000đ/lượng,55.650 x1000đ/lượng
Lịch sử giá vàng SJC ngày 23/12/2020,55.000 x1000đ/lượng,55.500 x1000đ/lượng
Lịch sử giá vàng SJC ngày 24/12/2020,55.250 x1000đ/lượng,55.750 x1000đ/lượng
Lịch sử giá vàng SJC ngày 25/12/2020,55.300 x1000đ/lượng,55.800 x1000đ/lượng
Lịch sử giá vàng SJC ngày 26/12/2020,,
Lịch sử giá vàng SJC ngày 27/12/2020,,
Lịch sử giá vàng SJC ngày 28/12/2020,55.400 x1000đ/lượng,55.900 x1000đ/lượng
Lịch sử giá vàng SJC ngày 29/12/2020,55.200 x1000đ/lượng,55.700 x1000đ/lượng
Lịch sử giá vàng SJC ngày 30/12/2020,55.450 x1000đ/lượng,55.950 x1000đ/lượng
Lịch sử giá vàng SJC ngày 31/12/2020,55.550 x1000đ/lượng,56.100 x1000đ/lượng
Lịch sử giá vàng SJC ngày 01/01/2021,,
Lịch sử giá vàng SJC ngày 02/01/2021,55.600 x1000đ/lượng,56.150 x1000đ/lượng
Lịch sử giá vàng SJC ngày 03/01/2021,,
Lịch sử giá vàng SJC ngày 04/01/2021,55.800 x1000đ/lượng,56.350 x1000đ/lượng
Lịch sử giá vàng SJC ngày 05/01/2021,56.350 x1000đ/lượng,56.900 x1000đ/lượng
Lịch sử giá vàng SJC ngày 06/01/2021,56.700 x1000đ/lượng,57.250 x1000đ/lượng
Lịch sử giá vàng SJC ngày 07/01/2021,56.400 x1000đ/lượng,56.950 x1000đ/lượng
Lịch sử giá vàng SJC ngày 08/01/2021,56.200 x1000đ/lượng,56.700 x1000đ/lượng
Lịch sử giá vàng SJC ngày 09/01/2021,55.300 x1000đ/lượng,56.000 x1000đ/lượng
Lịch sử giá vàng SJC ngày 10/01/2021,,
Lịch sử giá vàng SJC ngày 11/01/2021,54.700 x1000đ/lượng,55.350 x1000đ/lượng
Lịch sử giá vàng SJC ngày 12/01/2021,55.750 x1000đ/lượng,56.350 x1000đ/lượng
Lịch sử giá vàng SJC ngày 13/01/2021,56.100 x1000đ/lượng,56.700 x1000đ/lượng
Lịch sử giá vàng SJC ngày 14/01/2021,55.900 x1000đ/lượng,56.500 x1000đ/lượng
Lịch sử giá vàng SJC ngày 15/01/2021,56.000 x1000đ/lượng,56.550 x1000đ/lượng
Lịch sử giá vàng SJC ngày 16/01/2021,55.800 x1000đ/lượng,56.400 x1000đ/lượng
Lịch sử giá vàng SJC ngày 17/01/2021,,
Lịch sử giá vàng SJC ngày 18/01/2021,55.750 x1000đ/lượng,56.300 x1000đ/lượng
Lịch sử giá vàng SJC ngày 19/01/2021,55.900 x1000đ/lượng,56.450 x1000đ/lượng
Lịch sử giá vàng SJC ngày 20/01/2021,55.850 x1000đ/lượng,56.400 x1000đ/lượng
Lịch sử giá vàng SJC ngày 21/01/2021,56.250 x1000đ/lượng,56.800 x1000đ/lượng
Lịch sử giá vàng SJC ngày 22/01/2021,55.950 x1000đ/lượng,56.500 x1000đ/lượng
Lịch sử giá vàng SJC ngày 23/01/2021,55.850 x1000đ/lượng,56.400 x1000đ/lượng
Lịch sử giá vàng SJC ngày 24/01/2021,,
Lịch sử giá vàng SJC ngày 25/01/2021,55.950 x1000đ/lượng,56.500 x1000đ/lượng
Lịch sử giá vàng SJC ngày 26/01/2021,56.050 x1000đ/lượng,56.550 x1000đ/lượng
Lịch sử giá vàng SJC ngày 27/01/2021,56.050 x1000đ/lượng,56.550 x1000đ/lượng
Lịch sử giá vàng SJC ngày 28/01/2021,56.050 x1000đ/lượng,56.550 x1000đ/lượng
Lịch sử giá vàng SJC ngày 29/01/2021,56.150 x1000đ/lượng,56.650 x1000đ/lượng
Lịch sử giá vàng SJC ngày 30/01/2021,56.200 x1000đ/lượng,56.700 x1000đ/lượng
Lịch sử giá vàng SJC ngày 31/01/2021,,
Lịch sử giá vàng SJC ngày 01/02/2021,56.300 x1000đ/lượng,56.800 x1000đ/lượng
Lịch sử giá vàng SJC ngày 02/02/2021,56.550 x1000đ/lượng,57.050 x1000đ/lượng
Lịch sử giá vàng SJC ngày 03/02/2021,56.300 x1000đ/lượng,56.800 x1000đ/lượng
Lịch sử giá vàng SJC ngày 04/02/2021,56.300 x1000đ/lượng,56.800 x1000đ/lượng
Lịch sử giá vàng SJC ngày 05/02/2021,56.100 x1000đ/lượng,56.650 x1000đ/lượng
Lịch sử giá vàng SJC ngày 06/02/2021,56.350 x1000đ/lượng,56.900 x1000đ/lượng
Lịch sử giá vàng SJC ngày 07/02/2021,,
Lịch sử giá vàng SJC ngày 08/02/2021,56.350 x1000đ/lượng,56.900 x1000đ/lượng
Lịch sử giá vàng SJC ngày 09/02/2021,56.750 x1000đ/lượng,57.300 x1000đ/lượng
Lịch sử giá vàng SJC ngày 10/02/2021,,
Lịch sử giá vàng SJC ngày 11/02/2021,,
Lịch sử giá vàng SJC ngày 12/02/2021,,
Lịch sử giá vàng SJC ngày 13/02/2021,,
Lịch sử giá vàng SJC ngày 14/02/2021,,
Lịch sử giá vàng SJC ngày 15/02/2021,,
Lịch sử giá vàng SJC ngày 16/02/2021,,
Lịch sử giá vàng SJC ngày 17/02/2021,56.450 x1000đ/lượng,57.000 x1000đ/lượng
Lịch sử giá vàng SJC ngày 18/02/2021,56.350 x1000đ/lượng,56.850 x1000đ/lượng
Lịch sử giá vàng SJC ngày 19/02/2021,55.700 x1000đ/lượng,56.250 x1000đ/lượng
Lịch sử giá vàng SJC ngày 20/02/2021,55.750 x1000đ/lượng,56.400 x1000đ/lượng
Lịch sử giá vàng SJC ngày 21/02/2021,55.650 x1000đ/lượng,56.350 x1000đ/lượng
Lịch sử giá vàng SJC ngày 22/02/2021,55.550 x1000đ/lượng,56.050 x1000đ/lượng
Lịch sử giá vàng SJC ngày 23/02/2021,56.050 x1000đ/lượng,56.550 x1000đ/lượng
Lịch sử giá vàng SJC ngày 24/02/2021,56.050 x1000đ/lượng,56.550 x1000đ/lượng
Lịch sử giá vàng SJC ngày 25/02/2021,56.050 x1000đ/lượng,56.500 x1000đ/lượng
Lịch sử giá vàng SJC ngày 26/02/2021,55.900 x1000đ/lượng,56.300 x1000đ/lượng
Lịch sử giá vàng SJC ngày 27/02/2021,55.950 x1000đ/lượng,56.350 x1000đ/lượng
Lịch sử giá vàng SJC ngày 28/02/2021,,
Lịch sử giá vàng SJC ngày 01/03/2021,55.950 x1000đ/lượng,56.350 x1000đ/lượng
Lịch sử giá vàng SJC ngày 02/03/2021,55.600 x1000đ/lượng,56.000 x1000đ/lượng
Lịch sử giá vàng SJC ngày 03/03/2021,55.750 x1000đ/lượng,56.150 x1000đ/lượng
Lịch sử giá vàng SJC ngày 04/03/2021,55.500 x1000đ/lượng,55.900 x1000đ/lượng
Lịch sử giá vàng SJC ngày 05/03/2021,55.450 x1000đ/lượng,55.850 x1000đ/lượng
Lịch sử giá vàng SJC ngày 06/03/2021,55.100 x1000đ/lượng,55.600 x1000đ/lượng
Lịch sử giá vàng SJC ngày 07/03/2021,,
Lịch sử giá vàng SJC ngày 08/03/2021,55.250 x1000đ/lượng,55.650 x1000đ/lượng
Lịch sử giá vàng SJC ngày 09/03/2021,54.870 x1000đ/lượng,55.300 x1000đ/lượng
Lịch sử giá vàng SJC ngày 10/03/2021,55.000 x1000đ/lượng,55.400 x1000đ/lượng
Lịch sử giá vàng SJC ngày 11/03/2021,55.100 x1000đ/lượng,55.500 x1000đ/lượng
Lịch sử giá vàng SJC ngày 12/03/2021,55.350 x1000đ/lượng,55.750 x1000đ/lượng
Lịch sử giá vàng SJC ngày 13/03/2021,55.350 x1000đ/lượng,55.850 x1000đ/lượng
Lịch sử giá vàng SJC ngày 14/03/2021,,
Lịch sử giá vàng SJC ngày 15/03/2021,55.450 x1000đ/lượng,55.850 x1000đ/lượng
Lịch sử giá vàng SJC ngày 16/03/2021,55.350 x1000đ/lượng,55.750 x1000đ/lượng
Lịch sử giá vàng SJC ngày 17/03/2021,55.220 x1000đ/lượng,55.620 x1000đ/lượng
Lịch sử giá vàng SJC ngày 18/03/2021,55.400 x1000đ/lượng,55.800 x1000đ/lượng
Lịch sử giá vàng SJC ngày 19/03/2021,55.000 x1000đ/lượng,55.400 x1000đ/lượng
Lịch sử giá vàng SJC ngày 20/03/2021,55.100 x1000đ/lượng,55.600 x1000đ/lượng
Lịch sử giá vàng SJC ngày 21/03/2021,,
Lịch sử giá vàng SJC ngày 22/03/2021,55.150 x1000đ/lượng,55.550 x1000đ/lượng
Lịch sử giá vàng SJC ngày 23/03/2021,55.150 x1000đ/lượng,55.550 x1000đ/lượng
Lịch sử giá vàng SJC ngày 24/03/2021,55.100 x1000đ/lượng,55.500 x1000đ/lượng
Lịch sử giá vàng SJC ngày 25/03/2021,55.100 x1000đ/lượng,55.500 x1000đ/lượng
Lịch sử giá vàng SJC ngày 26/03/2021,54.950 x1000đ/lượng,55.350 x1000đ/lượng
Lịch sử giá vàng SJC ngày 27/03/2021,54.900 x1000đ/lượng,55.400 x1000đ/lượng
Lịch sử giá vàng SJC ngày 28/03/2021,,
Lịch sử giá vàng SJC ngày 29/03/2021,54.850 x1000đ/lượng,55.250 x1000đ/lượng
Lịch sử giá vàng SJC ngày 30/03/2021,54.650 x1000đ/lượng,55.050 x1000đ/lượng
Lịch sử giá vàng SJC ngày 31/03/2021,54.250 x1000đ/lượng,54.650 x1000đ/lượng
Lịch sử giá vàng SJC ngày 01/04/2021,54.300 x1000đ/lượng,54.700 x1000đ/lượng
Lịch sử giá vàng SJC ngày 02/04/2021,54.700 x1000đ/lượng,55.100 x1000đ/lượng
Lịch sử giá vàng SJC ngày 03/04/2021,54.900 x1000đ/lượng,55.400 x1000đ/lượng
Lịch sử giá vàng SJC ngày 04/04/2021,,
Lịch sử giá vàng SJC ngày 05/04/2021,54.920 x1000đ/lượng,55.420 x1000đ/lượng
Lịch sử giá vàng SJC ngày 06/04/2021,54.800 x1000đ/lượng,55.200 x1000đ/lượng
Lịch sử giá vàng SJC ngày 07/04/2021,54.950 x1000đ/lượng,55.350 x1000đ/lượng
Lịch sử giá vàng SJC ngày 08/04/2021,54.730 x1000đ/lượng,55.130 x1000đ/lượng
Lịch sử giá vàng SJC ngày 09/04/2021,55.030 x1000đ/lượng,55.430 x1000đ/lượng
Lịch sử giá vàng SJC ngày 10/04/2021,54.800 x1000đ/lượng,55.250 x1000đ/lượng
Lịch sử giá vàng SJC ngày 11/04/2021,,
Lịch sử giá vàng SJC ngày 12/04/2021,54.750 x1000đ/lượng,55.150 x1000đ/lượng
Lịch sử giá vàng SJC ngày 13/04/2021,54.780 x1000đ/lượng,55.180 x1000đ/lượng
Lịch sử giá vàng SJC ngày 14/04/2021,54.970 x1000đ/lượng,55.370 x1000đ/lượng
Lịch sử giá vàng SJC ngày 15/04/2021,54.850 x1000đ/lượng,55.250 x1000đ/lượng
Lịch sử giá vàng SJC ngày 16/04/2021,55.100 x1000đ/lượng,55.480 x1000đ/lượng
Lịch sử giá vàng SJC ngày 17/04/2021,,
Lịch sử giá vàng SJC ngày 18/04/2021,,
Lịch sử giá vàng SJC ngày 19/04/2021,,
Lịch sử giá vàng SJC ngày 20/04/2021,,
Lịch sử giá vàng SJC ngày 21/04/2021,,
Lịch sử giá vàng SJC ngày 22/04/2021,,
Lịch sử giá vàng SJC ngày 23/04/2021,55.450 x1000đ/lượng,55.800 x1000đ/lượng
Lịch sử giá vàng SJC ngày 24/04/2021,55.150 x1000đ/lượng,55.650 x1000đ/lượng
Lịch sử giá vàng SJC ngày 25/04/2021,,
Lịch sử giá vàng SJC ngày 26/04/2021,55.200 x1000đ/lượng,55.550 x1000đ/lượng
Lịch sử giá vàng SJC ngày 27/04/2021,55.150 x1000đ/lượng,55.500 x1000đ/lượng
Lịch sử giá vàng SJC ngày 28/04/2021,55.220 x1000đ/lượng,55.570 x1000đ/lượng
Lịch sử giá vàng SJC ngày 29/04/2021,55.450 x1000đ/lượng,55.800 x1000đ/lượng
Lịch sử giá vàng SJC ngày 30/04/2021,,
Lịch sử giá vàng SJC ngày 01/05/2021,,
Lịch sử giá vàng SJC ngày 02/05/2021,,
Lịch sử giá vàng SJC ngày 03/05/2021,55.320 x1000đ/lượng,55.670 x1000đ/lượng
Lịch sử giá vàng SJC ngày 04/05/2021,55.470 x1000đ/lượng,55.820 x1000đ/lượng
Lịch sử giá vàng SJC ngày 05/05/2021,55.300 x1000đ/lượng,55.650 x1000đ/lượng
Lịch sử giá vàng SJC ngày 06/05/2021,55.380 x1000đ/lượng,55.730 x1000đ/lượng
Lịch sử giá vàng SJC ngày 07/05/2021,55.550 x1000đ/lượng,55.900 x1000đ/lượng
Lịch sử giá vàng SJC ngày 08/05/2021,55.650 x1000đ/lượng,56.100 x1000đ/lượng
Lịch sử giá vàng SJC ngày 09/05/2021,,
Lịch sử giá vàng SJC ngày 10/05/2021,55.830 x1000đ/lượng,56.230 x1000đ/lượng
Lịch sử giá vàng SJC ngày 11/05/2021,55.950 x1000đ/lượng,56.300 x1000đ/lượng
Lịch sử giá vàng SJC ngày 12/05/2021,55.800 x1000đ/lượng,56.150 x1000đ/lượng
Lịch sử giá vàng SJC ngày 13/05/2021,55.670 x1000đ/lượng,56.020 x1000đ/lượng
Lịch sử giá vàng SJC ngày 14/05/2021,55.770 x1000đ/lượng,56.120 x1000đ/lượng
Lịch sử giá vàng SJC ngày 15/05/2021,55.920 x1000đ/lượng,56.370 x1000đ/lượng
Lịch sử giá vàng SJC ngày 16/05/2021,,
Lịch sử giá vàng SJC ngày 17/05/2021,56.100 x1000đ/lượng,56.450 x1000đ/lượng
Lịch sử giá vàng SJC ngày 18/05/2021,56.150 x1000đ/lượng,56.500 x1000đ/lượng
Lịch sử giá vàng SJC ngày 19/05/2021,56.050 x1000đ/lượng,56.400 x1000đ/lượng
Lịch sử giá vàng SJC ngày 20/05/2021,55.900 x1000đ/lượng,56.250 x1000đ/lượng
Lịch sử giá vàng SJC ngày 21/05/2021,56.020 x1000đ/lượng,56.370 x1000đ/lượng
Lịch sử giá vàng SJC ngày 22/05/2021,56.080 x1000đ/lượng,56.480 x1000đ/lượng
Lịch sử giá vàng SJC ngày 23/05/2021,,
Lịch sử giá vàng SJC ngày 24/05/2021,56.150 x1000đ/lượng,56.500 x1000đ/lượng
Lịch sử giá vàng SJC ngày 25/05/2021,56.020 x1000đ/lượng,56.370 x1000đ/lượng
Lịch sử giá vàng SJC ngày 26/05/2021,56.250 x1000đ/lượng,56.650 x1000đ/lượng
Lịch sử giá vàng SJC ngày 27/05/2021,56.000 x1000đ/lượng,56.400 x1000đ/lượng
Lịch sử giá vàng SJC ngày 28/05/2021,56.140 x1000đ/lượng,56.540 x1000đ/lượng
Lịch sử giá vàng SJC ngày 29/05/2021,56.340 x1000đ/lượng,56.820 x1000đ/lượng
Lịch sử giá vàng SJC ngày 30/05/2021,,
Lịch sử giá vàng SJC ngày 31/05/2021,56.650 x1000đ/lượng,57.150 x1000đ/lượng
Lịch sử giá vàng SJC ngày 01/06/2021,56.600 x1000đ/lượng,57.300 x1000đ/lượng
Lịch sử giá vàng SJC ngày 02/06/2021,56.850 x1000đ/lượng,57.450 x1000đ/lượng
Lịch sử giá vàng SJC ngày 03/06/2021,57.050 x1000đ/lượng,57.650 x1000đ/lượng
Lịch sử giá vàng SJC ngày 04/06/2021,56.350 x1000đ/lượng,57.000 x1000đ/lượng
Lịch sử giá vàng SJC ngày 05/06/2021,56.600 x1000đ/lượng,57.250 x1000đ/lượng
Lịch sử giá vàng SJC ngày 06/06/2021,,
Lịch sử giá vàng SJC ngày 07/06/2021,56.750 x1000đ/lượng,57.350 x1000đ/lượng
Lịch sử giá vàng SJC ngày 08/06/2021,56.900 x1000đ/lượng,57.500 x1000đ/lượng
Lịch sử giá vàng SJC ngày 09/06/2021,56.650 x1000đ/lượng,57.250 x1000đ/lượng
Lịch sử giá vàng SJC ngày 10/06/2021,56.550 x1000đ/lượng,57.150 x1000đ/lượng
Lịch sử giá vàng SJC ngày 11/06/2021,56.950 x1000đ/lượng,57.550 x1000đ/lượng
Lịch sử giá vàng SJC ngày 12/06/2021,56.700 x1000đ/lượng,57.300 x1000đ/lượng
Lịch sử giá vàng SJC ngày 13/06/2021,,
Lịch sử giá vàng SJC ngày 14/06/2021,56.600 x1000đ/lượng,57.200 x1000đ/lượng
Lịch sử giá vàng SJC ngày 15/06/2021,56.550 x1000đ/lượng,57.150 x1000đ/lượng
Lịch sử giá vàng SJC ngày 16/06/2021,56.500 x1000đ/lượng,57.100 x1000đ/lượng
Lịch sử giá vàng SJC ngày 17/06/2021,56.400 x1000đ/lượng,57.000 x1000đ/lượng
Lịch sử giá vàng SJC ngày 18/06/2021,56.150 x1000đ/lượng,56.750 x1000đ/lượng
Lịch sử giá vàng SJC ngày 19/06/2021,56.150 x1000đ/lượng,56.750 x1000đ/lượng
Lịch sử giá vàng SJC ngày 20/06/2021,,
Lịch sử giá vàng SJC ngày 21/06/2021,56.200 x1000đ/lượng,56.800 x1000đ/lượng
Lịch sử giá vàng SJC ngày 22/06/2021,56.500 x1000đ/lượng,57.100 x1000đ/lượng
Lịch sử giá vàng SJC ngày 23/06/2021,56.550 x1000đ/lượng,57.100 x1000đ/lượng
Lịch sử giá vàng SJC ngày 24/06/2021,56.500 x1000đ/lượng,57.050 x1000đ/lượng
Lịch sử giá vàng SJC ngày 25/06/2021,56.450 x1000đ/lượng,57.000 x1000đ/lượng
Lịch sử giá vàng SJC ngày 26/06/2021,56.500 x1000đ/lượng,57.100 x1000đ/lượng
Lịch sử giá vàng SJC ngày 27/06/2021,,
Lịch sử giá vàng SJC ngày 28/06/2021,56.550 x1000đ/lượng,57.050 x1000đ/lượng
Lịch sử giá vàng SJC ngày 29/06/2021,56.450 x1000đ/lượng,56.950 x1000đ/lượng
Lịch sử giá vàng SJC ngày 30/06/2021,56.250 x1000đ/lượng,56.850 x1000đ/lượng
Lịch sử giá vàng SJC ngày 01/07/2021,56.300 x1000đ/lượng,56.900 x1000đ/lượng
Lịch sử giá vàng SJC ngày 02/07/2021,56.350 x1000đ/lượng,56.950 x1000đ/lượng
Lịch sử giá vàng SJC ngày 03/07/2021,56.600 x1000đ/lượng,57.200 x1000đ/lượng
Lịch sử giá vàng SJC ngày 04/07/2021,,
Lịch sử giá vàng SJC ngày 05/07/2021,56.650 x1000đ/lượng,57.250 x1000đ/lượng
Lịch sử giá vàng SJC ngày 06/07/2021,56.750 x1000đ/lượng,57.350 x1000đ/lượng
Lịch sử giá vàng SJC ngày 07/07/2021,56.800 x1000đ/lượng,57.400 x1000đ/lượng
Lịch sử giá vàng SJC ngày 08/07/2021,56.850 x1000đ/lượng,57.450 x1000đ/lượng
Lịch sử giá vàng SJC ngày 09/07/2021,56.900 x1000đ/lượng,57.600 x1000đ/lượng
Lịch sử giá vàng SJC ngày 10/07/2021,56.750 x1000đ/lượng,57.500 x1000đ/lượng
Lịch sử giá vàng SJC ngày 11/07/2021,,
Lịch sử giá vàng SJC ngày 12/07/2021,56.750 x1000đ/lượng,57.500 x1000đ/lượng
Lịch sử giá vàng SJC ngày 13/07/2021,56.600 x1000đ/lượng,57.350 x1000đ/lượng
Lịch sử giá vàng SJC ngày 14/07/2021,56.650 x1000đ/lượng,57.400 x1000đ/lượng
Lịch sử giá vàng SJC ngày 15/07/2021,56.850 x1000đ/lượng,57.600 x1000đ/lượng
Lịch sử giá vàng SJC ngày 16/07/2021,56.750 x1000đ/lượng,57.500 x1000đ/lượng
Lịch sử giá vàng SJC ngày 17/07/2021,56.750 x1000đ/lượng,57.500 x1000đ/lượng
Lịch sử giá vàng SJC ngày 18/07/2021,,
Lịch sử giá vàng SJC ngày 19/07/2021,56.900 x1000đ/lượng,57.550 x1000đ/lượng
Lịch sử giá vàng SJC ngày 20/07/2021,56.900 x1000đ/lượng,57.550 x1000đ/lượng
Lịch sử giá vàng SJC ngày 21/07/2021,56.800 x1000đ/lượng,57.450 x1000đ/lượng
Lịch sử giá vàng SJC ngày 22/07/2021,56.800 x1000đ/lượng,57.450 x1000đ/lượng
Lịch sử giá vàng SJC ngày 23/07/2021,56.850 x1000đ/lượng,57.500 x1000đ/lượng
Lịch sử giá vàng SJC ngày 24/07/2021,56.850 x1000đ/lượng,57.500 x1000đ/lượng
Lịch sử giá vàng SJC ngày 25/07/2021,,
Lịch sử giá vàng SJC ngày 26/07/2021,56.800 x1000đ/lượng,57.450 x1000đ/lượng
Lịch sử giá vàng SJC ngày 27/07/2021,56.600 x1000đ/lượng,57.300 x1000đ/lượng
Lịch sử giá vàng SJC ngày 28/07/2021,56.500 x1000đ/lượng,57.200 x1000đ/lượng
Lịch sử giá vàng SJC ngày 29/07/2021,56.650 x1000đ/lượng,57.350 x1000đ/lượng
Lịch sử giá vàng SJC ngày 30/07/2021,56.700 x1000đ/lượng,57.400 x1000đ/lượng
Lịch sử giá vàng SJC ngày 31/07/2021,56.550 x1000đ/lượng,57.200 x1000đ/lượng
Lịch sử giá vàng SJC ngày 01/08/2021,,
Lịch sử giá vàng SJC ngày 02/08/2021,56.500 x1000đ/lượng,57.200 x1000đ/lượng
Lịch sử giá vàng SJC ngày 03/08/2021,56.600 x1000đ/lượng,57.300 x1000đ/lượng
Lịch sử giá vàng SJC ngày 04/08/2021,56.650 x1000đ/lượng,57.350 x1000đ/lượng
Lịch sử giá vàng SJC ngày 05/08/2021,56.550 x1000đ/lượng,57.250 x1000đ/lượng
Lịch sử giá vàng SJC ngày 06/08/2021,56.550 x1000đ/lượng,57.250 x1000đ/lượng
Lịch sử giá vàng SJC ngày 07/08/2021,56.300 x1000đ/lượng,57.000 x1000đ/lượng
Lịch sử giá vàng SJC ngày 08/08/2021,,
Lịch sử giá vàng SJC ngày 09/08/2021,56.300 x1000đ/lượng,57.000 x1000đ/lượng
Lịch sử giá vàng SJC ngày 10/08/2021,56.250 x1000đ/lượng,56.950 x1000đ/lượng
Lịch sử giá vàng SJC ngày 11/08/2021,56.200 x1000đ/lượng,56.900 x1000đ/lượng
Lịch sử giá vàng SJC ngày 12/08/2021,56.400 x1000đ/lượng,57.100 x1000đ/lượng
Lịch sử giá vàng SJC ngày 13/08/2021,56.400 x1000đ/lượng,57.100 x1000đ/lượng
Lịch sử giá vàng SJC ngày 14/08/2021,56.550 x1000đ/lượng,57.250 x1000đ/lượng
Lịch sử giá vàng SJC ngày 15/08/2021,,
Lịch sử giá vàng SJC ngày 16/08/2021,,
Lịch sử giá vàng SJC ngày 17/08/2021,56.650 x1000đ/lượng,57.350 x1000đ/lượng
Lịch sử giá vàng SJC ngày 18/08/2021,,
Lịch sử giá vàng SJC ngày 19/08/2021,56.550 x1000đ/lượng,57.250 x1000đ/lượng
Lịch sử giá vàng SJC ngày 20/08/2021,56.450 x1000đ/lượng,57.150 x1000đ/lượng
Lịch sử giá vàng SJC ngày 21/08/2021,,
Lịch sử giá vàng SJC ngày 22/08/2021,,
Lịch sử giá vàng SJC ngày 23/08/2021,56.400 x1000đ/lượng,57.100 x1000đ/lượng
Lịch sử giá vàng SJC ngày 24/08/2021,56.500 x1000đ/lượng,57.200 x1000đ/lượng
Lịch sử giá vàng SJC ngày 25/08/2021,56.450 x1000đ/lượng,57.150 x1000đ/lượng
Lịch sử giá vàng SJC ngày 26/08/2021,56.350 x1000đ/lượng,57.050 x1000đ/lượng
Lịch sử giá vàng SJC ngày 27/08/2021,56.400 x1000đ/lượng,57.100 x1000đ/lượng
Lịch sử giá vàng SJC ngày 28/08/2021,56.450 x1000đ/lượng,57.150 x1000đ/lượng
Lịch sử giá vàng SJC ngày 29/08/2021,,
Lịch sử giá vàng SJC ngày 30/08/2021,56.600 x1000đ/lượng,57.300 x1000đ/lượng
Lịch sử giá vàng SJC ngày 31/08/2021,56.700 x1000đ/lượng,57.400 x1000đ/lượng
Lịch sử giá vàng SJC ngày 01/09/2021,,
Lịch sử giá vàng SJC ngày 02/09/2021,,
Lịch sử giá vàng SJC ngày 03/09/2021,56.650 x1000đ/lượng,57.350 x1000đ/lượng
Lịch sử giá vàng SJC ngày 04/09/2021,56.750 x1000đ/lượng,57.450 x1000đ/lượng
Lịch sử giá vàng SJC ngày 05/09/2021,,
Lịch sử giá vàng SJC ngày 06/09/2021,,
Lịch sử giá vàng SJC ngày 07/09/2021,,
Lịch sử giá vàng SJC ngày 08/09/2021,56.500 x1000đ/lượng,57.200 x1000đ/lượng
Lịch sử giá vàng SJC ngày 09/09/2021,56.550 x1000đ/lượng,57.250 x1000đ/lượng
Lịch sử giá vàng SJC ngày 10/09/2021,56.600 x1000đ/lượng,57.300 x1000đ/lượng
Lịch sử giá vàng SJC ngày 11/09/2021,56.600 x1000đ/lượng,57.300 x1000đ/lượng
Lịch sử giá vàng SJC ngày 12/09/2021,,
Lịch sử giá vàng SJC ngày 13/09/2021,,
Lịch sử giá vàng SJC ngày 14/09/2021,56.550 x1000đ/lượng,57.250 x1000đ/lượng
Lịch sử giá vàng SJC ngày 15/09/2021,56.650 x1000đ/lượng,57.350 x1000đ/lượng
Lịch sử giá vàng SJC ngày 16/09/2021,56.500 x1000đ/lượng,57.200 x1000đ/lượng
Lịch sử giá vàng SJC ngày 17/09/2021,55.900 x1000đ/lượng,56.600 x1000đ/lượng
Lịch sử giá vàng SJC ngày 18/09/2021,,
Lịch sử giá vàng SJC ngày 19/09/2021,,
Lịch sử giá vàng SJC ngày 20/09/2021,56.150 x1000đ/lượng,56.800 x1000đ/lượng
Lịch sử giá vàng SJC ngày 21/09/2021,56.450 x1000đ/lượng,57.100 x1000đ/lượng
Lịch sử giá vàng SJC ngày 22/09/2021,56.500 x1000đ/lượng,57.150 x1000đ/lượng
Lịch sử giá vàng SJC ngày 23/09/2021,56.700 x1000đ/lượng,57.350 x1000đ/lượng
Lịch sử giá vàng SJC ngày 24/09/2021,56.400 x1000đ/lượng,57.050 x1000đ/lượng
Lịch sử giá vàng SJC ngày 25/09/2021,56.350 x1000đ/lượng,57.000 x1000đ/lượng
Lịch sử giá vàng SJC ngày 26/09/2021,,
Lịch sử giá vàng SJC ngày 27/09/2021,56.350 x1000đ/lượng,57.000 x1000đ/lượng
Lịch sử giá vàng SJC ngày 28/09/2021,56.450 x1000đ/lượng,57.100 x1000đ/lượng
Lịch sử giá vàng SJC ngày 29/09/2021,56.350 x1000đ/lượng,56.950 x1000đ/lượng
Lịch sử giá vàng SJC ngày 30/09/2021,56.250 x1000đ/lượng,56.850 x1000đ/lượng
Lịch sử giá vàng SJC ngày 01/10/2021,56.600 x1000đ/lượng,57.200 x1000đ/lượng
Lịch sử giá vàng SJC ngày 02/10/2021,56.550 x1000đ/lượng,57.150 x1000đ/lượng
Lịch sử giá vàng SJC ngày 03/10/2021,,
Lịch sử giá vàng SJC ngày 04/10/2021,56.650 x1000đ/lượng,57.350 x1000đ/lượng
Lịch sử giá vàng SJC ngày 05/10/2021,56.750 x1000đ/lượng,57.450 x1000đ/lượng
Lịch sử giá vàng SJC ngày 06/10/2021,56.700 x1000đ/lượng,57.400 x1000đ/lượng
Lịch sử giá vàng SJC ngày 07/10/2021,56.800 x1000đ/lượng,57.500 x1000đ/lượng
Lịch sử giá vàng SJC ngày 08/10/2021,57.100 x1000đ/lượng,57.800 x1000đ/lượng
Lịch sử giá vàng SJC ngày 09/10/2021,57.100 x1000đ/lượng,57.800 x1000đ/lượng
Lịch sử giá vàng SJC ngày 10/10/2021,,
Lịch sử giá vàng SJC ngày 11/10/2021,57.250 x1000đ/lượng,57.950 x1000đ/lượng
Lịch sử giá vàng SJC ngày 12/10/2021,57.300 x1000đ/lượng,58.000 x1000đ/lượng
Lịch sử giá vàng SJC ngày 13/10/2021,57.400 x1000đ/lượng,58.100 x1000đ/lượng
Lịch sử giá vàng SJC ngày 14/10/2021,57.550 x1000đ/lượng,58.250 x1000đ/lượng
Lịch sử giá vàng SJC ngày 15/10/2021,57.300 x1000đ/lượng,58.000 x1000đ/lượng
Lịch sử giá vàng SJC ngày 16/10/2021,57.100 x1000đ/lượng,57.800 x1000đ/lượng
Lịch sử giá vàng SJC ngày 17/10/2021,,
Lịch sử giá vàng SJC ngày 18/10/2021,57.050 x1000đ/lượng,57.750 x1000đ/lượng
Lịch sử giá vàng SJC ngày 19/10/2021,57.150 x1000đ/lượng,57.850 x1000đ/lượng
Lịch sử giá vàng SJC ngày 20/10/2021,57.250 x1000đ/lượng,57.950 x1000đ/lượng
Lịch sử giá vàng SJC ngày 21/10/2021,57.550 x1000đ/lượng,58.250 x1000đ/lượng
Lịch sử giá vàng SJC ngày 22/10/2021,57.400 x1000đ/lượng,58.100 x1000đ/lượng
Lịch sử giá vàng SJC ngày 23/10/2021,57.550 x1000đ/lượng,58.250 x1000đ/lượng
Lịch sử giá vàng SJC ngày 24/10/2021,,
Lịch sử giá vàng SJC ngày 25/10/2021,57.550 x1000đ/lượng,58.250 x1000đ/lượng
Lịch sử giá vàng SJC ngày 26/10/2021,57.700 x1000đ/lượng,58.400 x1000đ/lượng
Lịch sử giá vàng SJC ngày 27/10/2021,57.850 x1000đ/lượng,58.550 x1000đ/lượng
Lịch sử giá vàng SJC ngày 28/10/2021,58.000 x1000đ/lượng,58.700 x1000đ/lượng
Lịch sử giá vàng SJC ngày 29/10/2021,57.750 x1000đ/lượng,58.450 x1000đ/lượng
Lịch sử giá vàng SJC ngày 30/10/2021,57.750 x1000đ/lượng,58.450 x1000đ/lượng
Lịch sử giá vàng SJC ngày 31/10/2021,,
Lịch sử giá vàng SJC ngày 01/11/2021,57.750 x1000đ/lượng,58.450 x1000đ/lượng
Lịch sử giá vàng SJC ngày 02/11/2021,57.650 x1000đ/lượng,58.350 x1000đ/lượng
Lịch sử giá vàng SJC ngày 03/11/2021,57.800 x1000đ/lượng,58.500 x1000đ/lượng
Lịch sử giá vàng SJC ngày 04/11/2021,57.800 x1000đ/lượng,58.500 x1000đ/lượng
Lịch sử giá vàng SJC ngày 05/11/2021,57.950 x1000đ/lượng,58.650 x1000đ/lượng
Lịch sử giá vàng SJC ngày 06/11/2021,58.100 x1000đ/lượng,58.800 x1000đ/lượng
Lịch sử giá vàng SJC ngày 07/11/2021,,
Lịch sử giá vàng SJC ngày 08/11/2021,58.200 x1000đ/lượng,58.900 x1000đ/lượng
Lịch sử giá vàng SJC ngày 09/11/2021,58.400 x1000đ/lượng,59.100 x1000đ/lượng
Lịch sử giá vàng SJC ngày 10/11/2021,58.700 x1000đ/lượng,59.400 x1000đ/lượng
Lịch sử giá vàng SJC ngày 11/11/2021,58.950 x1000đ/lượng,59.650 x1000đ/lượng
Lịch sử giá vàng SJC ngày 12/11/2021,59.500 x1000đ/lượng,60.200 x1000đ/lượng
Lịch sử giá vàng SJC ngày 13/11/2021,60.050 x1000đ/lượng,60.750 x1000đ/lượng
Lịch sử giá vàng SJC ngày 14/11/2021,,
Lịch sử giá vàng SJC ngày 15/11/2021,59.950 x1000đ/lượng,60.650 x1000đ/lượng
Lịch sử giá vàng SJC ngày 16/11/2021,60.250 x1000đ/lượng,60.950 x1000đ/lượng
Lịch sử giá vàng SJC ngày 17/11/2021,60.800 x1000đ/lượng,61.550 x1000đ/lượng
Lịch sử giá vàng SJC ngày 18/11/2021,61.300 x1000đ/lượng,62.050 x1000đ/lượng
Lịch sử giá vàng SJC ngày 19/11/2021,61.050 x1000đ/lượng,61.800 x1000đ/lượng
Lịch sử giá vàng SJC ngày 20/11/2021,59.400 x1000đ/lượng,60.500 x1000đ/lượng
Lịch sử giá vàng SJC ngày 21/11/2021,,
Lịch sử giá vàng SJC ngày 22/11/2021,59.500 x1000đ/lượng,60.200 x1000đ/lượng
Lịch sử giá vàng SJC ngày 23/11/2021,58.600 x1000đ/lượng,59.450 x1000đ/lượng
Lịch sử giá vàng SJC ngày 24/11/2021,59.150 x1000đ/lượng,59.950 x1000đ/lượng
Lịch sử giá vàng SJC ngày 25/11/2021,59.450 x1000đ/lượng,60.150 x1000đ/lượng
Lịch sử giá vàng SJC ngày 26/11/2021,59.550 x1000đ/lượng,60.250 x1000đ/lượng
Lịch sử giá vàng SJC ngày 27/11/2021,60.000 x1000đ/lượng,60.850 x1000đ/lượng
Lịch sử giá vàng SJC ngày 28/11/2021,,
Lịch sử giá vàng SJC ngày 29/11/2021,60.200 x1000đ/lượng,60.900 x1000đ/lượng
Lịch sử giá vàng SJC ngày 30/11/2021,59.750 x1000đ/lượng,60.450 x1000đ/lượng
Lịch sử giá vàng SJC ngày 01/12/2021,59.750 x1000đ/lượng,60.450 x1000đ/lượng
Lịch sử giá vàng SJC ngày 02/12/2021,60.600 x1000đ/lượng,60.700 x1000đ/lượng
Lịch sử giá vàng SJC ngày 03/12/2021,59.950 x1000đ/lượng,60.650 x1000đ/lượng
Lịch sử giá vàng SJC ngày 04/12/2021,60.200 x1000đ/lượng,61.050 x1000đ/lượng
Lịch sử giá vàng SJC ngày 05/12/2021,60.400 x1000đ/lượng,61.100 x1000đ/lượng
Lịch sử giá vàng SJC ngày 06/12/2021,60.550 x1000đ/lượng,61.250 x1000đ/lượng
Lịch sử giá vàng SJC ngày 07/12/2021,60.750 x1000đ/lượng,61.450 x1000đ/lượng
Lịch sử giá vàng SJC ngày 08/12/2021,60.700 x1000đ/lượng,61.400 x1000đ/lượng
Lịch sử giá vàng SJC ngày 09/12/2021,60.250 x1000đ/lượng,60.950 x1000đ/lượng
Lịch sử giá vàng SJC ngày 10/12/2021,60.500 x1000đ/lượng,61.200 x1000đ/lượng
Lịch sử giá vàng SJC ngày 11/12/2021,60.650 x1000đ/lượng,61.450 x1000đ/lượng
Lịch sử giá vàng SJC ngày 12/12/2021,,
Lịch sử giá vàng SJC ngày 13/12/2021,60.800 x1000đ/lượng,61.500 x1000đ/lượng
Lịch sử giá vàng SJC ngày 14/12/2021,60.900 x1000đ/lượng,61.600 x1000đ/lượng
Lịch sử giá vàng SJC ngày 15/12/2021,60.800 x1000đ/lượng,61.500 x1000đ/lượng
Lịch sử giá vàng SJC ngày 16/12/2021,60.850 x1000đ/lượng,61.550 x1000đ/lượng
Lịch sử giá vàng SJC ngày 17/12/2021,60.900 x1000đ/lượng,61.600 x1000đ/lượng
Lịch sử giá vàng SJC ngày 18/12/2021,61.000 x1000đ/lượng,61.700 x1000đ/lượng
Lịch sử giá vàng SJC ngày 19/12/2021,,
Lịch sử giá vàng SJC ngày 20/12/2021,60.950 x1000đ/lượng,61.650 x1000đ/lượng
Lịch sử giá vàng SJC ngày 21/12/2021,60.900 x1000đ/lượng,61.600 x1000đ/lượng
Lịch sử giá vàng SJC ngày 22/12/2021,60.850 x1000đ/lượng,61.550 x1000đ/lượng
Lịch sử giá vàng SJC ngày 23/12/2021,61.050 x1000đ/lượng,61.750 x1000đ/lượng
Lịch sử giá vàng SJC ngày 24/12/2021,60.850 x1000đ/lượng,61.550 x1000đ/lượng
Lịch sử giá vàng SJC ngày 25/12/2021,60.900 x1000đ/lượng,61.600 x1000đ/lượng
Lịch sử giá vàng SJC ngày 26/12/2021,,
Lịch sử giá vàng SJC ngày 27/12/2021,60.850 x1000đ/lượng,61.550 x1000đ/lượng
Lịch sử giá vàng SJC ngày 28/12/2021,60.850 x1000đ/lượng,61.550 x1000đ/lượng
Lịch sử giá vàng SJC ngày 29/12/2021,60.800 x1000đ/lượng,61.500 x1000đ/lượng
Lịch sử giá vàng SJC ngày 30/12/2021,60.600 x1000đ/lượng,61.300 x1000đ/lượng
Lịch sử giá vàng SJC ngày 31/12/2021,60.750 x1000đ/lượng,61.450 x1000đ/lượng
Lịch sử giá vàng SJC ngày 01/01/2022,,
Lịch sử giá vàng SJC ngày 02/01/2022,,
Lịch sử giá vàng SJC ngày 03/01/2022,61.050 x1000đ/lượng,61.800 x1000đ/lượng
Lịch sử giá vàng SJC ngày 04/01/2022,60.800 x1000đ/lượng,61.500 x1000đ/lượng
Lịch sử giá vàng SJC ngày 05/01/2022,60.900 x1000đ/lượng,61.600 x1000đ/lượng
Lịch sử giá vàng SJC ngày 06/01/2022,60.950 x1000đ/lượng,61.650 x1000đ/lượng
Lịch sử giá vàng SJC ngày 07/01/2022,60.720 x1000đ/lượng,61.420 x1000đ/lượng
Lịch sử giá vàng SJC ngày 08/01/2022,60.950 x1000đ/lượng,61.700 x1000đ/lượng
Lịch sử giá vàng SJC ngày 09/01/2022,,
Lịch sử giá vàng SJC ngày 10/01/2022,60.950 x1000đ/lượng,61.650 x1000đ/lượng
Lịch sử giá vàng SJC ngày 11/01/2022,61.020 x1000đ/lượng,61.670 x1000đ/lượng
Lịch sử giá vàng SJC ngày 12/01/2022,61.050 x1000đ/lượng,61.700 x1000đ/lượng
Lịch sử giá vàng SJC ngày 13/01/2022,61.000 x1000đ/lượng,61.650 x1000đ/lượng
Lịch sử giá vàng SJC ngày 14/01/2022,61.050 x1000đ/lượng,61.700 x1000đ/lượng
Lịch sử giá vàng SJC ngày 15/01/2022,60.950 x1000đ/lượng,61.650 x1000đ/lượng
Lịch sử giá vàng SJC ngày 16/01/2022,,
Lịch sử giá vàng SJC ngày 17/01/2022,61.050 x1000đ/lượng,61.650 x1000đ/lượng
Lịch sử giá vàng SJC ngày 18/01/2022,61.100 x1000đ/lượng,61.700 x1000đ/lượng
Lịch sử giá vàng SJC ngày 19/01/2022,61.100 x1000đ/lượng,61.700 x1000đ/lượng
Lịch sử giá vàng SJC ngày 20/01/2022,61.300 x1000đ/lượng,61.900 x1000đ/lượng
Lịch sử giá vàng SJC ngày 21/01/2022,61.100 x1000đ/lượng,61.700 x1000đ/lượng
Lịch sử giá vàng SJC ngày 22/01/2022,61.150 x1000đ/lượng,61.850 x1000đ/lượng
Lịch sử giá vàng SJC ngày 23/01/2022,,
Lịch sử giá vàng SJC ngày 24/01/2022,61.250 x1000đ/lượng,61.900 x1000đ/lượng
Lịch sử giá vàng SJC ngày 25/01/2022,61.750 x1000đ/lượng,62.400 x1000đ/lượng
Lịch sử giá vàng SJC ngày 26/01/2022,61.900 x1000đ/lượng,62.550 x1000đ/lượng
Lịch sử giá vàng SJC ngày 27/01/2022,61.700 x1000đ/lượng,62.300 x1000đ/lượng
Lịch sử giá vàng SJC ngày 28/01/2022,61.900 x1000đ/lượng,62.600 x1000đ/lượng
Lịch sử giá vàng SJC ngày 29/01/2022,,
Lịch sử giá vàng SJC ngày 30/01/2022,,
Lịch sử giá vàng SJC ngày 31/01/2022,,
Lịch sử giá vàng SJC ngày 01/02/2022,,
Lịch sử giá vàng SJC ngày 02/02/2022,,
Lịch sử giá vàng SJC ngày 03/02/2022,,
Lịch sử giá vàng SJC ngày 04/02/2022,,
Lịch sử giá vàng SJC ngày 05/02/2022,,
Lịch sử giá vàng SJC ngày 06/02/2022,,
Lịch sử giá vàng SJC ngày 07/02/2022,62.450 x1000đ/lượng,63.150 x1000đ/lượng
Lịch sử giá vàng SJC ngày 08/02/2022,62.800 x1000đ/lượng,63.450 x1000đ/lượng
Lịch sử giá vàng SJC ngày 09/02/2022,61.850 x1000đ/lượng,62.600 x1000đ/lượng
Lịch sử giá vàng SJC ngày 10/02/2022,61.350 x1000đ/lượng,62.150 x1000đ/lượng
Lịch sử giá vàng SJC ngày 11/02/2022,61.050 x1000đ/lượng,61.750 x1000đ/lượng
Lịch sử giá vàng SJC ngày 12/02/2022,62.000 x1000đ/lượng,62.800 x1000đ/lượng
Lịch sử giá vàng SJC ngày 13/02/2022,,
Lịch sử giá vàng SJC ngày 14/02/2022,62.050 x1000đ/lượng,62.750 x1000đ/lượng
Lịch sử giá vàng SJC ngày 15/02/2022,62.500 x1000đ/lượng,63.200 x1000đ/lượng
Lịch sử giá vàng SJC ngày 16/02/2022,62.150 x1000đ/lượng,62.850 x1000đ/lượng
Lịch sử giá vàng SJC ngày 17/02/2022,62.500 x1000đ/lượng,63.100 x1000đ/lượng
Lịch sử giá vàng SJC ngày 18/02/2022,62.800 x1000đ/lượng,63.500 x1000đ/lượng
Lịch sử giá vàng SJC ngày 19/02/2022,62.500 x1000đ/lượng,63.200 x1000đ/lượng
Lịch sử giá vàng SJC ngày 20/02/2022,,
Lịch sử giá vàng SJC ngày 21/02/2022,62.600 x1000đ/lượng,63.200 x1000đ/lượng
Lịch sử giá vàng SJC ngày 22/02/2022,62.950 x1000đ/lượng,63.550 x1000đ/lượng
Lịch sử giá vàng SJC ngày 23/02/2022,63.150 x1000đ/lượng,63.750 x1000đ/lượng
Lịch sử giá vàng SJC ngày 24/02/2022,63.550 x1000đ/lượng,64.250 x1000đ/lượng
Lịch sử giá vàng SJC ngày 25/02/2022,65.500 x1000đ/lượng,66.400 x1000đ/lượng
Lịch sử giá vàng SJC ngày 26/02/2022,64.000 x1000đ/lượng,65.400 x1000đ/lượng
Lịch sử giá vàng SJC ngày 27/02/2022,,
Lịch sử giá vàng SJC ngày 28/02/2022,65.100 x1000đ/lượng,66.000 x1000đ/lượng
Lịch sử giá vàng SJC ngày 01/03/2022,65.250 x1000đ/lượng,66.000 x1000đ/lượng
Lịch sử giá vàng SJC ngày 02/03/2022,66.000 x1000đ/lượng,66.800 x1000đ/lượng
Lịch sử giá vàng SJC ngày 03/03/2022,66.550 x1000đ/lượng,67.300 x1000đ/lượng
Lịch sử giá vàng SJC ngày 04/03/2022,66.800 x1000đ/lượng,67.550 x1000đ/lượng
Lịch sử giá vàng SJC ngày 05/03/2022,67.250 x1000đ/lượng,68.400 x1000đ/lượng
Lịch sử giá vàng SJC ngày 06/03/2022,68.100 x1000đ/lượng,68.900 x1000đ/lượng
Lịch sử giá vàng SJC ngày 07/03/2022,68.900 x1000đ/lượng,70.100 x1000đ/lượng
Lịch sử giá vàng SJC ngày 08/03/2022,71.800 x1000đ/lượng,73.400 x1000đ/lượng
Lịch sử giá vàng SJC ngày 09/03/2022,70.200 x1000đ/lượng,72.000 x1000đ/lượng
Lịch sử giá vàng SJC ngày 10/03/2022,66.300 x1000đ/lượng,68.100 x1000đ/lượng
Lịch sử giá vàng SJC ngày 11/03/2022,67.900 x1000đ/lượng,69.700 x1000đ/lượng
Lịch sử giá vàng SJC ngày 12/03/2022,68.400 x1000đ/lượng,70.200 x1000đ/lượng
Lịch sử giá vàng SJC ngày 13/03/2022,,
Lịch sử giá vàng SJC ngày 14/03/2022,68.000 x1000đ/lượng,69.800 x1000đ/lượng
Lịch sử giá vàng SJC ngày 15/03/2022,67.200 x1000đ/lượng,68.400 x1000đ/lượng
Lịch sử giá vàng SJC ngày 16/03/2022,67.300 x1000đ/lượng,68.600 x1000đ/lượng
Lịch sử giá vàng SJC ngày 17/03/2022,67.200 x1000đ/lượng,68.400 x1000đ/lượng
Lịch sử giá vàng SJC ngày 18/03/2022,67.800 x1000đ/lượng,68.800 x1000đ/lượng
Lịch sử giá vàng SJC ngày 19/03/2022,67.700 x1000đ/lượng,68.900 x1000đ/lượng
Lịch sử giá vàng SJC ngày 20/03/2022,,
Lịch sử giá vàng SJC ngày 21/03/2022,67.900 x1000đ/lượng,68.900 x1000đ/lượng
Lịch sử giá vàng SJC ngày 22/03/2022,67.950 x1000đ/lượng,68.850 x1000đ/lượng
Lịch sử giá vàng SJC ngày 23/03/2022,67.800 x1000đ/lượng,68.500 x1000đ/lượng
Lịch sử giá vàng SJC ngày 24/03/2022,68.100 x1000đ/lượng,68.800 x1000đ/lượng
Lịch sử giá vàng SJC ngày 25/03/2022,68.400 x1000đ/lượng,69.100 x1000đ/lượng
Lịch sử giá vàng SJC ngày 26/03/2022,68.600 x1000đ/lượng,69.350 x1000đ/lượng
Lịch sử giá vàng SJC ngày 27/03/2022,,
Lịch sử giá vàng SJC ngày 28/03/2022,68.900 x1000đ/lượng,69.600 x1000đ/lượng
Lịch sử giá vàng SJC ngày 29/03/2022,68.650 x1000đ/lượng,69.350 x1000đ/lượng
Lịch sử giá vàng SJC ngày 30/03/2022,68.500 x1000đ/lượng,69.200 x1000đ/lượng
Lịch sử giá vàng SJC ngày 31/03/2022,68.150 x1000đ/lượng,68.850 x1000đ/lượng
Lịch sử giá vàng SJC ngày 01/04/2022,68.300 x1000đ/lượng,69.000 x1000đ/lượng
Lịch sử giá vàng SJC ngày 02/04/2022,68.300 x1000đ/lượng,69.050 x1000đ/lượng
Lịch sử giá vàng SJC ngày 03/04/2022,,
Lịch sử giá vàng SJC ngày 04/04/2022,68.250 x1000đ/lượng,68.950 x1000đ/lượng
Lịch sử giá vàng SJC ngày 05/04/2022,68.300 x1000đ/lượng,68.950 x1000đ/lượng
Lịch sử giá vàng SJC ngày 06/04/2022,68.100 x1000đ/lượng,68.750 x1000đ/lượng
Lịch sử giá vàng SJC ngày 07/04/2022,68.100 x1000đ/lượng,68.750 x1000đ/lượng
Lịch sử giá vàng SJC ngày 08/04/2022,68.250 x1000đ/lượng,68.900 x1000đ/lượng
Lịch sử giá vàng SJC ngày 09/04/2022,68.600 x1000đ/lượng,69.400 x1000đ/lượng
Lịch sử giá vàng SJC ngày 10/04/2022,,
Lịch sử giá vàng SJC ngày 11/04/2022,,
Lịch sử giá vàng SJC ngày 12/04/2022,68.900 x1000đ/lượng,69.550 x1000đ/lượng
Lịch sử giá vàng SJC ngày 13/04/2022,69.050 x1000đ/lượng,69.650 x1000đ/lượng
Lịch sử giá vàng SJC ngày 14/04/2022,69.250 x1000đ/lượng,69.850 x1000đ/lượng
Lịch sử giá vàng SJC ngày 15/04/2022,69.000 x1000đ/lượng,69.600 x1000đ/lượng
Lịch sử giá vàng SJC ngày 16/04/2022,69.150 x1000đ/lượng,69.800 x1000đ/lượng
Lịch sử giá vàng SJC ngày 17/04/2022,,
Lịch sử giá vàng SJC ngày 18/04/2022,69.350 x1000đ/lượng,69.950 x1000đ/lượng
Lịch sử giá vàng SJC ngày 19/04/2022,69.750 x1000đ/lượng,70.550 x1000đ/lượng
Lịch sử giá vàng SJC ngày 20/04/2022,69.550 x1000đ/lượng,70.250 x1000đ/lượng
Lịch sử giá vàng SJC ngày 21/04/2022,69.550 x1000đ/lượng,70.250 x1000đ/lượng
Lịch sử giá vàng SJC ngày 22/04/2022,69.850 x1000đ/lượng,70.550 x1000đ/lượng
Lịch sử giá vàng SJC ngày 23/04/2022,69.600 x1000đ/lượng,70.400 x1000đ/lượng
Lịch sử giá vàng SJC ngày 24/04/2022,,
Lịch sử giá vàng SJC ngày 25/04/2022,69.500 x1000đ/lượng,70.200 x1000đ/lượng
Lịch sử giá vàng SJC ngày 26/04/2022,69.400 x1000đ/lượng,70.100 x1000đ/lượng
Lịch sử giá vàng SJC ngày 27/04/2022,69.400 x1000đ/lượng,70.100 x1000đ/lượng
Lịch sử giá vàng SJC ngày 28/04/2022,69.300 x1000đ/lượng,70.000 x1000đ/lượng
Lịch sử giá vàng SJC ngày 29/04/2022,69.550 x1000đ/lượng,70.150 x1000đ/lượng
Lịch sử giá vàng SJC ngày 30/04/2022,,
Lịch sử giá vàng SJC ngày 01/05/2022,,
Lịch sử giá vàng SJC ngày 02/05/2022,,
Lịch sử giá vàng SJC ngày 03/05/2022,69.200 x1000đ/lượng,69.950 x1000đ/lượng
Lịch sử giá vàng SJC ngày 04/05/2022,69.250 x1000đ/lượng,69.950 x1000đ/lượng
Lịch sử giá vàng SJC ngày 05/05/2022,69.650 x1000đ/lượng,70.350 x1000đ/lượng
Lịch sử giá vàng SJC ngày 06/05/2022,69.500 x1000đ/lượng,70.200 x1000đ/lượng
Lịch sử giá vàng SJC ngày 07/05/2022,,
Lịch sử giá vàng SJC ngày 08/05/2022,,
Lịch sử giá vàng SJC ngày 09/05/2022,69.700 x1000đ/lượng,70.400 x1000đ/lượng
Lịch sử giá vàng SJC ngày 10/05/2022,69.550 x1000đ/lượng,70.300 x1000đ/lượng
Lịch sử giá vàng SJC ngày 11/05/2022,69.250 x1000đ/lượng,69.950 x1000đ/lượng
Lịch sử giá vàng SJC ngày 12/05/2022,69.650 x1000đ/lượng,70.250 x1000đ/lượng
Lịch sử giá vàng SJC ngày 13/05/2022,69.550 x1000đ/lượng,70.150 x1000đ/lượng
Lịch sử giá vàng SJC ngày 14/05/2022,68.700 x1000đ/lượng,69.700 x1000đ/lượng
Lịch sử giá vàng SJC ngày 15/05/2022,,
Lịch sử giá vàng SJC ngày 16/05/2022,68.500 x1000đ/lượng,69.500 x1000đ/lượng
Lịch sử giá vàng SJC ngày 17/05/2022,68.250 x1000đ/lượng,69.250 x1000đ/lượng
Lịch sử giá vàng SJC ngày 18/05/2022,68.250 x1000đ/lượng,69.250 x1000đ/lượng
Lịch sử giá vàng SJC ngày 19/05/2022,68.250 x1000đ/lượng,69.250 x1000đ/lượng
Lịch sử giá vàng SJC ngày 20/05/2022,68.550 x1000đ/lượng,69.450 x1000đ/lượng
Lịch sử giá vàng SJC ngày 21/05/2022,68.900 x1000đ/lượng,69.800 x1000đ/lượng
Lịch sử giá vàng SJC ngày 22/05/2022,,
Lịch sử giá vàng SJC ngày 23/05/2022,68.950 x1000đ/lượng,69.850 x1000đ/lượng
Lịch sử giá vàng SJC ngày 24/05/2022,69.000 x1000đ/lượng,69.900 x1000đ/lượng
Lịch sử giá vàng SJC ngày 25/05/2022,69.000 x1000đ/lượng,69.900 x1000đ/lượng
Lịch sử giá vàng SJC ngày 26/05/2022,68.000 x1000đ/lượng,69.000 x1000đ/lượng
Lịch sử giá vàng SJC ngày 27/05/2022,68.400 x1000đ/lượng,69.400 x1000đ/lượng
Lịch sử giá vàng SJC ngày 28/05/2022,68.500 x1000đ/lượng,69.500 x1000đ/lượng
Lịch sử giá vàng SJC ngày 29/05/2022,,
Lịch sử giá vàng SJC ngày 30/05/2022,68.300 x1000đ/lượng,69.300 x1000đ/lượng
Lịch sử giá vàng SJC ngày 31/05/2022,68.200 x1000đ/lượng,69.200 x1000đ/lượng
Lịch sử giá vàng SJC ngày 01/06/2022,68.200 x1000đ/lượng,69.200 x1000đ/lượng
Lịch sử giá vàng SJC ngày 02/06/2022,68.550 x1000đ/lượng,69.450 x1000đ/lượng
Lịch sử giá vàng SJC ngày 03/06/2022,68.800 x1000đ/lượng,69.700 x1000đ/lượng
Lịch sử giá vàng SJC ngày 04/06/2022,68.750 x1000đ/lượng,69.650 x1000đ/lượng
Lịch sử giá vàng SJC ngày 05/06/2022,,
Lịch sử giá vàng SJC ngày 06/06/2022,68.650 x1000đ/lượng,69.550 x1000đ/lượng
Lịch sử giá vàng SJC ngày 07/06/2022,68.550 x1000đ/lượng,69.450 x1000đ/lượng
Lịch sử giá vàng SJC ngày 08/06/2022,68.850 x1000đ/lượng,69.750 x1000đ/lượng
Lịch sử giá vàng SJC ngày 09/06/2022,68.800 x1000đ/lượng,69.700 x1000đ/lượng
Lịch sử giá vàng SJC ngày 10/06/2022,68.700 x1000đ/lượng,69.600 x1000đ/lượng
Lịch sử giá vàng SJC ngày 11/06/2022,68.750 x1000đ/lượng,69.650 x1000đ/lượng
Lịch sử giá vàng SJC ngày 12/06/2022,,
Lịch sử giá vàng SJC ngày 13/06/2022,68.450 x1000đ/lượng,69.350 x1000đ/lượng
Lịch sử giá vàng SJC ngày 14/06/2022,67.550 x1000đ/lượng,68.350 x1000đ/lượng
Lịch sử giá vàng SJC ngày 15/06/2022,67.500 x1000đ/lượng,68.300 x1000đ/lượng
Lịch sử giá vàng SJC ngày 16/06/2022,67.750 x1000đ/lượng,68.550 x1000đ/lượng
Lịch sử giá vàng SJC ngày 17/06/2022,67.950 x1000đ/lượng,68.750 x1000đ/lượng
Lịch sử giá vàng SJC ngày 18/06/2022,67.850 x1000đ/lượng,68.650 x1000đ/lượng
Lịch sử giá vàng SJC ngày 19/06/2022,,
Lịch sử giá vàng SJC ngày 20/06/2022,67.900 x1000đ/lượng,68.700 x1000đ/lượng
Lịch sử giá vàng SJC ngày 21/06/2022,67.950 x1000đ/lượng,68.750 x1000đ/lượng
Lịch sử giá vàng SJC ngày 22/06/2022,67.850 x1000đ/lượng,68.650 x1000đ/lượng
Lịch sử giá vàng SJC ngày 23/06/2022,67.850 x1000đ/lượng,68.650 x1000đ/lượng
Lịch sử giá vàng SJC ngày 24/06/2022,67.800 x1000đ/lượng,68.600 x1000đ/lượng
Lịch sử giá vàng SJC ngày 25/06/2022,67.850 x1000đ/lượng,68.650 x1000đ/lượng
Lịch sử giá vàng SJC ngày 26/06/2022,,
Lịch sử giá vàng SJC ngày 27/06/2022,,
Lịch sử giá vàng SJC ngày 28/06/2022,,
Lịch sử giá vàng SJC ngày 29/06/2022,,
Lịch sử giá vàng SJC ngày 30/06/2022,,
Lịch sử giá vàng SJC ngày 01/07/2022,,
Lịch sử giá vàng SJC ngày 02/07/2022,,
Lịch sử giá vàng SJC ngày 03/07/2022,,
Lịch sử giá vàng SJC ngày 04/07/2022,,
Lịch sử giá vàng SJC ngày 05/07/2022,,
Lịch sử giá vàng SJC ngày 06/07/2022,,
Lịch sử giá vàng SJC ngày 07/07/2022,67.650 x1000đ/lượng,68.250 x1000đ/lượng
Lịch sử giá vàng SJC ngày 08/07/2022,67.900 x1000đ/lượng,68.500 x1000đ/lượng
Lịch sử giá vàng SJC ngày 09/07/2022,67.950 x1000đ/lượng,68.550 x1000đ/lượng
Lịch sử giá vàng SJC ngày 10/07/2022,,
Lịch sử giá vàng SJC ngày 11/07/2022,67.900 x1000đ/lượng,68.500 x1000đ/lượng
Lịch sử giá vàng SJC ngày 12/07/2022,67.600 x1000đ/lượng,68.200 x1000đ/lượng
Lịch sử giá vàng SJC ngày 13/07/2022,67.600 x1000đ/lượng,68.200 x1000đ/lượng
Lịch sử giá vàng SJC ngày 14/07/2022,67.650 x1000đ/lượng,68.250 x1000đ/lượng
Lịch sử giá vàng SJC ngày 15/07/2022,67.550 x1000đ/lượng,68.150 x1000đ/lượng
Lịch sử giá vàng SJC ngày 16/07/2022,67.350 x1000đ/lượng,67.950 x1000đ/lượng
Lịch sử giá vàng SJC ngày 17/07/2022,,
Lịch sử giá vàng SJC ngày 18/07/2022,67.150 x1000đ/lượng,67.750 x1000đ/lượng
Lịch sử giá vàng SJC ngày 19/07/2022,62.000 x1000đ/lượng,64.450 x1000đ/lượng
Lịch sử giá vàng SJC ngày 20/07/2022,63.300 x1000đ/lượng,65.300 x1000đ/lượng
Lịch sử giá vàng SJC ngày 21/07/2022,63.300 x1000đ/lượng,65.300 x1000đ/lượng
Lịch sử giá vàng SJC ngày 22/07/2022,64.300 x1000đ/lượng,66.300 x1000đ/lượng
Lịch sử giá vàng SJC ngày 23/07/2022,64.900 x1000đ/lượng,66.400 x1000đ/lượng
Lịch sử giá vàng SJC ngày 24/07/2022,,
Lịch sử giá vàng SJC ngày 25/07/2022,64.700 x1000đ/lượng,66.200 x1000đ/lượng
Lịch sử giá vàng SJC ngày 26/07/2022,65.300 x1000đ/lượng,66.300 x1000đ/lượng
Lịch sử giá vàng SJC ngày 27/07/2022,65.100 x1000đ/lượng,66.100 x1000đ/lượng
Lịch sử giá vàng SJC ngày 28/07/2022,65.300 x1000đ/lượng,66.300 x1000đ/lượng
Lịch sử giá vàng SJC ngày 29/07/2022,65.200 x1000đ/lượng,66.200 x1000đ/lượng
Lịch sử giá vàng SJC ngày 30/07/2022,65.800 x1000đ/lượng,66.800 x1000đ/lượng
Lịch sử giá vàng SJC ngày 31/07/2022,,
Lịch sử giá vàng SJC ngày 01/08/2022,66.300 x1000đ/lượng,67.300 x1000đ/lượng
Lịch sử giá vàng SJC ngày 02/08/2022,67.400 x1000đ/lượng,68.400 x1000đ/lượng
Lịch sử giá vàng SJC ngày 03/08/2022,67.200 x1000đ/lượng,68.200 x1000đ/lượng
Lịch sử giá vàng SJC ngày 04/08/2022,66.000 x1000đ/lượng,67.000 x1000đ/lượng
Lịch sử giá vàng SJC ngày 05/08/2022,66.900 x1000đ/lượng,67.900 x1000đ/lượng
Lịch sử giá vàng SJC ngày 06/08/2022,66.300 x1000đ/lượng,67.300 x1000đ/lượng
Lịch sử giá vàng SJC ngày 07/08/2022,,
Lịch sử giá vàng SJC ngày 08/08/2022,66.300 x1000đ/lượng,67.300 x1000đ/lượng
Lịch sử giá vàng SJC ngày 09/08/2022,66.400 x1000đ/lượng,67.400 x1000đ/lượng
Lịch sử giá vàng SJC ngày 10/08/2022,66.100 x1000đ/lượng,67.100 x1000đ/lượng
Lịch sử giá vàng SJC ngày 11/08/2022,65.900 x1000đ/lượng,66.900 x1000đ/lượng
Lịch sử giá vàng SJC ngày 12/08/2022,66.200 x1000đ/lượng,67.200 x1000đ/lượng
Lịch sử giá vàng SJC ngày 13/08/2022,66.500 x1000đ/lượng,67.500 x1000đ/lượng
Lịch sử giá vàng SJC ngày 14/08/2022,,
Lịch sử giá vàng SJC ngày 15/08/2022,66.400 x1000đ/lượng,67.400 x1000đ/lượng
Lịch sử giá vàng SJC ngày 16/08/2022,65.900 x1000đ/lượng,66.900 x1000đ/lượng
Lịch sử giá vàng SJC ngày 17/08/2022,66.000 x1000đ/lượng,67.000 x1000đ/lượng
Lịch sử giá vàng SJC ngày 18/08/2022,66.100 x1000đ/lượng,67.100 x1000đ/lượng
Lịch sử giá vàng SJC ngày 19/08/2022,66.100 x1000đ/lượng,67.100 x1000đ/lượng
Lịch sử giá vàng SJC ngày 20/08/2022,66.200 x1000đ/lượng,67.200 x1000đ/lượng
Lịch sử giá vàng SJC ngày 21/08/2022,,
Lịch sử giá vàng SJC ngày 22/08/2022,66.100 x1000đ/lượng,67.100 x1000đ/lượng
Lịch sử giá vàng SJC ngày 23/08/2022,66.000 x1000đ/lượng,67.000 x1000đ/lượng
Lịch sử giá vàng SJC ngày 24/08/2022,66.100 x1000đ/lượng,67.100 x1000đ/lượng
Lịch sử giá vàng SJC ngày 25/08/2022,66.300 x1000đ/lượng,67.100 x1000đ/lượng
Lịch sử giá vàng SJC ngày 26/08/2022,66.000 x1000đ/lượng,66.800 x1000đ/lượng
Lịch sử giá vàng SJC ngày 27/08/2022,66.100 x1000đ/lượng,66.900 x1000đ/lượng
Lịch sử giá vàng SJC ngày 28/08/2022,,
Lịch sử giá vàng SJC ngày 29/08/2022,65.900 x1000đ/lượng,66.700 x1000đ/lượng
Lịch sử giá vàng SJC ngày 30/08/2022,65.900 x1000đ/lượng,66.700 x1000đ/lượng
Lịch sử giá vàng SJC ngày 31/08/2022,65.800 x1000đ/lượng,66.600 x1000đ/lượng
Lịch sử giá vàng SJC ngày 01/09/2022,65.850 x1000đ/lượng,66.650 x1000đ/lượng
Lịch sử giá vàng SJC ngày 02/09/2022,,
Lịch sử giá vàng SJC ngày 03/09/2022,65.700 x1000đ/lượng,66.700 x1000đ/lượng
Lịch sử giá vàng SJC ngày 04/09/2022,,
Lịch sử giá vàng SJC ngày 05/09/2022,65.850 x1000đ/lượng,66.650 x1000đ/lượng
Lịch sử giá vàng SJC ngày 06/09/2022,66.000 x1000đ/lượng,66.800 x1000đ/lượng
Lịch sử giá vàng SJC ngày 07/09/2022,65.900 x1000đ/lượng,66.700 x1000đ/lượng
Lịch sử giá vàng SJC ngày 08/09/2022,66.200 x1000đ/lượng,67.000 x1000đ/lượng
Lịch sử giá vàng SJC ngày 09/09/2022,66.100 x1000đ/lượng,66.900 x1000đ/lượng
Lịch sử giá vàng SJC ngày 10/09/2022,66.150 x1000đ/lượng,66.950 x1000đ/lượng
Lịch sử giá vàng SJC ngày 11/09/2022,,
Lịch sử giá vàng SJC ngày 12/09/2022,66.100 x1000đ/lượng,66.900 x1000đ/lượng
Lịch sử giá vàng SJC ngày 13/09/2022,66.200 x1000đ/lượng,67.000 x1000đ/lượng
Lịch sử giá vàng SJC ngày 14/09/2022,66.050 x1000đ/lượng,66.850 x1000đ/lượng
Lịch sử giá vàng SJC ngày 15/09/2022,66.050 x1000đ/lượng,66.850 x1000đ/lượng
Lịch sử giá vàng SJC ngày 16/09/2022,65.700 x1000đ/lượng,66.500 x1000đ/lượng
Lịch sử giá vàng SJC ngày 17/09/2022,65.850 x1000đ/lượng,66.650 x1000đ/lượng
Lịch sử giá vàng SJC ngày 18/09/2022,,
Lịch sử giá vàng SJC ngày 19/09/2022,65.800 x1000đ/lượng,66.600 x1000đ/lượng
Lịch sử giá vàng SJC ngày 20/09/2022,65.800 x1000đ/lượng,66.600 x1000đ/lượng
Lịch sử giá vàng SJC ngày 21/09/2022,65.850 x1000đ/lượng,66.650 x1000đ/lượng
Lịch sử giá vàng SJC ngày 22/09/2022,65.850 x1000đ/lượng,66.650 x1000đ/lượng
Lịch sử giá vàng SJC ngày 23/09/2022,65.850 x1000đ/lượng,66.650 x1000đ/lượng
Lịch sử giá vàng SJC ngày 24/09/2022,65.750 x1000đ/lượng,66.550 x1000đ/lượng
Lịch sử giá vàng SJC ngày 25/09/2022,,
Lịch sử giá vàng SJC ngày 26/09/2022,65.650 x1000đ/lượng,66.450 x1000đ/lượng
Lịch sử giá vàng SJC ngày 27/09/2022,65.550 x1000đ/lượng,66.350 x1000đ/lượng
Lịch sử giá vàng SJC ngày 28/09/2022,64.200 x1000đ/lượng,65.200 x1000đ/lượng
Lịch sử giá vàng SJC ngày 29/09/2022,64.700 x1000đ/lượng,65.700 x1000đ/lượng
Lịch sử giá vàng SJC ngày 30/09/2022,64.750 x1000đ/lượng,65.750 x1000đ/lượng
Lịch sử giá vàng SJC ngày 01/10/2022,65.200 x1000đ/lượng,66.200 x1000đ/lượng
Lịch sử giá vàng SJC ngày 02/10/2022,,
Lịch sử giá vàng SJC ngày 03/10/2022,65.500 x1000đ/lượng,66.500 x1000đ/lượng
Lịch sử giá vàng SJC ngày 04/10/2022,65.200 x1000đ/lượng,66.200 x1000đ/lượng
Lịch sử giá vàng SJC ngày 05/10/2022,65.450 x1000đ/lượng,66.450 x1000đ/lượng
Lịch sử giá vàng SJC ngày 06/10/2022,65.300 x1000đ/lượng,66.300 x1000đ/lượng
Lịch sử giá vàng SJC ngày 07/10/2022,64.700 x1000đ/lượng,65.700 x1000đ/lượng
Lịch sử giá vàng SJC ngày 08/10/2022,64.800 x1000đ/lượng,65.800 x1000đ/lượng
Lịch sử giá vàng SJC ngày 09/10/2022,,
Lịch sử giá vàng SJC ngày 10/10/2022,65.600 x1000đ/lượng,66.600 x1000đ/lượng
Lịch sử giá vàng SJC ngày 11/10/2022,66.100 x1000đ/lượng,67.100 x1000đ/lượng
Lịch sử giá vàng SJC ngày 12/10/2022,66.000 x1000đ/lượng,67.000 x1000đ/lượng
Lịch sử giá vàng SJC ngày 13/10/2022,65.900 x1000đ/lượng,66.900 x1000đ/lượng
Lịch sử giá vàng SJC ngày 14/10/2022,66.000 x1000đ/lượng,67.000 x1000đ/lượng
Lịch sử giá vàng SJC ngày 15/10/2022,66.200 x1000đ/lượng,67.200 x1000đ/lượng
Lịch sử giá vàng SJC ngày 16/10/2022,,
Lịch sử giá vàng SJC ngày 17/10/2022,66.000 x1000đ/lượng,67.000 x1000đ/lượng
Lịch sử giá vàng SJC ngày 18/10/2022,65.900 x1000đ/lượng,66.900 x1000đ/lượng
Lịch sử giá vàng SJC ngày 19/10/2022,66.200 x1000đ/lượng,67.200 x1000đ/lượng
Lịch sử giá vàng SJC ngày 20/10/2022,66.000 x1000đ/lượng,67.000 x1000đ/lượng
Lịch sử giá vàng SJC ngày 21/10/2022,66.300 x1000đ/lượng,67.300 x1000đ/lượng
Lịch sử giá vàng SJC ngày 22/10/2022,66.300 x1000đ/lượng,67.300 x1000đ/lượng
Lịch sử giá vàng SJC ngày 23/10/2022,,
Lịch sử giá vàng SJC ngày 24/10/2022,66.500 x1000đ/lượng,67.500 x1000đ/lượng
Lịch sử giá vàng SJC ngày 25/10/2022,66.300 x1000đ/lượng,67.300 x1000đ/lượng
Lịch sử giá vàng SJC ngày 26/10/2022,66.300 x1000đ/lượng,67.300 x1000đ/lượng
Lịch sử giá vàng SJC ngày 27/10/2022,66.300 x1000đ/lượng,67.300 x1000đ/lượng
Lịch sử giá vàng SJC ngày 28/10/2022,66.200 x1000đ/lượng,67.200 x1000đ/lượng
Lịch sử giá vàng SJC ngày 29/10/2022,66.000 x1000đ/lượng,67.000 x1000đ/lượng
Lịch sử giá vàng SJC ngày 30/10/2022,,
Lịch sử giá vàng SJC ngày 31/10/2022,66.100 x1000đ/lượng,67.100 x1000đ/lượng
Lịch sử giá vàng SJC ngày 01/11/2022,66.000 x1000đ/lượng,67.000 x1000đ/lượng
Lịch sử giá vàng SJC ngày 02/11/2022,66.150 x1000đ/lượng,67.150 x1000đ/lượng
Lịch sử giá vàng SJC ngày 03/11/2022,66.100 x1000đ/lượng,67.100 x1000đ/lượng
Lịch sử giá vàng SJC ngày 04/11/2022,66.200 x1000đ/lượng,67.200 x1000đ/lượng
Lịch sử giá vàng SJC ngày 05/11/2022,66.700 x1000đ/lượng,67.700 x1000đ/lượng
Lịch sử giá vàng SJC ngày 06/11/2022,,
Lịch sử giá vàng SJC ngày 07/11/2022,66.500 x1000đ/lượng,67.500 x1000đ/lượng
Lịch sử giá vàng SJC ngày 08/11/2022,66.200 x1000đ/lượng,67.200 x1000đ/lượng
Lịch sử giá vàng SJC ngày 09/11/2022,66.500 x1000đ/lượng,67.500 x1000đ/lượng
Lịch sử giá vàng SJC ngày 10/11/2022,66.500 x1000đ/lượng,67.500 x1000đ/lượng
Lịch sử giá vàng SJC ngày 11/11/2022,66.600 x1000đ/lượng,67.600 x1000đ/lượng
Lịch sử giá vàng SJC ngày 12/11/2022,66.600 x1000đ/lượng,67.600 x1000đ/lượng
Lịch sử giá vàng SJC ngày 13/11/2022,,
Lịch sử giá vàng SJC ngày 14/11/2022,66.500 x1000đ/lượng,67.500 x1000đ/lượng
Lịch sử giá vàng SJC ngày 15/11/2022,66.500 x1000đ/lượng,67.500 x1000đ/lượng
Lịch sử giá vàng SJC ngày 16/11/2022,66.700 x1000đ/lượng,67.700 x1000đ/lượng
Lịch sử giá vàng SJC ngày 17/11/2022,66.700 x1000đ/lượng,67.700 x1000đ/lượng
Lịch sử giá vàng SJC ngày 18/11/2022,66.700 x1000đ/lượng,67.700 x1000đ/lượng
Lịch sử giá vàng SJC ngày 19/11/2022,66.500 x1000đ/lượng,67.500 x1000đ/lượng
Lịch sử giá vàng SJC ngày 20/11/2022,,
Lịch sử giá vàng SJC ngày 21/11/2022,66.600 x1000đ/lượng,67.600 x1000đ/lượng
Lịch sử giá vàng SJC ngày 22/11/2022,66.450 x1000đ/lượng,67.450 x1000đ/lượng
Lịch sử giá vàng SJC ngày 23/11/2022,66.400 x1000đ/lượng,67.400 x1000đ/lượng
Lịch sử giá vàng SJC ngày 24/11/2022,66.600 x1000đ/lượng,67.600 x1000đ/lượng
Lịch sử giá vàng SJC ngày 25/11/2022,66.600 x1000đ/lượng,67.600 x1000đ/lượng
Lịch sử giá vàng SJC ngày 26/11/2022,66.700 x1000đ/lượng,67.700 x1000đ/lượng
Lịch sử giá vàng SJC ngày 27/11/2022,,
Lịch sử giá vàng SJC ngày 28/11/2022,66.600 x1000đ/lượng,67.400 x1000đ/lượng
Lịch sử giá vàng SJC ngày 29/11/2022,66.650 x1000đ/lượng,67.450 x1000đ/lượng
Lịch sử giá vàng SJC ngày 30/11/2022,66.400 x1000đ/lượng,67.200 x1000đ/lượng
Lịch sử giá vàng SJC ngày 01/12/2022,66.650 x1000đ/lượng,67.450 x1000đ/lượng
Lịch sử giá vàng SJC ngày 02/12/2022,66.600 x1000đ/lượng,67.400 x1000đ/lượng
Lịch sử giá vàng SJC ngày 03/12/2022,66.150 x1000đ/lượng,66.950 x1000đ/lượng
Lịch sử giá vàng SJC ngày 04/12/2022,,
Lịch sử giá vàng SJC ngày 05/12/2022,66.150 x1000đ/lượng,66.950 x1000đ/lượng
Lịch sử giá vàng SJC ngày 06/12/2022,66.250 x1000đ/lượng,67.050 x1000đ/lượng
Lịch sử giá vàng SJC ngày 07/12/2022,66.350 x1000đ/lượng,67.150 x1000đ/lượng
Lịch sử giá vàng SJC ngày 08/12/2022,66.250 x1000đ/lượng,67.050 x1000đ/lượng
Lịch sử giá vàng SJC ngày 09/12/2022,66.600 x1000đ/lượng,67.400 x1000đ/lượng
Lịch sử giá vàng SJC ngày 10/12/2022,66.300 x1000đ/lượng,67.100 x1000đ/lượng
Lịch sử giá vàng SJC ngày 11/12/2022,,
Lịch sử giá vàng SJC ngày 12/12/2022,66.450 x1000đ/lượng,67.250 x1000đ/lượng
Lịch sử giá vàng SJC ngày 13/12/2022,66.350 x1000đ/lượng,67.150 x1000đ/lượng
Lịch sử giá vàng SJC ngày 14/12/2022,66.550 x1000đ/lượng,67.350 x1000đ/lượng
Lịch sử giá vàng SJC ngày 15/12/2022,66.100 x1000đ/lượng,66.900 x1000đ/lượng
Lịch sử giá vàng SJC ngày 16/12/2022,66.000 x1000đ/lượng,66.800 x1000đ/lượng
Lịch sử giá vàng SJC ngày 17/12/2022,66.100 x1000đ/lượng,66.900 x1000đ/lượng
Lịch sử giá vàng SJC ngày 18/12/2022,,
Lịch sử giá vàng SJC ngày 19/12/2022,66.200 x1000đ/lượng,67.000 x1000đ/lượng
Lịch sử giá vàng SJC ngày 20/12/2022,66.200 x1000đ/lượng,67.000 x1000đ/lượng
Lịch sử giá vàng SJC ngày 21/12/2022,66.400 x1000đ/lượng,67.200 x1000đ/lượng
Lịch sử giá vàng SJC ngày 22/12/2022,66.150 x1000đ/lượng,66.950 x1000đ/lượng
Lịch sử giá vàng SJC ngày 23/12/2022,66.100 x1000đ/lượng,66.900 x1000đ/lượng
Lịch sử giá vàng SJC ngày 24/12/2022,66.100 x1000đ/lượng,66.900 x1000đ/lượng
Lịch sử giá vàng SJC ngày 25/12/2022,,
Lịch sử giá vàng SJC ngày 26/12/2022,66.200 x1000đ/lượng,67.000 x1000đ/lượng
Lịch sử giá vàng SJC ngày 27/12/2022,66.100 x1000đ/lượng,66.900 x1000đ/lượng
Lịch sử giá vàng SJC ngày 28/12/2022,65.900 x1000đ/lượng,66.700 x1000đ/lượng
Lịch sử giá vàng SJC ngày 29/12/2022,65.900 x1000đ/lượng,66.700 x1000đ/lượng
Lịch sử giá vàng SJC ngày 30/12/2022,65.900 x1000đ/lượng,66.700 x1000đ/lượng
Lịch sử giá vàng SJC ngày 31/12/2022,65.900 x1000đ/lượng,66.700 x1000đ/lượng
Lịch sử giá vàng SJC ngày 01/01/2023,,
Lịch sử giá vàng SJC ngày 02/01/2023,,
Lịch sử giá vàng SJC ngày 03/01/2023,66.200 x1000đ/lượng,67.000 x1000đ/lượng
Lịch sử giá vàng SJC ngày 04/01/2023,66.300 x1000đ/lượng,67.100 x1000đ/lượng
Lịch sử giá vàng SJC ngày 05/01/2023,66.450 x1000đ/lượng,67.250 x1000đ/lượng
Lịch sử giá vàng SJC ngày 06/01/2023,66.100 x1000đ/lượng,66.900 x1000đ/lượng
Lịch sử giá vàng SJC ngày 07/01/2023,66.450 x1000đ/lượng,67.250 x1000đ/lượng
Lịch sử giá vàng SJC ngày 08/01/2023,,
Lịch sử giá vàng SJC ngày 09/01/2023,66.450 x1000đ/lượng,67.250 x1000đ/lượng
Lịch sử giá vàng SJC ngày 10/01/2023,66.000 x1000đ/lượng,66.800 x1000đ/lượng
Lịch sử giá vàng SJC ngày 11/01/2023,66.100 x1000đ/lượng,66.900 x1000đ/lượng
Lịch sử giá vàng SJC ngày 12/01/2023,66.150 x1000đ/lượng,66.950 x1000đ/lượng
Lịch sử giá vàng SJC ngày 13/01/2023,66.200 x1000đ/lượng,67.000 x1000đ/lượng
Lịch sử giá vàng SJC ngày 14/01/2023,66.400 x1000đ/lượng,67.400 x1000đ/lượng
Lịch sử giá vàng SJC ngày 15/01/2023,,
Lịch sử giá vàng SJC ngày 16/01/2023,66.400 x1000đ/lượng,67.400 x1000đ/lượng
Lịch sử giá vàng SJC ngày 17/01/2023,66.350 x1000đ/lượng,67.150 x1000đ/lượng
Lịch sử giá vàng SJC ngày 18/01/2023,66.700 x1000đ/lượng,67.500 x1000đ/lượng
Lịch sử giá vàng SJC ngày 19/01/2023,66.700 x1000đ/lượng,67.700 x1000đ/lượng
Lịch sử giá vàng SJC ngày 20/01/2023,,
Lịch sử giá vàng SJC ngày 21/01/2023,,
Lịch sử giá vàng SJC ngày 22/01/2023,,
Lịch sử giá vàng SJC ngày 23/01/2023,,
Lịch sử giá vàng SJC ngày 24/01/2023,,
Lịch sử giá vàng SJC ngày 25/01/2023,,
Lịch sử giá vàng SJC ngày 26/01/2023,,
Lịch sử giá vàng SJC ngày 27/01/2023,67.200 x1000đ/lượng,68.200 x1000đ/lượng
Lịch sử giá vàng SJC ngày 28/01/2023,67.600 x1000đ/lượng,68.600 x1000đ/lượng
Lịch sử giá vàng SJC ngày 29/01/2023,67.300 x1000đ/lượng,68.300 x1000đ/lượng
Lịch sử giá vàng SJC ngày 30/01/2023,67.200 x1000đ/lượng,68.200 x1000đ/lượng
Lịch sử giá vàng SJC ngày 31/01/2023,66.300 x1000đ/lượng,67.700 x1000đ/lượng
Lịch sử giá vàng SJC ngày 01/02/2023,66.500 x1000đ/lượng,67.300 x1000đ/lượng
Lịch sử giá vàng SJC ngày 02/02/2023,66.600 x1000đ/lượng,67.400 x1000đ/lượng
Lịch sử giá vàng SJC ngày 03/02/2023,66.700 x1000đ/lượng,67.500 x1000đ/lượng
Lịch sử giá vàng SJC ngày 04/02/2023,66.200 x1000đ/lượng,67.200 x1000đ/lượng
Lịch sử giá vàng SJC ngày 05/02/2023,,
Lịch sử giá vàng SJC ngày 06/02/2023,66.500 x1000đ/lượng,67.300 x1000đ/lượng
Lịch sử giá vàng SJC ngày 07/02/2023,66.400 x1000đ/lượng,67.200 x1000đ/lượng
Lịch sử giá vàng SJC ngày 08/02/2023,66.550 x1000đ/lượng,67.350 x1000đ/lượng
Lịch sử giá vàng SJC ngày 09/02/2023,66.550 x1000đ/lượng,67.350 x1000đ/lượng
Lịch sử giá vàng SJC ngày 10/02/2023,66.550 x1000đ/lượng,67.350 x1000đ/lượng
Lịch sử giá vàng SJC ngày 11/02/2023,66.550 x1000đ/lượng,67.350 x1000đ/lượng
Lịch sử giá vàng SJC ngày 12/02/2023,,
Lịch sử giá vàng SJC ngày 13/02/2023,66.600 x1000đ/lượng,67.400 x1000đ/lượng
Lịch sử giá vàng SJC ngày 14/02/2023,66.400 x1000đ/lượng,67.200 x1000đ/lượng
Lịch sử giá vàng SJC ngày 15/02/2023,66.500 x1000đ/lượng,67.300 x1000đ/lượng
Lịch sử giá vàng SJC ngày 16/02/2023,66.400 x1000đ/lượng,67.200 x1000đ/lượng
Lịch sử giá vàng SJC ngày 17/02/2023,66.350 x1000đ/lượng,67.150 x1000đ/lượng
Lịch sử giá vàng SJC ngày 18/02/2023,66.350 x1000đ/lượng,67.150 x1000đ/lượng
Lịch sử giá vàng SJC ngày 19/02/2023,,
Lịch sử giá vàng SJC ngày 20/02/2023,66.300 x1000đ/lượng,67.100 x1000đ/lượng
Lịch sử giá vàng SJC ngày 21/02/2023,66.300 x1000đ/lượng,67.100 x1000đ/lượng
Lịch sử giá vàng SJC ngày 22/02/2023,66.300 x1000đ/lượng,67.100 x1000đ/lượng
Lịch sử giá vàng SJC ngày 23/02/2023,66.300 x1000đ/lượng,67.100 x1000đ/lượng
Lịch sử giá vàng SJC ngày 24/02/2023,66.250 x1000đ/lượng,66.950 x1000đ/lượng
Lịch sử giá vàng SJC ngày 25/02/2023,66.100 x1000đ/lượng,66.900 x1000đ/lượng
Lịch sử giá vàng SJC ngày 26/02/2023,,
Lịch sử giá vàng SJC ngày 27/02/2023,66.100 x1000đ/lượng,66.800 x1000đ/lượng
Lịch sử giá vàng SJC ngày 28/02/2023,66.150 x1000đ/lượng,66.850 x1000đ/lượng
Lịch sử giá vàng SJC ngày 01/03/2023,,
Lịch sử giá vàng SJC ngày 02/03/2023,66.150 x1000đ/lượng,66.850 x1000đ/lượng
Lịch sử giá vàng SJC ngày 03/03/2023,66.150 x1000đ/lượng,66.850 x1000đ/lượng
Lịch sử giá vàng SJC ngày 04/03/2023,66.200 x1000đ/lượng,66.900 x1000đ/lượng
Lịch sử giá vàng SJC ngày 05/03/2023,,
Lịch sử giá vàng SJC ngày 06/03/2023,66.200 x1000đ/lượng,66.900 x1000đ/lượng
Lịch sử giá vàng SJC ngày 07/03/2023,66.050 x1000đ/lượng,66.750 x1000đ/lượng
Lịch sử giá vàng SJC ngày 08/03/2023,66.000 x1000đ/lượng,66.700 x1000đ/lượng
Lịch sử giá vàng SJC ngày 09/03/2023,65.850 x1000đ/lượng,66.550 x1000đ/lượng
Lịch sử giá vàng SJC ngày 10/03/2023,65.850 x1000đ/lượng,66.550 x1000đ/lượng
Lịch sử giá vàng SJC ngày 11/03/2023,65.850 x1000đ/lượng,66.550 x1000đ/lượng
Lịch sử giá vàng SJC ngày 12/03/2023,,
Lịch sử giá vàng SJC ngày 13/03/2023,66.000 x1000đ/lượng,66.800 x1000đ/lượng
Lịch sử giá vàng SJC ngày 14/03/2023,66.350 x1000đ/lượng,67.050 x1000đ/lượng
Lịch sử giá vàng SJC ngày 15/03/2023,66.150 x1000đ/lượng,66.850 x1000đ/lượng
Lịch sử giá vàng SJC ngày 16/03/2023,65.950 x1000đ/lượng,66.650 x1000đ/lượng
Lịch sử giá vàng SJC ngày 17/03/2023,66.450 x1000đ/lượng,67.150 x1000đ/lượng
Lịch sử giá vàng SJC ngày 18/03/2023,66.850 x1000đ/lượng,67.750 x1000đ/lượng
Lịch sử giá vàng SJC ngày 19/03/2023,,
Lịch sử giá vàng SJC ngày 20/03/2023,66.600 x1000đ/lượng,67.500 x1000đ/lượng
Lịch sử giá vàng SJC ngày 21/03/2023,66.750 x1000đ/lượng,67.450 x1000đ/lượng
Lịch sử giá vàng SJC ngày 22/03/2023,66.600 x1000đ/lượng,67.300 x1000đ/lượng
Lịch sử giá vàng SJC ngày 23/03/2023,66.450 x1000đ/lượng,67.150 x1000đ/lượng
Lịch sử giá vàng SJC ngày 24/03/2023,66.650 x1000đ/lượng,67.350 x1000đ/lượng
Lịch sử giá vàng SJC ngày 25/03/2023,66.650 x1000đ/lượng,67.350 x1000đ/lượng
Lịch sử giá vàng SJC ngày 26/03/2023,,
Lịch sử giá vàng SJC ngày 27/03/2023,66.600 x1000đ/lượng,67.300 x1000đ/lượng
Lịch sử giá vàng SJC ngày 28/03/2023,66.650 x1000đ/lượng,67.350 x1000đ/lượng
Lịch sử giá vàng SJC ngày 29/03/2023,66.500 x1000đ/lượng,67.200 x1000đ/lượng
Lịch sử giá vàng SJC ngày 30/03/2023,66.450 x1000đ/lượng,67.150 x1000đ/lượng
Lịch sử giá vàng SJC ngày 31/03/2023,66.300 x1000đ/lượng,66.900 x1000đ/lượng
Lịch sử giá vàng SJC ngày 01/04/2023,66.450 x1000đ/lượng,67.050 x1000đ/lượng
Lịch sử giá vàng SJC ngày 02/04/2023,,
Lịch sử giá vàng SJC ngày 03/04/2023,66.300 x1000đ/lượng,66.900 x1000đ/lượng
Lịch sử giá vàng SJC ngày 04/04/2023,66.600 x1000đ/lượng,67.200 x1000đ/lượng
Lịch sử giá vàng SJC ngày 05/04/2023,66.450 x1000đ/lượng,67.050 x1000đ/lượng
Lịch sử giá vàng SJC ngày 06/04/2023,66.500 x1000đ/lượng,67.100 x1000đ/lượng
Lịch sử giá vàng SJC ngày 07/04/2023,66.450 x1000đ/lượng,67.050 x1000đ/lượng
Lịch sử giá vàng SJC ngày 08/04/2023,66.400 x1000đ/lượng,67.100 x1000đ/lượng
Lịch sử giá vàng SJC ngày 09/04/2023,,
Lịch sử giá vàng SJC ngày 10/04/2023,66.400 x1000đ/lượng,67.000 x1000đ/lượng
Lịch sử giá vàng SJC ngày 11/04/2023,66.400 x1000đ/lượng,67.000 x1000đ/lượng
Lịch sử giá vàng SJC ngày 12/04/2023,66.400 x1000đ/lượng,67.000 x1000đ/lượng
Lịch sử giá vàng SJC ngày 13/04/2023,66.400 x1000đ/lượng,67.000 x1000đ/lượng
Lịch sử giá vàng SJC ngày 14/04/2023,66.700 x1000đ/lượng,67.300 x1000đ/lượng
Lịch sử giá vàng SJC ngày 15/04/2023,66.300 x1000đ/lượng,67.000 x1000đ/lượng
Lịch sử giá vàng SJC ngày 16/04/2023,,
Lịch sử giá vàng SJC ngày 17/04/2023,66.350 x1000đ/lượng,66.950 x1000đ/lượng
Lịch sử giá vàng SJC ngày 18/04/2023,66.500 x1000đ/lượng,67.100 x1000đ/lượng
Lịch sử giá vàng SJC ngày 19/04/2023,66.450 x1000đ/lượng,67.050 x1000đ/lượng
Lịch sử giá vàng SJC ngày 20/04/2023,66.350 x1000đ/lượng,66.950 x1000đ/lượng
Lịch sử giá vàng SJC ngày 21/04/2023,66.450 x1000đ/lượng,67.050 x1000đ/lượng
Lịch sử giá vàng SJC ngày 22/04/2023,66.350 x1000đ/lượng,66.950 x1000đ/lượng
Lịch sử giá vàng SJC ngày 23/04/2023,,
Lịch sử giá vàng SJC ngày 24/04/2023,66.450 x1000đ/lượng,67.050 x1000đ/lượng
Lịch sử giá vàng SJC ngày 25/04/2023,66.450 x1000đ/lượng,67.050 x1000đ/lượng
Lịch sử giá vàng SJC ngày 26/04/2023,66.450 x1000đ/lượng,67.050 x1000đ/lượng
Lịch sử giá vàng SJC ngày 27/04/2023,66.550 x1000đ/lượng,67.150 x1000đ/lượng
Lịch sử giá vàng SJC ngày 28/04/2023,66.500 x1000đ/lượng,67.100 x1000đ/lượng
Lịch sử giá vàng SJC ngày 29/04/2023,,
Lịch sử giá vàng SJC ngày 30/04/2023,,
Lịch sử giá vàng SJC ngày 01/05/2023,,
Lịch sử giá vàng SJC ngày 02/05/2023,,
Lịch sử giá vàng SJC ngày 03/05/2023,66.600 x1000đ/lượng,67.200 x1000đ/lượng
Lịch sử giá vàng SJC ngày 04/05/2023,66.700 x1000đ/lượng,67.300 x1000đ/lượng
Lịch sử giá vàng SJC ngày 05/05/2023,66.650 x1000đ/lượng,67.250 x1000đ/lượng
Lịch sử giá vàng SJC ngày 06/05/2023,66.500 x1000đ/lượng,67.100 x1000đ/lượng
Lịch sử giá vàng SJC ngày 07/05/2023,,
Lịch sử giá vàng SJC ngày 08/05/2023,66.350 x1000đ/lượng,67.050 x1000đ/lượng
Lịch sử giá vàng SJC ngày 09/05/2023,66.500 x1000đ/lượng,67.100 x1000đ/lượng
Lịch sử giá vàng SJC ngày 10/05/2023,66.650 x1000đ/lượng,67.250 x1000đ/lượng
Lịch sử giá vàng SJC ngày 11/05/2023,66.500 x1000đ/lượng,67.100 x1000đ/lượng
Lịch sử giá vàng SJC ngày 12/05/2023,66.650 x1000đ/lượng,67.250 x1000đ/lượng
Lịch sử giá vàng SJC ngày 13/05/2023,66.550 x1000đ/lượng,67.250 x1000đ/lượng
Lịch sử giá vàng SJC ngày 14/05/2023,,
Lịch sử giá vàng SJC ngày 15/05/2023,66.550 x1000đ/lượng,67.250 x1000đ/lượng
Lịch sử giá vàng SJC ngày 16/05/2023,66.650 x1000đ/lượng,67.250 x1000đ/lượng
Lịch sử giá vàng SJC ngày 17/05/2023,66.500 x1000đ/lượng,67.100 x1000đ/lượng
Lịch sử giá vàng SJC ngày 18/05/2023,66.500 x1000đ/lượng,67.100 x1000đ/lượng
Lịch sử giá vàng SJC ngày 19/05/2023,66.550 x1000đ/lượng,67.150 x1000đ/lượng
Lịch sử giá vàng SJC ngày 20/05/2023,66.650 x1000đ/lượng,67.250 x1000đ/lượng
Lịch sử giá vàng SJC ngày 21/05/2023,,
Lịch sử giá vàng SJC ngày 22/05/2023,66.750 x1000đ/lượng,67.350 x1000đ/lượng
Lịch sử giá vàng SJC ngày 23/05/2023,66.550 x1000đ/lượng,67.150 x1000đ/lượng
Lịch sử giá vàng SJC ngày 24/05/2023,66.500 x1000đ/lượng,67.100 x1000đ/lượng
Lịch sử giá vàng SJC ngày 25/05/2023,66.500 x1000đ/lượng,67.100 x1000đ/lượng
Lịch sử giá vàng SJC ngày 26/05/2023,66.500 x1000đ/lượng,67.100 x1000đ/lượng
Lịch sử giá vàng SJC ngày 27/05/2023,66.350 x1000đ/lượng,67.050 x1000đ/lượng
Lịch sử giá vàng SJC ngày 28/05/2023,,
Lịch sử giá vàng SJC ngày 29/05/2023,66.400 x1000đ/lượng,67.000 x1000đ/lượng
Lịch sử giá vàng SJC ngày 30/05/2023,66.350 x1000đ/lượng,66.950 x1000đ/lượng
Lịch sử giá vàng SJC ngày 31/05/2023,66.550 x1000đ/lượng,67.150 x1000đ/lượng
Lịch sử giá vàng SJC ngày 01/06/2023,66.500 x1000đ/lượng,67.100 x1000đ/lượng
Lịch sử giá vàng SJC ngày 02/06/2023,66.400 x1000đ/lượng,67.000 x1000đ/lượng
Lịch sử giá vàng SJC ngày 03/06/2023,66.450 x1000đ/lượng,67.050 x1000đ/lượng
Lịch sử giá vàng SJC ngày 04/06/2023,,
Lịch sử giá vàng SJC ngày 05/06/2023,66.400 x1000đ/lượng,67.000 x1000đ/lượng
Lịch sử giá vàng SJC ngày 06/06/2023,66.550 x1000đ/lượng,67.150 x1000đ/lượng
Lịch sử giá vàng SJC ngày 07/06/2023,66.400 x1000đ/lượng,67.000 x1000đ/lượng
Lịch sử giá vàng SJC ngày 08/06/2023,66.350 x1000đ/lượng,66.950 x1000đ/lượng
Lịch sử giá vàng SJC ngày 09/06/2023,66.400 x1000đ/lượng,67.000 x1000đ/lượng
Lịch sử giá vàng SJC ngày 10/06/2023,66.500 x1000đ/lượng,67.100 x1000đ/lượng
Lịch sử giá vàng SJC ngày 11/06/2023,,
Lịch sử giá vàng SJC ngày 12/06/2023,66.500 x1000đ/lượng,67.100 x1000đ/lượng
Lịch sử giá vàng SJC ngày 13/06/2023,66.500 x1000đ/lượng,67.100 x1000đ/lượng
Lịch sử giá vàng SJC ngày 14/06/2023,66.400 x1000đ/lượng,67.000 x1000đ/lượng
Lịch sử giá vàng SJC ngày 15/06/2023,66.550 x1000đ/lượng,67.150 x1000đ/lượng
Lịch sử giá vàng SJC ngày 16/06/2023,66.600 x1000đ/lượng,67.200 x1000đ/lượng
Lịch sử giá vàng SJC ngày 17/06/2023,66.550 x1000đ/lượng,67.150 x1000đ/lượng
Lịch sử giá vàng SJC ngày 18/06/2023,,
Lịch sử giá vàng SJC ngày 19/06/2023,66.500 x1000đ/lượng,67.100 x1000đ/lượng
Lịch sử giá vàng SJC ngày 20/06/2023,66.450 x1000đ/lượng,67.050 x1000đ/lượng
Lịch sử giá vàng SJC ngày 21/06/2023,66.500 x1000đ/lượng,67.100 x1000đ/lượng
Lịch sử giá vàng SJC ngày 22/06/2023,66.450 x1000đ/lượng,67.050 x1000đ/lượng
Lịch sử giá vàng SJC ngày 23/06/2023,66.400 x1000đ/lượng,67.000 x1000đ/lượng
Lịch sử giá vàng SJC ngày 24/06/2023,66.500 x1000đ/lượng,67.100 x1000đ/lượng
Lịch sử giá vàng SJC ngày 25/06/2023,,
Lịch sử giá vàng SJC ngày 26/06/2023,66.500 x1000đ/lượng,67.100 x1000đ/lượng
Lịch sử giá vàng SJC ngày 27/06/2023,66.350 x1000đ/lượng,66.950 x1000đ/lượng
Lịch sử giá vàng SJC ngày 28/06/2023,66.350 x1000đ/lượng,66.950 x1000đ/lượng
Lịch sử giá vàng SJC ngày 29/06/2023,66.400 x1000đ/lượng,67.000 x1000đ/lượng
Lịch sử giá vàng SJC ngày 30/06/2023,66.400 x1000đ/lượng,67.000 x1000đ/lượng
Lịch sử giá vàng SJC ngày 01/07/2023,66.350 x1000đ/lượng,66.950 x1000đ/lượng
Lịch sử giá vàng SJC ngày 02/07/2023,,
Lịch sử giá vàng SJC ngày 03/07/2023,66.400 x1000đ/lượng,67.000 x1000đ/lượng
Lịch sử giá vàng SJC ngày 04/07/2023,66.450 x1000đ/lượng,67.050 x1000đ/lượng
Lịch sử giá vàng SJC ngày 05/07/2023,66.500 x1000đ/lượng,67.100 x1000đ/lượng
Lịch sử giá vàng SJC ngày 06/07/2023,66.350 x1000đ/lượng,66.950 x1000đ/lượng
Lịch sử giá vàng SJC ngày 07/07/2023,66.450 x1000đ/lượng,67.050 x1000đ/lượng
Lịch sử giá vàng SJC ngày 08/07/2023,66.450 x1000đ/lượng,67.150 x1000đ/lượng
Lịch sử giá vàng SJC ngày 09/07/2023,,
Lịch sử giá vàng SJC ngày 10/07/2023,66.450 x1000đ/lượng,67.050 x1000đ/lượng
Lịch sử giá vàng SJC ngày 11/07/2023,66.500 x1000đ/lượng,67.100 x1000đ/lượng
Lịch sử giá vàng SJC ngày 12/07/2023,66.600 x1000đ/lượng,67.200 x1000đ/lượng
Lịch sử giá vàng SJC ngày 13/07/2023,66.650 x1000đ/lượng,67.250 x1000đ/lượng
Lịch sử giá vàng SJC ngày 14/07/2023,66.750 x1000đ/lượng,67.350 x1000đ/lượng
Lịch sử giá vàng SJC ngày 15/07/2023,66.500 x1000đ/lượng,67.200 x1000đ/lượng
Lịch sử giá vàng SJC ngày 16/07/2023,,
Lịch sử giá vàng SJC ngày 17/07/2023,66.600 x1000đ/lượng,67.200 x1000đ/lượng
Lịch sử giá vàng SJC ngày 18/07/2023,,
Lịch sử giá vàng SJC ngày 19/07/2023,66.650 x1000đ/lượng,67.250 x1000đ/lượng
Lịch sử giá vàng SJC ngày 20/07/2023,66.600 x1000đ/lượng,67.200 x1000đ/lượng
Lịch sử giá vàng SJC ngày 21/07/2023,66.550 x1000đ/lượng,67.150 x1000đ/lượng
Lịch sử giá vàng SJC ngày 22/07/2023,66.400 x1000đ/lượng,67.100 x1000đ/lượng
Lịch sử giá vàng SJC ngày 23/07/2023,,
Lịch sử giá vàng SJC ngày 24/07/2023,66.450 x1000đ/lượng,67.050 x1000đ/lượng
Lịch sử giá vàng SJC ngày 25/07/2023,66.550 x1000đ/lượng,67.150 x1000đ/lượng
Lịch sử giá vàng SJC ngày 26/07/2023,66.500 x1000đ/lượng,67.100 x1000đ/lượng
Lịch sử giá vàng SJC ngày 27/07/2023,66.600 x1000đ/lượng,67.200 x1000đ/lượng
Lịch sử giá vàng SJC ngày 28/07/2023,66.600 x1000đ/lượng,67.200 x1000đ/lượng
Lịch sử giá vàng SJC ngày 29/07/2023,66.550 x1000đ/lượng,67.250 x1000đ/lượng
Lịch sử giá vàng SJC ngày 30/07/2023,,
Lịch sử giá vàng SJC ngày 31/07/2023,66.600 x1000đ/lượng,67.200 x1000đ/lượng
Lịch sử giá vàng SJC ngày 01/08/2023,66.700 x1000đ/lượng,67.300 x1000đ/lượng
Lịch sử giá vàng SJC ngày 02/08/2023,66.700 x1000đ/lượng,67.300 x1000đ/lượng
Lịch sử giá vàng SJC ngày 03/08/2023,66.600 x1000đ/lượng,67.200 x1000đ/lượng
Lịch sử giá vàng SJC ngày 04/08/2023,66.650 x1000đ/lượng,67.250 x1000đ/lượng
Lịch sử giá vàng SJC ngày 05/08/2023,66.600 x1000đ/lượng,67.200 x1000đ/lượng
Lịch sử giá vàng SJC ngày 06/08/2023,,
Lịch sử giá vàng SJC ngày 07/08/2023,66.700 x1000đ/lượng,67.300 x1000đ/lượng
Lịch sử giá vàng SJC ngày 08/08/2023,66.750 x1000đ/lượng,67.350 x1000đ/lượng
Lịch sử giá vàng SJC ngày 09/08/2023,66.700 x1000đ/lượng,67.300 x1000đ/lượng
Lịch sử giá vàng SJC ngày 10/08/2023,66.650 x1000đ/lượng,67.250 x1000đ/lượng
Lịch sử giá vàng SJC ngày 11/08/2023,66.700 x1000đ/lượng,67.300 x1000đ/lượng
Lịch sử giá vàng SJC ngày 12/08/2023,66.800 x1000đ/lượng,67.500 x1000đ/lượng
Lịch sử giá vàng SJC ngày 13/08/2023,,
Lịch sử giá vàng SJC ngày 14/08/2023,66.800 x1000đ/lượng,67.400 x1000đ/lượng
Lịch sử giá vàng SJC ngày 15/08/2023,66.900 x1000đ/lượng,67.500 x1000đ/lượng
Lịch sử giá vàng SJC ngày 16/08/2023,66.950 x1000đ/lượng,67.550 x1000đ/lượng
Lịch sử giá vàng SJC ngày 17/08/2023,66.900 x1000đ/lượng,67.500 x1000đ/lượng
Lịch sử giá vàng SJC ngày 18/08/2023,67.050 x1000đ/lượng,67.650 x1000đ/lượng
Lịch sử giá vàng SJC ngày 19/08/2023,67.000 x1000đ/lượng,67.700 x1000đ/lượng
Lịch sử giá vàng SJC ngày 20/08/2023,,
Lịch sử giá vàng SJC ngày 21/08/2023,67.050 x1000đ/lượng,67.650 x1000đ/lượng
Lịch sử giá vàng SJC ngày 22/08/2023,66.950 x1000đ/lượng,67.550 x1000đ/lượng
Lịch sử giá vàng SJC ngày 23/08/2023,67.100 x1000đ/lượng,67.700 x1000đ/lượng
Lịch sử giá vàng SJC ngày 24/08/2023,67.300 x1000đ/lượng,67.900 x1000đ/lượng
Lịch sử giá vàng SJC ngày 25/08/2023,67.250 x1000đ/lượng,67.850 x1000đ/lượng
Lịch sử giá vàng SJC ngày 26/08/2023,67.350 x1000đ/lượng,68.050 x1000đ/lượng
Lịch sử giá vàng SJC ngày 27/08/2023,,
Lịch sử giá vàng SJC ngày 28/08/2023,67.450 x1000đ/lượng,68.050 x1000đ/lượng
Lịch sử giá vàng SJC ngày 29/08/2023,67.500 x1000đ/lượng,68.100 x1000đ/lượng
Lịch sử giá vàng SJC ngày 30/08/2023,67.700 x1000đ/lượng,68.300 x1000đ/lượng
Lịch sử giá vàng SJC ngày 31/08/2023,67.550 x1000đ/lượng,68.150 x1000đ/lượng
Lịch sử giá vàng SJC ngày 01/09/2023,67.550 x1000đ/lượng,68.250 x1000đ/lượng
Lịch sử giá vàng SJC ngày 02/09/2023,,
Lịch sử giá vàng SJC ngày 03/09/2023,,
Lịch sử giá vàng SJC ngày 04/09/2023,,
Lịch sử giá vàng SJC ngày 05/09/2023,67.550 x1000đ/lượng,68.150 x1000đ/lượng
Lịch sử giá vàng SJC ngày 06/09/2023,67.750 x1000đ/lượng,68.350 x1000đ/lượng
Lịch sử giá vàng SJC ngày 07/09/2023,67.750 x1000đ/lượng,68.350 x1000đ/lượng
Lịch sử giá vàng SJC ngày 08/09/2023,68.200 x1000đ/lượng,68.900 x1000đ/lượng
Lịch sử giá vàng SJC ngày 09/09/2023,68.050 x1000đ/lượng,68.750 x1000đ/lượng
Lịch sử giá vàng SJC ngày 10/09/2023,,
Lịch sử giá vàng SJC ngày 11/09/2023,68.150 x1000đ/lượng,68.850 x1000đ/lượng
Lịch sử giá vàng SJC ngày 12/09/2023,68.200 x1000đ/lượng,68.900 x1000đ/lượng
Lịch sử giá vàng SJC ngày 13/09/2023,68.050 x1000đ/lượng,68.750 x1000đ/lượng
Lịch sử giá vàng SJC ngày 14/09/2023,67.900 x1000đ/lượng,68.600 x1000đ/lượng
Lịch sử giá vàng SJC ngày 15/09/2023,67.850 x1000đ/lượng,68.550 x1000đ/lượng
Lịch sử giá vàng SJC ngày 16/09/2023,68.000 x1000đ/lượng,68.700 x1000đ/lượng
Lịch sử giá vàng SJC ngày 17/09/2023,,
Lịch sử giá vàng SJC ngày 18/09/2023,68.300 x1000đ/lượng,69.000 x1000đ/lượng
Lịch sử giá vàng SJC ngày 19/09/2023,68.500 x1000đ/lượng,69.200 x1000đ/lượng
Lịch sử giá vàng SJC ngày 20/09/2023,68.500 x1000đ/lượng,69.200 x1000đ/lượng
Lịch sử giá vàng SJC ngày 21/09/2023,68.500 x1000đ/lượng,69.200 x1000đ/lượng
Lịch sử giá vàng SJC ngày 22/09/2023,68.450 x1000đ/lượng,69.150 x1000đ/lượng
Lịch sử giá vàng SJC ngày 23/09/2023,68.450 x1000đ/lượng,69.150 x1000đ/lượng
Lịch sử giá vàng SJC ngày 24/09/2023,,
Lịch sử giá vàng SJC ngày 25/09/2023,68.400 x1000đ/lượng,69.100 x1000đ/lượng
Lịch sử giá vàng SJC ngày 26/09/2023,68.150 x1000đ/lượng,68.850 x1000đ/lượng
Lịch sử giá vàng SJC ngày 27/09/2023,68.100 x1000đ/lượng,68.800 x1000đ/lượng
Lịch sử giá vàng SJC ngày 28/09/2023,68.100 x1000đ/lượng,68.800 x1000đ/lượng
Lịch sử giá vàng SJC ngày 29/09/2023,68.150 x1000đ/lượng,68.850 x1000đ/lượng
Lịch sử giá vàng SJC ngày 30/09/2023,,
Lịch sử giá vàng SJC ngày 01/10/2023,,
Lịch sử giá vàng SJC ngày 02/10/2023,68.250 x1000đ/lượng,68.950 x1000đ/lượng
Lịch sử giá vàng SJC ngày 03/10/2023,68.200 x1000đ/lượng,68.900 x1000đ/lượng
Lịch sử giá vàng SJC ngày 04/10/2023,68.250 x1000đ/lượng,68.950 x1000đ/lượng
Lịch sử giá vàng SJC ngày 05/10/2023,68.200 x1000đ/lượng,68.900 x1000đ/lượng
Lịch sử giá vàng SJC ngày 06/10/2023,68.300 x1000đ/lượng,69.000 x1000đ/lượng
Lịch sử giá vàng SJC ngày 07/10/2023,68.450 x1000đ/lượng,69.150 x1000đ/lượng
Lịch sử giá vàng SJC ngày 08/10/2023,,
Lịch sử giá vàng SJC ngày 09/10/2023,68.800 x1000đ/lượng,69.500 x1000đ/lượng
Lịch sử giá vàng SJC ngày 10/10/2023,68.950 x1000đ/lượng,69.650 x1000đ/lượng
Lịch sử giá vàng SJC ngày 11/10/2023,69.050 x1000đ/lượng,69.750 x1000đ/lượng
Lịch sử giá vàng SJC ngày 12/10/2023,69.300 x1000đ/lượng,70.000 x1000đ/lượng
Lịch sử giá vàng SJC ngày 13/10/2023,69.450 x1000đ/lượng,70.150 x1000đ/lượng
Lịch sử giá vàng SJC ngày 14/10/2023,69.700 x1000đ/lượng,71.000 x1000đ/lượng
Lịch sử giá vàng SJC ngày 15/10/2023,,
Lịch sử giá vàng SJC ngày 16/10/2023,69.850 x1000đ/lượng,70.550 x1000đ/lượng
Lịch sử giá vàng SJC ngày 17/10/2023,69.550 x1000đ/lượng,70.250 x1000đ/lượng
Lịch sử giá vàng SJC ngày 18/10/2023,69.450 x1000đ/lượng,70.150 x1000đ/lượng
Lịch sử giá vàng SJC ngày 19/10/2023,69.650 x1000đ/lượng,70.350 x1000đ/lượng
Lịch sử giá vàng SJC ngày 20/10/2023,70.150 x1000đ/lượng,70.850 x1000đ/lượng
Lịch sử giá vàng SJC ngày 21/10/2023,,
Lịch sử giá vàng SJC ngày 22/10/2023,,
Lịch sử giá vàng SJC ngày 23/10/2023,70.050 x1000đ/lượng,70.750 x1000đ/lượng
Lịch sử giá vàng SJC ngày 24/10/2023,69.850 x1000đ/lượng,70.550 x1000đ/lượng
Lịch sử giá vàng SJC ngày 25/10/2023,,
Lịch sử giá vàng SJC ngày 26/10/2023,,
Lịch sử giá vàng SJC ngày 27/10/2023,,
Lịch sử giá vàng SJC ngày 28/10/2023,,
Lịch sử giá vàng SJC ngày 29/10/2023,,
Lịch sử giá vàng SJC ngày 30/10/2023,,
Lịch sử giá vàng SJC ngày 31/10/2023,69.950 x1000đ/lượng,70.650 x1000đ/lượng
Lịch sử giá vàng SJC ngày 01/11/2023,69.900 x1000đ/lượng,70.600 x1000đ/lượng
Lịch sử giá vàng SJC ngày 02/11/2023,70.100 x1000đ/lượng,70.800 x1000đ/lượng
Lịch sử giá vàng SJC ngày 03/11/2023,69.900 x1000đ/lượng,70.600 x1000đ/lượng
Lịch sử giá vàng SJC ngày 04/11/2023,69.600 x1000đ/lượng,70.400 x1000đ/lượng
Lịch sử giá vàng SJC ngày 05/11/2023,,
Lịch sử giá vàng SJC ngày 06/11/2023,69.050 x1000đ/lượng,70.050 x1000đ/lượng
Lịch sử giá vàng SJC ngày 07/11/2023,68.500 x1000đ/lượng,69.800 x1000đ/lượng
Lịch sử giá vàng SJC ngày 08/11/2023,68.900 x1000đ/lượng,69.900 x1000đ/lượng
Lịch sử giá vàng SJC ngày 09/11/2023,69.100 x1000đ/lượng,70.100 x1000đ/lượng
Lịch sử giá vàng SJC ngày 10/11/2023,69.300 x1000đ/lượng,70.300 x1000đ/lượng
Lịch sử giá vàng SJC ngày 11/11/2023,,
Lịch sử giá vàng SJC ngày 12/11/2023,,
Lịch sử giá vàng SJC ngày 13/11/2023,69.300 x1000đ/lượng,70.300 x1000đ/lượng
Lịch sử giá vàng SJC ngày 14/11/2023,69.700 x1000đ/lượng,70.500 x1000đ/lượng
Lịch sử giá vàng SJC ngày 15/11/2023,69.550 x1000đ/lượng,70.350 x1000đ/lượng
Lịch sử giá vàng SJC ngày 16/11/2023,69.600 x1000đ/lượng,70.400 x1000đ/lượng
Lịch sử giá vàng SJC ngày 17/11/2023,69.800 x1000đ/lượng,70.600 x1000đ/lượng
Lịch sử giá vàng SJC ngày 18/11/2023,70.000 x1000đ/lượng,70.800 x1000đ/lượng
Lịch sử giá vàng SJC ngày 19/11/2023,,
Lịch sử giá vàng SJC ngày 20/11/2023,70.050 x1000đ/lượng,70.750 x1000đ/lượng
Lịch sử giá vàng SJC ngày 21/11/2023,70.250 x1000đ/lượng,70.950 x1000đ/lượng
Lịch sử giá vàng SJC ngày 22/11/2023,70.600 x1000đ/lượng,71.300 x1000đ/lượng
Lịch sử giá vàng SJC ngày 23/11/2023,70.700 x1000đ/lượng,71.500 x1000đ/lượng
Lịch sử giá vàng SJC ngày 24/11/2023,70.650 x1000đ/lượng,71.450 x1000đ/lượng
Lịch sử giá vàng SJC ngày 25/11/2023,71.100 x1000đ/lượng,72.100 x1000đ/lượng
Lịch sử giá vàng SJC ngày 26/11/2023,,
Lịch sử giá vàng SJC ngày 27/11/2023,71.300 x1000đ/lượng,72.300 x1000đ/lượng
Lịch sử giá vàng SJC ngày 28/11/2023,71.900 x1000đ/lượng,72.700 x1000đ/lượng
Lịch sử giá vàng SJC ngày 29/11/2023,72.500 x1000đ/lượng,73.500 x1000đ/lượng
Lịch sử giá vàng SJC ngày 30/11/2023,72.500 x1000đ/lượng,73.700 x1000đ/lượng
Lịch sử giá vàng SJC ngày 01/12/2023,72.400 x1000đ/lượng,73.600 x1000đ/lượng
Lịch sử giá vàng SJC ngày 02/12/2023,72.300 x1000đ/lượng,73.500 x1000đ/lượng
Lịch sử giá vàng SJC ngày 03/12/2023,,
Lịch sử giá vàng SJC ngày 04/12/2023,72.700 x1000đ/lượng,74.000 x1000đ/lượng
Lịch sử giá vàng SJC ngày 05/12/2023,73.000 x1000đ/lượng,74.200 x1000đ/lượng
Lịch sử giá vàng SJC ngày 06/12/2023,73.200 x1000đ/lượng,74.400 x1000đ/lượng
Lịch sử giá vàng SJC ngày 07/12/2023,73.100 x1000đ/lượng,74.300 x1000đ/lượng
Lịch sử giá vàng SJC ngày 08/12/2023,73.000 x1000đ/lượng,74.000 x1000đ/lượng
Lịch sử giá vàng SJC ngày 09/12/2023,73.100 x1000đ/lượng,74.100 x1000đ/lượng
Lịch sử giá vàng SJC ngày 10/12/2023,,
Lịch sử giá vàng SJC ngày 11/12/2023,73.000 x1000đ/lượng,74.000 x1000đ/lượng
Lịch sử giá vàng SJC ngày 12/12/2023,72.600 x1000đ/lượng,73.600 x1000đ/lượng
Lịch sử giá vàng SJC ngày 13/12/2023,72.600 x1000đ/lượng,73.600 x1000đ/lượng
Lịch sử giá vàng SJC ngày 14/12/2023,72.800 x1000đ/lượng,73.800 x1000đ/lượng
Lịch sử giá vàng SJC ngày 15/12/2023,73.300 x1000đ/lượng,74.300 x1000đ/lượng
Lịch sử giá vàng SJC ngày 16/12/2023,73.500 x1000đ/lượng,74.500 x1000đ/lượng
Lịch sử giá vàng SJC ngày 17/12/2023,,
Lịch sử giá vàng SJC ngày 18/12/2023,73.350 x1000đ/lượng,74.350 x1000đ/lượng
Lịch sử giá vàng SJC ngày 19/12/2023,73.500 x1000đ/lượng,74.500 x1000đ/lượng
Lịch sử giá vàng SJC ngày 20/12/2023,73.900 x1000đ/lượng,74.900 x1000đ/lượng
Lịch sử giá vàng SJC ngày 21/12/2023,74.400 x1000đ/lượng,75.400 x1000đ/lượng
Lịch sử giá vàng SJC ngày 22/12/2023,74.800 x1000đ/lượng,75.800 x1000đ/lượng
Lịch sử giá vàng SJC ngày 23/12/2023,75.800 x1000đ/lượng,76.800 x1000đ/lượng
Lịch sử giá vàng SJC ngày 24/12/2023,,
Lịch sử giá vàng SJC ngày 25/12/2023,75.900 x1000đ/lượng,76.900 x1000đ/lượng
Lịch sử giá vàng SJC ngày 26/12/2023,77.400 x1000đ/lượng,78.400 x1000đ/lượng
Lịch sử giá vàng SJC ngày 27/12/2023,77.400 x1000đ/lượng,79.200 x1000đ/lượng
Lịch sử giá vàng SJC ngày 28/12/2023,77.800 x1000đ/lượng,79.500 x1000đ/lượng
Lịch sử giá vàng SJC ngày 29/12/2023,74.500 x1000đ/lượng,77.500 x1000đ/lượng
Lịch sử giá vàng SJC ngày 30/12/2023,73.000 x1000đ/lượng,76.000 x1000đ/lượng
Lịch sử giá vàng SJC ngày 31/12/2023,,
Lịch sử giá vàng SJC ngày 01/01/2024,,
Lịch sử giá vàng SJC ngày 02/01/2024,70.500 x1000đ/lượng,73.500 x1000đ/lượng
Lịch sử giá vàng SJC ngày 03/01/2024,72.000 x1000đ/lượng,75.000 x1000đ/lượng
Lịch sử giá vàng SJC ngày 04/01/2024,72.000 x1000đ/lượng,75.000 x1000đ/lượng
Lịch sử giá vàng SJC ngày 05/01/2024,72.000 x1000đ/lượng,75.000 x1000đ/lượng
Lịch sử giá vàng SJC ngày 06/01/2024,72.000 x1000đ/lượng,75.000 x1000đ/lượng
Lịch sử giá vàng SJC ngày 07/01/2024,,
Lịch sử giá vàng SJC ngày 08/01/2024,72.000 x1000đ/lượng,75.000 x1000đ/lượng
Lịch sử giá vàng SJC ngày 09/01/2024,71.400 x1000đ/lượng,74.500 x1000đ/lượng
Lịch sử giá vàng SJC ngày 10/01/2024,71.500 x1000đ/lượng,74.500 x1000đ/lượng
Lịch sử giá vàng SJC ngày 11/01/2024,71.800 x1000đ/lượng,74.300 x1000đ/lượng
Lịch sử giá vàng SJC ngày 12/01/2024,72.800 x1000đ/lượng,75.300 x1000đ/lượng
Lịch sử giá vàng SJC ngày 13/01/2024,73.500 x1000đ/lượng,76.000 x1000đ/lượng
Lịch sử giá vàng SJC ngày 14/01/2024,,
Lịch sử giá vàng SJC ngày 15/01/2024,74.000 x1000đ/lượng,77.000 x1000đ/lượng
Lịch sử giá vàng SJC ngày 16/01/2024,74.000 x1000đ/lượng,76.500 x1000đ/lượng
Lịch sử giá vàng SJC ngày 17/01/2024,73.500 x1000đ/lượng,76.000 x1000đ/lượng
Lịch sử giá vàng SJC ngày 18/01/2024,73.500 x1000đ/lượng,76.000 x1000đ/lượng
Lịch sử giá vàng SJC ngày 19/01/2024,74.200 x1000đ/lượng,76.700 x1000đ/lượng
Lịch sử giá vàng SJC ngày 20/01/2024,74.300 x1000đ/lượng,76.800 x1000đ/lượng
Lịch sử giá vàng SJC ngày 21/01/2024,,
Lịch sử giá vàng SJC ngày 22/01/2024,73.800 x1000đ/lượng,76.300 x1000đ/lượng
Lịch sử giá vàng SJC ngày 23/01/2024,73.500 x1000đ/lượng,76.000 x1000đ/lượng
Lịch sử giá vàng SJC ngày 24/01/2024,74.200 x1000đ/lượng,76.700 x1000đ/lượng
Lịch sử giá vàng SJC ngày 25/01/2024,74.200 x1000đ/lượng,76.700 x1000đ/lượng
Lịch sử giá vàng SJC ngày 26/01/2024,74.000 x1000đ/lượng,76.500 x1000đ/lượng
Lịch sử giá vàng SJC ngày 27/01/2024,74.200 x1000đ/lượng,76.700 x1000đ/lượng
Lịch sử giá vàng SJC ngày 28/01/2024,,
Lịch sử giá vàng SJC ngày 29/01/2024,74.200 x1000đ/lượng,76.700 x1000đ/lượng
Lịch sử giá vàng SJC ngày 30/01/2024,74.300 x1000đ/lượng,76.800 x1000đ/lượng
Lịch sử giá vàng SJC ngày 31/01/2024,74.900 x1000đ/lượng,77.400 x1000đ/lượng
Lịch sử giá vàng SJC ngày 01/02/2024,75.700 x1000đ/lượng,78.000 x1000đ/lượng
Lịch sử giá vàng SJC ngày 02/02/2024,76.200 x1000đ/lượng,78.500 x1000đ/lượng
Lịch sử giá vàng SJC ngày 03/02/2024,75.800 x1000đ/lượng,78.300 x1000đ/lượng
Lịch sử giá vàng SJC ngày 04/02/2024,,
Lịch sử giá vàng SJC ngày 05/02/2024,75.700 x1000đ/lượng,77.900 x1000đ/lượng
Lịch sử giá vàng SJC ngày 06/02/2024,76.300 x1000đ/lượng,78.500 x1000đ/lượng
Lịch sử giá vàng SJC ngày 07/02/2024,76.300 x1000đ/lượng,78.500 x1000đ/lượng
Lịch sử giá vàng SJC ngày 08/02/2024,,
Lịch sử giá vàng SJC ngày 09/02/2024,,
Lịch sử giá vàng SJC ngày 10/02/2024,,
Lịch sử giá vàng SJC ngày 11/02/2024,,
Lịch sử giá vàng SJC ngày 12/02/2024,,
Lịch sử giá vàng SJC ngày 13/02/2024,,
Lịch sử giá vàng SJC ngày 14/02/2024,,
Lịch sử giá vàng SJC ngày 15/02/2024,75.400 x1000đ/lượng,77.700 x1000đ/lượng
Lịch sử giá vàng SJC ngày 16/02/2024,76.800 x1000đ/lượng,79.000 x1000đ/lượng
Lịch sử giá vàng SJC ngày 17/02/2024,76.200 x1000đ/lượng,78.400 x1000đ/lượng
Lịch sử giá vàng SJC ngày 18/02/2024,76.000 x1000đ/lượng,78.600 x1000đ/lượng
Lịch sử giá vàng SJC ngày 19/02/2024,75.400 x1000đ/lượng,78.400 x1000đ/lượng
Lịch sử giá vàng SJC ngày 20/02/2024,75.400 x1000đ/lượng,77.700 x1000đ/lượng
Lịch sử giá vàng SJC ngày 21/02/2024,76.200 x1000đ/lượng,78.400 x1000đ/lượng
Lịch sử giá vàng SJC ngày 22/02/2024,75.700 x1000đ/lượng,77.900 x1000đ/lượng
Lịch sử giá vàng SJC ngày 23/02/2024,76.800 x1000đ/lượng,79.000 x1000đ/lượng
Lịch sử giá vàng SJC ngày 24/02/2024,76.300 x1000đ/lượng,78.500 x1000đ/lượng
Lịch sử giá vàng SJC ngày 25/02/2024,,
Lịch sử giá vàng SJC ngày 26/02/2024,76.700 x1000đ/lượng,78.900 x1000đ/lượng
Lịch sử giá vàng SJC ngày 27/02/2024,77.200 x1000đ/lượng,79.200 x1000đ/lượng
Lịch sử giá vàng SJC ngày 28/02/2024,76.700 x1000đ/lượng,78.700 x1000đ/lượng
Lịch sử giá vàng SJC ngày 29/02/2024,77.400 x1000đ/lượng,79.400 x1000đ/lượng
Lịch sử giá vàng SJC ngày 01/03/2024,77.600 x1000đ/lượng,79.600 x1000đ/lượng
Lịch sử giá vàng SJC ngày 02/03/2024,77.800 x1000đ/lượng,79.800 x1000đ/lượng
Lịch sử giá vàng SJC ngày 03/03/2024,,
Lịch sử giá vàng SJC ngày 04/03/2024,78.200 x1000đ/lượng,80.200 x1000đ/lượng
Lịch sử giá vàng SJC ngày 05/03/2024,78.900 x1000đ/lượng,80.900 x1000đ/lượng
Lịch sử giá vàng SJC ngày 06/03/2024,78.800 x1000đ/lượng,80.800 x1000đ/lượng
Lịch sử giá vàng SJC ngày 07/03/2024,79.000 x1000đ/lượng,81.000 x1000đ/lượng
Lịch sử giá vàng SJC ngày 08/03/2024,79.800 x1000đ/lượng,81.800 x1000đ/lượng
Lịch sử giá vàng SJC ngày 09/03/2024,79.700 x1000đ/lượng,82.200 x1000đ/lượng
Lịch sử giá vàng SJC ngày 10/03/2024,,
Lịch sử giá vàng SJC ngày 11/03/2024,80.000 x1000đ/lượng,82.000 x1000đ/lượng
Lịch sử giá vàng SJC ngày 12/03/2024,80.300 x1000đ/lượng,82.300 x1000đ/lượng
Lịch sử giá vàng SJC ngày 13/03/2024,80.500 x1000đ/lượng,82.500 x1000đ/lượng
Lịch sử giá vàng SJC ngày 14/03/2024,79.000 x1000đ/lượng,81.000 x1000đ/lượng
Lịch sử giá vàng SJC ngày 15/03/2024,79.400 x1000đ/lượng,81.400 x1000đ/lượng
Lịch sử giá vàng SJC ngày 16/03/2024,79.000 x1000đ/lượng,81.500 x1000đ/lượng
Lịch sử giá vàng SJC ngày 17/03/2024,,
Lịch sử giá vàng SJC ngày 18/03/2024,79.200 x1000đ/lượng,81.700 x1000đ/lượng
Lịch sử giá vàng SJC ngày 19/03/2024,79.900 x1000đ/lượng,81.900 x1000đ/lượng
Lịch sử giá vàng SJC ngày 20/03/2024,79.700 x1000đ/lượng,81.700 x1000đ/lượng
Lịch sử giá vàng SJC ngày 21/03/2024,80.000 x1000đ/lượng,82.000 x1000đ/lượng
Lịch sử giá vàng SJC ngày 22/03/2024,78.800 x1000đ/lượng,80.800 x1000đ/lượng
Lịch sử giá vàng SJC ngày 23/03/2024,77.700 x1000đ/lượng,80.000 x1000đ/lượng
Lịch sử giá vàng SJC ngày 24/03/2024,,
Lịch sử giá vàng SJC ngày 25/03/2024,78.000 x1000đ/lượng,80.300 x1000đ/lượng
Lịch sử giá vàng SJC ngày 26/03/2024,78.000 x1000đ/lượng,80.000 x1000đ/lượng
Lịch sử giá vàng SJC ngày 27/03/2024,78.500 x1000đ/lượng,80.500 x1000đ/lượng
Lịch sử giá vàng SJC ngày 28/03/2024,78.900 x1000đ/lượng,80.900 x1000đ/lượng
Lịch sử giá vàng SJC ngày 29/03/2024,79.500 x1000đ/lượng,81.500 x1000đ/lượng
Lịch sử giá vàng SJC ngày 30/03/2024,78.700 x1000đ/lượng,81.000 x1000đ/lượng
Lịch sử giá vàng SJC ngày 31/03/2024,,
Lịch sử giá vàng SJC ngày 01/04/2024,78.500 x1000đ/lượng,81.000 x1000đ/lượng
Lịch sử giá vàng SJC ngày 02/04/2024,79.100 x1000đ/lượng,81.100 x1000đ/lượng
Lịch sử giá vàng SJC ngày 03/04/2024,79.300 x1000đ/lượng,81.300 x1000đ/lượng
Lịch sử giá vàng SJC ngày 04/04/2024,79.700 x1000đ/lượng,81.700 x1000đ/lượng
Lịch sử giá vàng SJC ngày 05/04/2024,78.900 x1000đ/lượng,80.900 x1000đ/lượng
Lịch sử giá vàng SJC ngày 06/04/2024,79.500 x1000đ/lượng,81.500 x1000đ/lượng
Lịch sử giá vàng SJC ngày 07/04/2024,,
Lịch sử giá vàng SJC ngày 08/04/2024,79.700 x1000đ/lượng,81.700 x1000đ/lượng
Lịch sử giá vàng SJC ngày 09/04/2024,80.600 x1000đ/lượng,82.600 x1000đ/lượng
Lịch sử giá vàng SJC ngày 10/04/2024,82.800 x1000đ/lượng,84.800 x1000đ/lượng
Lịch sử giá vàng SJC ngày 11/04/2024,82.400 x1000đ/lượng,84.400 x1000đ/lượng
Lịch sử giá vàng SJC ngày 12/04/2024,82.200 x1000đ/lượng,84.200 x1000đ/lượng
Lịch sử giá vàng SJC ngày 13/04/2024,82.500 x1000đ/lượng,84.500 x1000đ/lượng
Lịch sử giá vàng SJC ngày 14/04/2024,,
Lịch sử giá vàng SJC ngày 15/04/2024,80.600 x1000đ/lượng,83.100 x1000đ/lượng
Lịch sử giá vàng SJC ngày 16/04/2024,82.100 x1000đ/lượng,84.100 x1000đ/lượng
Lịch sử giá vàng SJC ngày 17/04/2024,81.700 x1000đ/lượng,83.700 x1000đ/lượng
Lịch sử giá vàng SJC ngày 18/04/2024,82.100 x1000đ/lượng,84.100 x1000đ/lượng
Lịch sử giá vàng SJC ngày 19/04/2024,81.800 x1000đ/lượng,83.800 x1000đ/lượng
Lịch sử giá vàng SJC ngày 20/04/2024,82.000 x1000đ/lượng,84.000 x1000đ/lượng
Lịch sử giá vàng SJC ngày 21/04/2024,,
Lịch sử giá vàng SJC ngày 22/04/2024,82.000 x1000đ/lượng,84.000 x1000đ/lượng
Lịch sử giá vàng SJC ngày 23/04/2024,80.300 x1000đ/lượng,82.800 x1000đ/lượng
Lịch sử giá vàng SJC ngày 24/04/2024,81.000 x1000đ/lượng,83.300 x1000đ/lượng
Lịch sử giá vàng SJC ngày 25/04/2024,81.500 x1000đ/lượng,83.800 x1000đ/lượng
Lịch sử giá vàng SJC ngày 26/04/2024,82.400 x1000đ/lượng,84.600 x1000đ/lượng
Lịch sử giá vàng SJC ngày 27/04/2024,,
Lịch sử giá vàng SJC ngày 28/04/2024,,
Lịch sử giá vàng SJC ngày 29/04/2024,,
Lịch sử giá vàng SJC ngày 30/04/2024,,
Lịch sử giá vàng SJC ngày 01/05/2024,,
Lịch sử giá vàng SJC ngày 02/05/2024,82.500 x1000đ/lượng,84.700 x1000đ/lượng
Lịch sử giá vàng SJC ngày 03/05/2024,82.900 x1000đ/lượng,85.200 x1000đ/lượng
Lịch sử giá vàng SJC ngày 04/05/2024,83.500 x1000đ/lượng,85.900 x1000đ/lượng
Lịch sử giá vàng SJC ngày 05/05/2024,,
Lịch sử giá vàng SJC ngày 06/05/2024,83.800 x1000đ/lượng,86.000 x1000đ/lượng
Lịch sử giá vàng SJC ngày 07/05/2024,84.600 x1000đ/lượng,86.800 x1000đ/lượng
Lịch sử giá vàng SJC ngày 08/05/2024,85.100 x1000đ/lượng,87.300 x1000đ/lượng
Lịch sử giá vàng SJC ngày 09/05/2024,85.700 x1000đ/lượng,88.000 x1000đ/lượng
Lịch sử giá vàng SJC ngày 10/05/2024,87.200 x1000đ/lượng,89.500 x1000đ/lượng
Lịch sử giá vàng SJC ngày 11/05/2024,88.800 x1000đ/lượng,91.300 x1000đ/lượng
Lịch sử giá vàng SJC ngày 12/05/2024,,
Lịch sử giá vàng SJC ngày 13/05/2024,85.500 x1000đ/lượng,88.500 x1000đ/lượng
Lịch sử giá vàng SJC ngày 14/05/2024,86.000 x1000đ/lượng,89.000 x1000đ/lượng
Lịch sử giá vàng SJC ngày 15/05/2024,87.300 x1000đ/lượng,89.800 x1000đ/lượng
Lịch sử giá vàng SJC ngày 16/05/2024,87.900 x1000đ/lượng,90.400 x1000đ/lượng
Lịch sử giá vàng SJC ngày 17/05/2024,87.400 x1000đ/lượng,89.900 x1000đ/lượng
Lịch sử giá vàng SJC ngày 18/05/2024,87.700 x1000đ/lượng,90.400 x1000đ/lượng
Lịch sử giá vàng SJC ngày 19/05/2024,,
Lịch sử giá vàng SJC ngày 20/05/2024,89.000 x1000đ/lượng,91.000 x1000đ/lượng
Lịch sử giá vàng SJC ngày 21/05/2024,88.700 x1000đ/lượng,90.700 x1000đ/lượng
Lịch sử giá vàng SJC ngày 22/05/2024,88.900 x1000đ/lượng,90.900 x1000đ/lượng
Lịch sử giá vàng SJC ngày 23/05/2024,87.800 x1000đ/lượng,89.800 x1000đ/lượng
Lịch sử giá vàng SJC ngày 24/05/2024,87.500 x1000đ/lượng,89.500 x1000đ/lượng
Lịch sử giá vàng SJC ngày 25/05/2024,87.500 x1000đ/lượng,89.500 x1000đ/lượng
Lịch sử giá vàng SJC ngày 26/05/2024,,
Lịch sử giá vàng SJC ngày 27/05/2024,87.900 x1000đ/lượng,89.900 x1000đ/lượng
Lịch sử giá vàng SJC ngày 28/05/2024,88.500 x1000đ/lượng,90.500 x1000đ/lượng
Lịch sử giá vàng SJC ngày 29/05/2024,88.300 x1000đ/lượng,90.300 x1000đ/lượng
Lịch sử giá vàng SJC ngày 30/05/2024,86.300 x1000đ/lượng,88.800 x1000đ/lượng
Lịch sử giá vàng SJC ngày 31/05/2024,83.000 x1000đ/lượng,87.000 x1000đ/lượng
Lịch sử giá vàng SJC ngày 01/06/2024,81.000 x1000đ/lượng,83.000 x1000đ/lượng
Lịch sử giá vàng SJC ngày 02/06/2024,,
Lịch sử giá vàng SJC ngày 03/06/2024,77.980 x1000đ/lượng,79.980 x1000đ/lượng
Lịch sử giá vàng SJC ngày 04/06/2024,77.480 x1000đ/lượng,78.980 x1000đ/lượng
Lịch sử giá vàng SJC ngày 05/06/2024,76.780 x1000đ/lượng,77.980 x1000đ/lượng
Lịch sử giá vàng SJC ngày 06/06/2024,74.980 x1000đ/lượng,76.980 x1000đ/lượng
Lịch sử giá vàng SJC ngày 07/06/2024,74.980 x1000đ/lượng,76.980 x1000đ/lượng
Lịch sử giá vàng SJC ngày 08/06/2024,74.980 x1000đ/lượng,76.980 x1000đ/lượng
Lịch sử giá vàng SJC ngày 09/06/2024,,
Lịch sử giá vàng SJC ngày 10/06/2024,74.980 x1000đ/lượng,76.980 x1000đ/lượng
Lịch sử giá vàng SJC ngày 11/06/2024,74.980 x1000đ/lượng,76.980 x1000đ/lượng
Lịch sử giá vàng SJC ngày 12/06/2024,74.980 x1000đ/lượng,76.980 x1000đ/lượng
Lịch sử giá vàng SJC ngày 13/06/2024,74.980 x1000đ/lượng,76.980 x1000đ/lượng
Lịch sử giá vàng SJC ngày 14/06/2024,74.980 x1000đ/lượng,76.980 x1000đ/lượng
Lịch sử giá vàng SJC ngày 15/06/2024,74.980 x1000đ/lượng,76.980 x1000đ/lượng
Lịch sử giá vàng SJC ngày 16/06/2024,,
Lịch sử giá vàng SJC ngày 17/06/2024,74.980 x1000đ/lượng,76.980 x1000đ/lượng
Lịch sử giá vàng SJC ngày 18/06/2024,74.980 x1000đ/lượng,76.980 x1000đ/lượng
Lịch sử giá vàng SJC ngày 19/06/2024,74.980 x1000đ/lượng,76.980 x1000đ/lượng
Lịch sử giá vàng SJC ngày 20/06/2024,74.980 x1000đ/lượng,76.980 x1000đ/lượng
Lịch sử giá vàng SJC ngày 21/06/2024,74.980 x1000đ/lượng,76.980 x1000đ/lượng
Lịch sử giá vàng SJC ngày 22/06/2024,74.980 x1000đ/lượng,76.980 x1000đ/lượng
Lịch sử giá vàng SJC ngày 23/06/2024,,
Lịch sử giá vàng SJC ngày 24/06/2024,74.980 x1000đ/lượng,76.980 x1000đ/lượng
Lịch sử giá vàng SJC ngày 25/06/2024,74.980 x1000đ/lượng,76.980 x1000đ/lượng
Lịch sử giá vàng SJC ngày 26/06/2024,74.980 x1000đ/lượng,76.980 x1000đ/lượng
Lịch sử giá vàng SJC ngày 27/06/2024,74.980 x1000đ/lượng,76.980 x1000đ/lượng
Lịch sử giá vàng SJC ngày 28/06/2024,74.980 x1000đ/lượng,76.980 x1000đ/lượng
Lịch sử giá vàng SJC ngày 29/06/2024,,
Lịch sử giá vàng SJC ngày 30/06/2024,,
Lịch sử giá vàng SJC ngày 01/07/2024,74.980 x1000đ/lượng,76.980 x1000đ/lượng
Lịch sử giá vàng SJC ngày 02/07/2024,74.980 x1000đ/lượng,76.980 x1000đ/lượng
Lịch sử giá vàng SJC ngày 03/07/2024,74.980 x1000đ/lượng,76.980 x1000đ/lượng
Lịch sử giá vàng SJC ngày 04/07/2024,74.980 x1000đ/lượng,76.980 x1000đ/lượng
Lịch sử giá vàng SJC ngày 05/07/2024,74.980 x1000đ/lượng,76.980 x1000đ/lượng
Lịch sử giá vàng SJC ngày 06/07/2024,74.980 x1000đ/lượng,76.980 x1000đ/lượng
Lịch sử giá vàng SJC ngày 07/07/2024,,
Lịch sử giá vàng SJC ngày 08/07/2024,74.980 x1000đ/lượng,76.980 x1000đ/lượng
Lịch sử giá vàng SJC ngày 09/07/2024,74.980 x1000đ/lượng,76.980 x1000đ/lượng
Lịch sử giá vàng SJC ngày 10/07/2024,74.980 x1000đ/lượng,76.980 x1000đ/lượng
Lịch sử giá vàng SJC ngày 11/07/2024,74.980 x1000đ/lượng,76.980 x1000đ/lượng
Lịch sử giá vàng SJC ngày 12/07/2024,75.480 x1000đ/lượng,76.980 x1000đ/lượng
Lịch sử giá vàng SJC ngày 13/07/2024,,
Lịch sử giá vàng SJC ngày 14/07/2024,,
Lịch sử giá vàng SJC ngày 15/07/2024,75.480 x1000đ/lượng,76.980 x1000đ/lượng
Lịch sử giá vàng SJC ngày 16/07/2024,75.480 x1000đ/lượng,76.980 x1000đ/lượng
Lịch sử giá vàng SJC ngày 17/07/2024,75.980 x1000đ/lượng,76.980 x1000đ/lượng
Lịch sử giá vàng SJC ngày 18/07/2024,78.500 x1000đ/lượng,80.000 x1000đ/lượng
Lịch sử giá vàng SJC ngày 19/07/2024,78.500 x1000đ/lượng,80.000 x1000đ/lượng
Lịch sử giá vàng SJC ngày 20/07/2024,78.000 x1000đ/lượng,80.000 x1000đ/lượng
Lịch sử giá vàng SJC ngày 21/07/2024,,
Lịch sử giá vàng SJC ngày 22/07/2024,78.000 x1000đ/lượng,80.000 x1000đ/lượng
Lịch sử giá vàng SJC ngày 23/07/2024,77.500 x1000đ/lượng,79.500 x1000đ/lượng
Lịch sử giá vàng SJC ngày 24/07/2024,77.500 x1000đ/lượng,79.500 x1000đ/lượng
Lịch sử giá vàng SJC ngày 25/07/2024,77.500 x1000đ/lượng,79.500 x1000đ/lượng
Lịch sử giá vàng SJC ngày 26/07/2024,77.500 x1000đ/lượng,79.500 x1000đ/lượng
Lịch sử giá vàng SJC ngày 27/07/2024,77.500 x1000đ/lượng,79.500 x1000đ/lượng
Lịch sử giá vàng SJC ngày 28/07/2024,,
Lịch sử giá vàng SJC ngày 29/07/2024,77.500 x1000đ/lượng,79.500 x1000đ/lượng
Lịch sử giá vàng SJC ngày 30/07/2024,77.000 x1000đ/lượng,79.000 x1000đ/lượng
Lịch sử giá vàng SJC ngày 31/07/2024,77.000 x1000đ/lượng,79.000 x1000đ/lượng
Lịch sử giá vàng SJC ngày 01/08/2024,77.800 x1000đ/lượng,79.800 x1000đ/lượng
Lịch sử giá vàng SJC ngày 02/08/2024,78.300 x1000đ/lượng,79.800 x1000đ/lượng
Lịch sử giá vàng SJC ngày 03/08/2024,78.300 x1000đ/lượng,79.800 x1000đ/lượng
Lịch sử giá vàng SJC ngày 04/08/2024,,
Lịch sử giá vàng SJC ngày 05/08/2024,78.300 x1000đ/lượng,79.800 x1000đ/lượng
Lịch sử giá vàng SJC ngày 06/08/2024,77.000 x1000đ/lượng,79.000 x1000đ/lượng
Lịch sử giá vàng SJC ngày 07/08/2024,77.000 x1000đ/lượng,79.000 x1000đ/lượng
Lịch sử giá vàng SJC ngày 08/08/2024,76.500 x1000đ/lượng,78.500 x1000đ/lượng
Lịch sử giá vàng SJC ngày 09/08/2024,76.500 x1000đ/lượng,78.500 x1000đ/lượng
Lịch sử giá vàng SJC ngày 10/08/2024,76.500 x1000đ/lượng,78.500 x1000đ/lượng
Lịch sử giá vàng SJC ngày 11/08/2024,,
Lịch sử giá vàng SJC ngày 12/08/2024,76.500 x1000đ/lượng,78.500 x1000đ/lượng
Lịch sử giá vàng SJC ngày 13/08/2024,78.000 x1000đ/lượng,80.000 x1000đ/lượng
Lịch sử giá vàng SJC ngày 14/08/2024,78.000 x1000đ/lượng,80.000 x1000đ/lượng
Lịch sử giá vàng SJC ngày 15/08/2024,78.000 x1000đ/lượng,80.000 x1000đ/lượng
Lịch sử giá vàng SJC ngày 16/08/2024,78.000 x1000đ/lượng,80.000 x1000đ/lượng
Lịch sử giá vàng SJC ngày 17/08/2024,78.000 x1000đ/lượng,80.000 x1000đ/lượng
Lịch sử giá vàng SJC ngày 18/08/2024,,
Lịch sử giá vàng SJC ngày 19/08/2024,78.000 x1000đ/lượng,80.000 x1000đ/lượng
Lịch sử giá vàng SJC ngày 20/08/2024,79.000 x1000đ/lượng,81.000 x1000đ/lượng
Lịch sử giá vàng SJC ngày 21/08/2024,79.000 x1000đ/lượng,81.000 x1000đ/lượng
Lịch sử giá vàng SJC ngày 22/08/2024,79.000 x1000đ/lượng,81.000 x1000đ/lượng
Lịch sử giá vàng SJC ngày 23/08/2024,79.000 x1000đ/lượng,81.000 x1000đ/lượng
Lịch sử giá vàng SJC ngày 24/08/2024,79.000 x1000đ/lượng,81.000 x1000đ/lượng
Lịch sử giá vàng SJC ngày 25/08/2024,,
Lịch sử giá vàng SJC ngày 26/08/2024,79.000 x1000đ/lượng,81.000 x1000đ/lượng
Lịch sử giá vàng SJC ngày 27/08/2024,79.000 x1000đ/lượng,81.000 x1000đ/lượng
Lịch sử giá vàng SJC ngày 28/08/2024,79.000 x1000đ/lượng,81.000 x1000đ/lượng
Lịch sử giá vàng SJC ngày 29/08/2024,79.000 x1000đ/lượng,81.000 x1000đ/lượng
Lịch sử giá vàng SJC ngày 30/08/2024,79.000 x1000đ/lượng,81.000 x1000đ/lượng
Lịch sử giá vàng SJC ngày 31/08/2024,79.000 x1000đ/lượng,81.000 x1000đ/lượng
Lịch sử giá vàng SJC ngày 01/09/2024,,
Lịch sử giá vàng SJC ngày 02/09/2024,,
Lịch sử giá vàng SJC ngày 03/09/2024,,
Lịch sử giá vàng SJC ngày 04/09/2024,79.000 x1000đ/lượng,81.000 x1000đ/lượng
Lịch sử giá vàng SJC ngày 05/09/2024,78.500 x1000đ/lượng,80.500 x1000đ/lượng
Lịch sử giá vàng SJC ngày 06/09/2024,78.500 x1000đ/lượng,80.500 x1000đ/lượng
Lịch sử giá vàng SJC ngày 07/09/2024,,
Lịch sử giá vàng SJC ngày 08/09/2024,,
Lịch sử giá vàng SJC ngày 09/09/2024,78.500 x1000đ/lượng,80.500 x1000đ/lượng
Lịch sử giá vàng SJC ngày 10/09/2024,78.500 x1000đ/lượng,80.500 x1000đ/lượng
Lịch sử giá vàng SJC ngày 11/09/2024,78.500 x1000đ/lượng,80.500 x1000đ/lượng
Lịch sử giá vàng SJC ngày 12/09/2024,78.500 x1000đ/lượng,80.500 x1000đ/lượng
Lịch sử giá vàng SJC ngày 13/09/2024,78.500 x1000đ/lượng,80.500 x1000đ/lượng
Lịch sử giá vàng SJC ngày 14/09/2024,,
Lịch sử giá vàng SJC ngày 15/09/2024,,
Lịch sử giá vàng SJC ngày 16/09/2024,78.500 x1000đ/lượng,80.500 x1000đ/lượng
Lịch sử giá vàng SJC ngày 17/09/2024,80.000 x1000đ/lượng,82.000 x1000đ/lượng
Lịch sử giá vàng SJC ngày 18/09/2024,80.000 x1000đ/lượng,82.000 x1000đ/lượng
Lịch sử giá vàng SJC ngày 19/09/2024,79.800 x1000đ/lượng,81.800 x1000đ/lượng
Lịch sử giá vàng SJC ngày 20/09/2024,80.000 x1000đ/lượng,82.000 x1000đ/lượng
Lịch sử giá vàng SJC ngày 21/09/2024,80.000 x1000đ/lượng,82.000 x1000đ/lượng
Lịch sử giá vàng SJC ngày 22/09/2024,,
Lịch sử giá vàng SJC ngày 23/09/2024,80.000 x1000đ/lượng,82.000 x1000đ/lượng
Lịch sử giá vàng SJC ngày 24/09/2024,81.500 x1000đ/lượng,83.500 x1000đ/lượng
Lịch sử giá vàng SJC ngày 25/09/2024,81.500 x1000đ/lượng,83.500 x1000đ/lượng
Lịch sử giá vàng SJC ngày 26/09/2024,81.500 x1000đ/lượng,83.500 x1000đ/lượng
Lịch sử giá vàng SJC ngày 27/09/2024,81.500 x1000đ/lượng,83.500 x1000đ/lượng
Lịch sử giá vàng SJC ngày 28/09/2024,,
Lịch sử giá vàng SJC ngày 29/09/2024,,
Lịch sử giá vàng SJC ngày 30/09/2024,81.500 x1000đ/lượng,83.500 x1000đ/lượng
Lịch sử giá vàng SJC ngày 01/10/2024,82.000 x1000đ/lượng,84.000 x1000đ/lượng
Lịch sử giá vàng SJC ngày 02/10/2024,82.000 x1000đ/lượng,84.000 x1000đ/lượng
Lịch sử giá vàng SJC ngày 03/10/2024,82.000 x1000đ/lượng,84.000 x1000đ/lượng
Lịch sử giá vàng SJC ngày 04/10/2024,82.000 x1000đ/lượng,84.000 x1000đ/lượng
Lịch sử giá vàng SJC ngày 05/10/2024,,
Lịch sử giá vàng SJC ngày 06/10/2024,,
Lịch sử giá vàng SJC ngày 07/10/2024,82.000 x1000đ/lượng,84.000 x1000đ/lượng
Lịch sử giá vàng SJC ngày 08/10/2024,83.000 x1000đ/lượng,85.000 x1000đ/lượng
Lịch sử giá vàng SJC ngày 09/10/2024,83.000 x1000đ/lượng,85.000 x1000đ/lượng
Lịch sử giá vàng SJC ngày 10/10/2024,82.500 x1000đ/lượng,84.500 x1000đ/lượng
Lịch sử giá vàng SJC ngày 11/10/2024,82.500 x1000đ/lượng,84.500 x1000đ/lượng
Lịch sử giá vàng SJC ngày 12/10/2024,82.500 x1000đ/lượng,84.500 x1000đ/lượng
Lịch sử giá vàng SJC ngày 13/10/2024,82.500 x1000đ/lượng,84.500 x1000đ/lượng
Lịch sử giá vàng SJC ngày 14/10/2024,83.000 x1000đ/lượng,85.000 x1000đ/lượng
Lịch sử giá vàng SJC ngày 15/10/2024,83.000 x1000đ/lượng,85.000 x1000đ/lượng
Lịch sử giá vàng SJC ngày 16/10/2024,84.000 x1000đ/lượng,86.000 x1000đ/lượng
Lịch sử giá vàng SJC ngày 17/10/2024,84.000 x1000đ/lượng,86.000 x1000đ/lượng
Lịch sử giá vàng SJC ngày 18/10/2024,84.000 x1000đ/lượng,86.000 x1000đ/lượng
Lịch sử giá vàng SJC ngày 19/10/2024,84.000 x1000đ/lượng,86.000 x1000đ/lượng
Lịch sử giá vàng SJC ngày 20/10/2024,84.000 x1000đ/lượng,86.000 x1000đ/lượng
Lịch sử giá vàng SJC ngày 21/10/2024,86.000 x1000đ/lượng,88.000 x1000đ/lượng
Lịch sử giá vàng SJC ngày 22/10/2024,87.000 x1000đ/lượng,89.000 x1000đ/lượng
Lịch sử giá vàng SJC ngày 23/10/2024,87.000 x1000đ/lượng,89.000 x1000đ/lượng
Lịch sử giá vàng SJC ngày 24/10/2024,,
Lịch sử giá vàng SJC ngày 25/10/2024,,
Lịch sử giá vàng SJC ngày 26/10/2024,,
Lịch sử giá vàng SJC ngày 27/10/2024,,
Lịch sử giá vàng SJC ngày 28/10/2024,87.000 x1000đ/lượng,89.000 x1000đ/lượng
Lịch sử giá vàng SJC ngày 29/10/2024,87.000 x1000đ/lượng,89.000 x1000đ/lượng
Lịch sử giá vàng SJC ngày 30/10/2024,88.000 x1000đ/lượng,90.000 x1000đ/lượng
Lịch sử giá vàng SJC ngày 31/10/2024,,
Lịch sử giá vàng SJC ngày 01/11/2024,,
Lịch sử giá vàng SJC ngày 02/11/2024,,
Lịch sử giá vàng SJC ngày 03/11/2024,,
Lịch sử giá vàng SJC ngày 04/11/2024,,
Lịch sử giá vàng SJC ngày 05/11/2024,,
Lịch sử giá vàng SJC ngày 06/11/2024,,
Lịch sử giá vàng SJC ngày 07/11/2024,,
Lịch sử giá vàng SJC ngày 08/11/2024,,
Lịch sử giá vàng SJC ngày 09/11/2024,,
Lịch sử giá vàng SJC ngày 10/11/2024,,
Lịch sử giá vàng SJC ngày 11/11/2024,,
Lịch sử giá vàng SJC ngày 12/11/2024,,
Lịch sử giá vàng SJC ngày 13/11/2024,,
Lịch sử giá vàng SJC ngày 14/11/2024,,
Lịch sử giá vàng SJC ngày 15/11/2024,,
Lịch sử giá vàng SJC ngày 16/11/2024,,
Lịch sử giá vàng SJC ngày 17/11/2024,,
Lịch sử giá vàng SJC ngày 18/11/2024,,
Lịch sử giá vàng SJC ngày 19/11/2024,,
Lịch sử giá vàng SJC ngày 20/11/2024,,
Lịch sử giá vàng SJC ngày 21/11/2024,,
Lịch sử giá vàng SJC ngày 22/11/2024,,
Lịch sử giá vàng SJC ngày 23/11/2024,,
Lịch sử giá vàng SJC ngày 24/11/2024,,
Lịch sử giá vàng SJC ngày 25/11/2024,,
Lịch sử giá vàng SJC ngày 26/11/2024,,
Lịch sử giá vàng SJC ngày 27/11/2024,,
Lịch sử giá vàng SJC ngày 28/11/2024,,
Lịch sử giá vàng SJC ngày 29/11/2024,83.300 x1000đ/lượng,85.800 x1000đ/lượng
Lịch sử giá vàng SJC ngày 30/11/2024,83.300 x1000đ/lượng,85.800 x1000đ/lượng
Lịch sử giá vàng SJC ngày 01/12/2024,83.300 x1000đ/lượng,85.800 x1000đ/lượng
Lịch sử giá vàng SJC ngày 02/12/2024,82.800 x1000đ/lượng,85.300 x1000đ/lượng
Lịch sử giá vàng SJC ngày 03/12/2024,,
Lịch sử giá vàng SJC ngày 04/12/2024,,
Lịch sử giá vàng SJC ngày 05/12/2024,,
Lịch sử giá vàng SJC ngày 06/12/2024,,
Lịch sử giá vàng SJC ngày 07/12/2024,,
Lịch sử giá vàng SJC ngày 08/12/2024,,
Lịch sử giá vàng SJC ngày 09/12/2024,,
Lịch sử giá vàng SJC ngày 10/12/2024,,
Lịch sử giá vàng SJC ngày 11/12/2024,,
Lịch sử giá vàng SJC ngày 12/12/2024,,
Lịch sử giá vàng SJC ngày 13/12/2024,,
Lịch sử giá vàng SJC ngày 14/12/2024,,
Lịch sử giá vàng SJC ngày 15/12/2024,,
Lịch sử giá vàng SJC ngày 16/12/2024,,
Lịch sử giá vàng SJC ngày 17/12/2024,,
Lịch sử giá vàng SJC ngày 18/12/2024,,
Lịch sử giá vàng SJC ngày 19/12/2024,,
Lịch sử giá vàng SJC ngày 20/12/2024,,
Lịch sử giá vàng SJC ngày 21/12/2024,,
Lịch sử giá vàng SJC ngày 22/12/2024,,
Lịch sử giá vàng SJC ngày 23/12/2024,,
Lịch sử giá vàng SJC ngày 24/12/2024,,
Lịch sử giá vàng SJC ngày 25/12/2024,,
Lịch sử giá vàng SJC ngày 26/12/2024,,
Lịch sử giá vàng SJC ngày 27/12/2024,,
Lịch sử giá vàng SJC ngày 28/12/2024,,
Lịch sử giá vàng SJC ngày 29/12/2024,,
Lịch sử giá vàng SJC ngày 30/12/2024,,
Lịch sử giá vàng SJC ngày 31/12/2024,,
