title,link_item,index_
Lịch sử giá vàng SJC ngày 22/07/2009,https://giavang.org/trong-nuoc/sjc/lich-su/2009-07-22.html,1
Lịch sử giá vàng SJC ngày 23/07/2009,https://giavang.org/trong-nuoc/sjc/lich-su/2009-07-23.html,2
Lịch sử giá vàng SJC ngày 24/07/2009,https://giavang.org/trong-nuoc/sjc/lich-su/2009-07-24.html,3
Lịch sử giá vàng SJC ngày 25/07/2009,https://giavang.org/trong-nuoc/sjc/lich-su/2009-07-25.html,4
Lịch sử giá vàng SJC ngày 26/07/2009,https://giavang.org/trong-nuoc/sjc/lich-su/2009-07-26.html,5
Lịch sử giá vàng SJC ngày 27/07/2009,https://giavang.org/trong-nuoc/sjc/lich-su/2009-07-27.html,6
Lịch sử giá vàng SJC ngày 28/07/2009,https://giavang.org/trong-nuoc/sjc/lich-su/2009-07-28.html,7
Lịch sử giá vàng SJC ngày 29/07/2009,https://giavang.org/trong-nuoc/sjc/lich-su/2009-07-29.html,8
Lịch sử giá vàng SJC ngày 30/07/2009,https://giavang.org/trong-nuoc/sjc/lich-su/2009-07-30.html,9
Lịch sử giá vàng SJC ngày 31/07/2009,https://giavang.org/trong-nuoc/sjc/lich-su/2009-07-31.html,10
Lịch sử giá vàng SJC ngày 01/08/2009,https://giavang.org/trong-nuoc/sjc/lich-su/2009-08-01.html,11
Lịch sử giá vàng SJC ngày 02/08/2009,https://giavang.org/trong-nuoc/sjc/lich-su/2009-08-02.html,12
Lịch sử giá vàng SJC ngày 03/08/2009,https://giavang.org/trong-nuoc/sjc/lich-su/2009-08-03.html,13
Lịch sử giá vàng SJC ngày 04/08/2009,https://giavang.org/trong-nuoc/sjc/lich-su/2009-08-04.html,14
Lịch sử giá vàng SJC ngày 05/08/2009,https://giavang.org/trong-nuoc/sjc/lich-su/2009-08-05.html,15
Lịch sử giá vàng SJC ngày 06/08/2009,https://giavang.org/trong-nuoc/sjc/lich-su/2009-08-06.html,16
Lịch sử giá vàng SJC ngày 07/08/2009,https://giavang.org/trong-nuoc/sjc/lich-su/2009-08-07.html,17
Lịch sử giá vàng SJC ngày 08/08/2009,https://giavang.org/trong-nuoc/sjc/lich-su/2009-08-08.html,18
Lịch sử giá vàng SJC ngày 09/08/2009,https://giavang.org/trong-nuoc/sjc/lich-su/2009-08-09.html,19
Lịch sử giá vàng SJC ngày 10/08/2009,https://giavang.org/trong-nuoc/sjc/lich-su/2009-08-10.html,20
Lịch sử giá vàng SJC ngày 11/08/2009,https://giavang.org/trong-nuoc/sjc/lich-su/2009-08-11.html,21
Lịch sử giá vàng SJC ngày 12/08/2009,https://giavang.org/trong-nuoc/sjc/lich-su/2009-08-12.html,22
Lịch sử giá vàng SJC ngày 13/08/2009,https://giavang.org/trong-nuoc/sjc/lich-su/2009-08-13.html,23
Lịch sử giá vàng SJC ngày 14/08/2009,https://giavang.org/trong-nuoc/sjc/lich-su/2009-08-14.html,24
Lịch sử giá vàng SJC ngày 15/08/2009,https://giavang.org/trong-nuoc/sjc/lich-su/2009-08-15.html,25
Lịch sử giá vàng SJC ngày 16/08/2009,https://giavang.org/trong-nuoc/sjc/lich-su/2009-08-16.html,26
Lịch sử giá vàng SJC ngày 17/08/2009,https://giavang.org/trong-nuoc/sjc/lich-su/2009-08-17.html,27
Lịch sử giá vàng SJC ngày 18/08/2009,https://giavang.org/trong-nuoc/sjc/lich-su/2009-08-18.html,28
Lịch sử giá vàng SJC ngày 19/08/2009,https://giavang.org/trong-nuoc/sjc/lich-su/2009-08-19.html,29
Lịch sử giá vàng SJC ngày 20/08/2009,https://giavang.org/trong-nuoc/sjc/lich-su/2009-08-20.html,30
Lịch sử giá vàng SJC ngày 21/08/2009,https://giavang.org/trong-nuoc/sjc/lich-su/2009-08-21.html,31
Lịch sử giá vàng SJC ngày 22/08/2009,https://giavang.org/trong-nuoc/sjc/lich-su/2009-08-22.html,32
Lịch sử giá vàng SJC ngày 23/08/2009,https://giavang.org/trong-nuoc/sjc/lich-su/2009-08-23.html,33
Lịch sử giá vàng SJC ngày 24/08/2009,https://giavang.org/trong-nuoc/sjc/lich-su/2009-08-24.html,34
Lịch sử giá vàng SJC ngày 25/08/2009,https://giavang.org/trong-nuoc/sjc/lich-su/2009-08-25.html,35
Lịch sử giá vàng SJC ngày 26/08/2009,https://giavang.org/trong-nuoc/sjc/lich-su/2009-08-26.html,36
Lịch sử giá vàng SJC ngày 27/08/2009,https://giavang.org/trong-nuoc/sjc/lich-su/2009-08-27.html,37
Lịch sử giá vàng SJC ngày 28/08/2009,https://giavang.org/trong-nuoc/sjc/lich-su/2009-08-28.html,38
Lịch sử giá vàng SJC ngày 29/08/2009,https://giavang.org/trong-nuoc/sjc/lich-su/2009-08-29.html,39
Lịch sử giá vàng SJC ngày 30/08/2009,https://giavang.org/trong-nuoc/sjc/lich-su/2009-08-30.html,40
Lịch sử giá vàng SJC ngày 31/08/2009,https://giavang.org/trong-nuoc/sjc/lich-su/2009-08-31.html,41
Lịch sử giá vàng SJC ngày 01/09/2009,https://giavang.org/trong-nuoc/sjc/lich-su/2009-09-01.html,42
Lịch sử giá vàng SJC ngày 02/09/2009,https://giavang.org/trong-nuoc/sjc/lich-su/2009-09-02.html,43
Lịch sử giá vàng SJC ngày 03/09/2009,https://giavang.org/trong-nuoc/sjc/lich-su/2009-09-03.html,44
Lịch sử giá vàng SJC ngày 04/09/2009,https://giavang.org/trong-nuoc/sjc/lich-su/2009-09-04.html,45
Lịch sử giá vàng SJC ngày 05/09/2009,https://giavang.org/trong-nuoc/sjc/lich-su/2009-09-05.html,46
Lịch sử giá vàng SJC ngày 06/09/2009,https://giavang.org/trong-nuoc/sjc/lich-su/2009-09-06.html,47
Lịch sử giá vàng SJC ngày 07/09/2009,https://giavang.org/trong-nuoc/sjc/lich-su/2009-09-07.html,48
Lịch sử giá vàng SJC ngày 08/09/2009,https://giavang.org/trong-nuoc/sjc/lich-su/2009-09-08.html,49
Lịch sử giá vàng SJC ngày 09/09/2009,https://giavang.org/trong-nuoc/sjc/lich-su/2009-09-09.html,50
Lịch sử giá vàng SJC ngày 10/09/2009,https://giavang.org/trong-nuoc/sjc/lich-su/2009-09-10.html,51
Lịch sử giá vàng SJC ngày 11/09/2009,https://giavang.org/trong-nuoc/sjc/lich-su/2009-09-11.html,52
Lịch sử giá vàng SJC ngày 12/09/2009,https://giavang.org/trong-nuoc/sjc/lich-su/2009-09-12.html,53
Lịch sử giá vàng SJC ngày 13/09/2009,https://giavang.org/trong-nuoc/sjc/lich-su/2009-09-13.html,54
Lịch sử giá vàng SJC ngày 14/09/2009,https://giavang.org/trong-nuoc/sjc/lich-su/2009-09-14.html,55
Lịch sử giá vàng SJC ngày 15/09/2009,https://giavang.org/trong-nuoc/sjc/lich-su/2009-09-15.html,56
Lịch sử giá vàng SJC ngày 16/09/2009,https://giavang.org/trong-nuoc/sjc/lich-su/2009-09-16.html,57
Lịch sử giá vàng SJC ngày 17/09/2009,https://giavang.org/trong-nuoc/sjc/lich-su/2009-09-17.html,58
Lịch sử giá vàng SJC ngày 18/09/2009,https://giavang.org/trong-nuoc/sjc/lich-su/2009-09-18.html,59
Lịch sử giá vàng SJC ngày 19/09/2009,https://giavang.org/trong-nuoc/sjc/lich-su/2009-09-19.html,60
Lịch sử giá vàng SJC ngày 20/09/2009,https://giavang.org/trong-nuoc/sjc/lich-su/2009-09-20.html,61
Lịch sử giá vàng SJC ngày 21/09/2009,https://giavang.org/trong-nuoc/sjc/lich-su/2009-09-21.html,62
Lịch sử giá vàng SJC ngày 22/09/2009,https://giavang.org/trong-nuoc/sjc/lich-su/2009-09-22.html,63
Lịch sử giá vàng SJC ngày 23/09/2009,https://giavang.org/trong-nuoc/sjc/lich-su/2009-09-23.html,64
Lịch sử giá vàng SJC ngày 24/09/2009,https://giavang.org/trong-nuoc/sjc/lich-su/2009-09-24.html,65
Lịch sử giá vàng SJC ngày 25/09/2009,https://giavang.org/trong-nuoc/sjc/lich-su/2009-09-25.html,66
Lịch sử giá vàng SJC ngày 26/09/2009,https://giavang.org/trong-nuoc/sjc/lich-su/2009-09-26.html,67
Lịch sử giá vàng SJC ngày 27/09/2009,https://giavang.org/trong-nuoc/sjc/lich-su/2009-09-27.html,68
Lịch sử giá vàng SJC ngày 28/09/2009,https://giavang.org/trong-nuoc/sjc/lich-su/2009-09-28.html,69
Lịch sử giá vàng SJC ngày 29/09/2009,https://giavang.org/trong-nuoc/sjc/lich-su/2009-09-29.html,70
Lịch sử giá vàng SJC ngày 30/09/2009,https://giavang.org/trong-nuoc/sjc/lich-su/2009-09-30.html,71
Lịch sử giá vàng SJC ngày 01/10/2009,https://giavang.org/trong-nuoc/sjc/lich-su/2009-10-01.html,72
Lịch sử giá vàng SJC ngày 02/10/2009,https://giavang.org/trong-nuoc/sjc/lich-su/2009-10-02.html,73
Lịch sử giá vàng SJC ngày 03/10/2009,https://giavang.org/trong-nuoc/sjc/lich-su/2009-10-03.html,74
Lịch sử giá vàng SJC ngày 04/10/2009,https://giavang.org/trong-nuoc/sjc/lich-su/2009-10-04.html,75
Lịch sử giá vàng SJC ngày 05/10/2009,https://giavang.org/trong-nuoc/sjc/lich-su/2009-10-05.html,76
Lịch sử giá vàng SJC ngày 06/10/2009,https://giavang.org/trong-nuoc/sjc/lich-su/2009-10-06.html,77
Lịch sử giá vàng SJC ngày 07/10/2009,https://giavang.org/trong-nuoc/sjc/lich-su/2009-10-07.html,78
Lịch sử giá vàng SJC ngày 08/10/2009,https://giavang.org/trong-nuoc/sjc/lich-su/2009-10-08.html,79
Lịch sử giá vàng SJC ngày 09/10/2009,https://giavang.org/trong-nuoc/sjc/lich-su/2009-10-09.html,80
Lịch sử giá vàng SJC ngày 10/10/2009,https://giavang.org/trong-nuoc/sjc/lich-su/2009-10-10.html,81
Lịch sử giá vàng SJC ngày 11/10/2009,https://giavang.org/trong-nuoc/sjc/lich-su/2009-10-11.html,82
Lịch sử giá vàng SJC ngày 12/10/2009,https://giavang.org/trong-nuoc/sjc/lich-su/2009-10-12.html,83
Lịch sử giá vàng SJC ngày 13/10/2009,https://giavang.org/trong-nuoc/sjc/lich-su/2009-10-13.html,84
Lịch sử giá vàng SJC ngày 14/10/2009,https://giavang.org/trong-nuoc/sjc/lich-su/2009-10-14.html,85
Lịch sử giá vàng SJC ngày 15/10/2009,https://giavang.org/trong-nuoc/sjc/lich-su/2009-10-15.html,86
Lịch sử giá vàng SJC ngày 16/10/2009,https://giavang.org/trong-nuoc/sjc/lich-su/2009-10-16.html,87
Lịch sử giá vàng SJC ngày 17/10/2009,https://giavang.org/trong-nuoc/sjc/lich-su/2009-10-17.html,88
Lịch sử giá vàng SJC ngày 18/10/2009,https://giavang.org/trong-nuoc/sjc/lich-su/2009-10-18.html,89
Lịch sử giá vàng SJC ngày 19/10/2009,https://giavang.org/trong-nuoc/sjc/lich-su/2009-10-19.html,90
Lịch sử giá vàng SJC ngày 20/10/2009,https://giavang.org/trong-nuoc/sjc/lich-su/2009-10-20.html,91
Lịch sử giá vàng SJC ngày 21/10/2009,https://giavang.org/trong-nuoc/sjc/lich-su/2009-10-21.html,92
Lịch sử giá vàng SJC ngày 22/10/2009,https://giavang.org/trong-nuoc/sjc/lich-su/2009-10-22.html,93
Lịch sử giá vàng SJC ngày 23/10/2009,https://giavang.org/trong-nuoc/sjc/lich-su/2009-10-23.html,94
Lịch sử giá vàng SJC ngày 24/10/2009,https://giavang.org/trong-nuoc/sjc/lich-su/2009-10-24.html,95
Lịch sử giá vàng SJC ngày 25/10/2009,https://giavang.org/trong-nuoc/sjc/lich-su/2009-10-25.html,96
Lịch sử giá vàng SJC ngày 26/10/2009,https://giavang.org/trong-nuoc/sjc/lich-su/2009-10-26.html,97
Lịch sử giá vàng SJC ngày 27/10/2009,https://giavang.org/trong-nuoc/sjc/lich-su/2009-10-27.html,98
Lịch sử giá vàng SJC ngày 28/10/2009,https://giavang.org/trong-nuoc/sjc/lich-su/2009-10-28.html,99
Lịch sử giá vàng SJC ngày 29/10/2009,https://giavang.org/trong-nuoc/sjc/lich-su/2009-10-29.html,100
Lịch sử giá vàng SJC ngày 30/10/2009,https://giavang.org/trong-nuoc/sjc/lich-su/2009-10-30.html,101
Lịch sử giá vàng SJC ngày 31/10/2009,https://giavang.org/trong-nuoc/sjc/lich-su/2009-10-31.html,102
Lịch sử giá vàng SJC ngày 01/11/2009,https://giavang.org/trong-nuoc/sjc/lich-su/2009-11-01.html,103
Lịch sử giá vàng SJC ngày 02/11/2009,https://giavang.org/trong-nuoc/sjc/lich-su/2009-11-02.html,104
Lịch sử giá vàng SJC ngày 03/11/2009,https://giavang.org/trong-nuoc/sjc/lich-su/2009-11-03.html,105
Lịch sử giá vàng SJC ngày 04/11/2009,https://giavang.org/trong-nuoc/sjc/lich-su/2009-11-04.html,106
Lịch sử giá vàng SJC ngày 05/11/2009,https://giavang.org/trong-nuoc/sjc/lich-su/2009-11-05.html,107
Lịch sử giá vàng SJC ngày 06/11/2009,https://giavang.org/trong-nuoc/sjc/lich-su/2009-11-06.html,108
Lịch sử giá vàng SJC ngày 07/11/2009,https://giavang.org/trong-nuoc/sjc/lich-su/2009-11-07.html,109
Lịch sử giá vàng SJC ngày 08/11/2009,https://giavang.org/trong-nuoc/sjc/lich-su/2009-11-08.html,110
Lịch sử giá vàng SJC ngày 09/11/2009,https://giavang.org/trong-nuoc/sjc/lich-su/2009-11-09.html,111
Lịch sử giá vàng SJC ngày 10/11/2009,https://giavang.org/trong-nuoc/sjc/lich-su/2009-11-10.html,112
Lịch sử giá vàng SJC ngày 11/11/2009,https://giavang.org/trong-nuoc/sjc/lich-su/2009-11-11.html,113
Lịch sử giá vàng SJC ngày 12/11/2009,https://giavang.org/trong-nuoc/sjc/lich-su/2009-11-12.html,114
Lịch sử giá vàng SJC ngày 13/11/2009,https://giavang.org/trong-nuoc/sjc/lich-su/2009-11-13.html,115
Lịch sử giá vàng SJC ngày 14/11/2009,https://giavang.org/trong-nuoc/sjc/lich-su/2009-11-14.html,116
Lịch sử giá vàng SJC ngày 15/11/2009,https://giavang.org/trong-nuoc/sjc/lich-su/2009-11-15.html,117
Lịch sử giá vàng SJC ngày 16/11/2009,https://giavang.org/trong-nuoc/sjc/lich-su/2009-11-16.html,118
Lịch sử giá vàng SJC ngày 17/11/2009,https://giavang.org/trong-nuoc/sjc/lich-su/2009-11-17.html,119
Lịch sử giá vàng SJC ngày 18/11/2009,https://giavang.org/trong-nuoc/sjc/lich-su/2009-11-18.html,120
Lịch sử giá vàng SJC ngày 19/11/2009,https://giavang.org/trong-nuoc/sjc/lich-su/2009-11-19.html,121
Lịch sử giá vàng SJC ngày 20/11/2009,https://giavang.org/trong-nuoc/sjc/lich-su/2009-11-20.html,122
Lịch sử giá vàng SJC ngày 21/11/2009,https://giavang.org/trong-nuoc/sjc/lich-su/2009-11-21.html,123
Lịch sử giá vàng SJC ngày 22/11/2009,https://giavang.org/trong-nuoc/sjc/lich-su/2009-11-22.html,124
Lịch sử giá vàng SJC ngày 23/11/2009,https://giavang.org/trong-nuoc/sjc/lich-su/2009-11-23.html,125
Lịch sử giá vàng SJC ngày 24/11/2009,https://giavang.org/trong-nuoc/sjc/lich-su/2009-11-24.html,126
Lịch sử giá vàng SJC ngày 25/11/2009,https://giavang.org/trong-nuoc/sjc/lich-su/2009-11-25.html,127
Lịch sử giá vàng SJC ngày 26/11/2009,https://giavang.org/trong-nuoc/sjc/lich-su/2009-11-26.html,128
Lịch sử giá vàng SJC ngày 27/11/2009,https://giavang.org/trong-nuoc/sjc/lich-su/2009-11-27.html,129
Lịch sử giá vàng SJC ngày 28/11/2009,https://giavang.org/trong-nuoc/sjc/lich-su/2009-11-28.html,130
Lịch sử giá vàng SJC ngày 29/11/2009,https://giavang.org/trong-nuoc/sjc/lich-su/2009-11-29.html,131
Lịch sử giá vàng SJC ngày 30/11/2009,https://giavang.org/trong-nuoc/sjc/lich-su/2009-11-30.html,132
Lịch sử giá vàng SJC ngày 01/12/2009,https://giavang.org/trong-nuoc/sjc/lich-su/2009-12-01.html,133
Lịch sử giá vàng SJC ngày 02/12/2009,https://giavang.org/trong-nuoc/sjc/lich-su/2009-12-02.html,134
Lịch sử giá vàng SJC ngày 03/12/2009,https://giavang.org/trong-nuoc/sjc/lich-su/2009-12-03.html,135
Lịch sử giá vàng SJC ngày 04/12/2009,https://giavang.org/trong-nuoc/sjc/lich-su/2009-12-04.html,136
Lịch sử giá vàng SJC ngày 05/12/2009,https://giavang.org/trong-nuoc/sjc/lich-su/2009-12-05.html,137
Lịch sử giá vàng SJC ngày 06/12/2009,https://giavang.org/trong-nuoc/sjc/lich-su/2009-12-06.html,138
Lịch sử giá vàng SJC ngày 07/12/2009,https://giavang.org/trong-nuoc/sjc/lich-su/2009-12-07.html,139
Lịch sử giá vàng SJC ngày 08/12/2009,https://giavang.org/trong-nuoc/sjc/lich-su/2009-12-08.html,140
Lịch sử giá vàng SJC ngày 09/12/2009,https://giavang.org/trong-nuoc/sjc/lich-su/2009-12-09.html,141
Lịch sử giá vàng SJC ngày 10/12/2009,https://giavang.org/trong-nuoc/sjc/lich-su/2009-12-10.html,142
Lịch sử giá vàng SJC ngày 11/12/2009,https://giavang.org/trong-nuoc/sjc/lich-su/2009-12-11.html,143
Lịch sử giá vàng SJC ngày 12/12/2009,https://giavang.org/trong-nuoc/sjc/lich-su/2009-12-12.html,144
Lịch sử giá vàng SJC ngày 13/12/2009,https://giavang.org/trong-nuoc/sjc/lich-su/2009-12-13.html,145
Lịch sử giá vàng SJC ngày 14/12/2009,https://giavang.org/trong-nuoc/sjc/lich-su/2009-12-14.html,146
Lịch sử giá vàng SJC ngày 15/12/2009,https://giavang.org/trong-nuoc/sjc/lich-su/2009-12-15.html,147
Lịch sử giá vàng SJC ngày 16/12/2009,https://giavang.org/trong-nuoc/sjc/lich-su/2009-12-16.html,148
Lịch sử giá vàng SJC ngày 17/12/2009,https://giavang.org/trong-nuoc/sjc/lich-su/2009-12-17.html,149
Lịch sử giá vàng SJC ngày 18/12/2009,https://giavang.org/trong-nuoc/sjc/lich-su/2009-12-18.html,150
Lịch sử giá vàng SJC ngày 19/12/2009,https://giavang.org/trong-nuoc/sjc/lich-su/2009-12-19.html,151
Lịch sử giá vàng SJC ngày 20/12/2009,https://giavang.org/trong-nuoc/sjc/lich-su/2009-12-20.html,152
Lịch sử giá vàng SJC ngày 21/12/2009,https://giavang.org/trong-nuoc/sjc/lich-su/2009-12-21.html,153
Lịch sử giá vàng SJC ngày 22/12/2009,https://giavang.org/trong-nuoc/sjc/lich-su/2009-12-22.html,154
Lịch sử giá vàng SJC ngày 23/12/2009,https://giavang.org/trong-nuoc/sjc/lich-su/2009-12-23.html,155
Lịch sử giá vàng SJC ngày 24/12/2009,https://giavang.org/trong-nuoc/sjc/lich-su/2009-12-24.html,156
Lịch sử giá vàng SJC ngày 25/12/2009,https://giavang.org/trong-nuoc/sjc/lich-su/2009-12-25.html,157
Lịch sử giá vàng SJC ngày 26/12/2009,https://giavang.org/trong-nuoc/sjc/lich-su/2009-12-26.html,158
Lịch sử giá vàng SJC ngày 27/12/2009,https://giavang.org/trong-nuoc/sjc/lich-su/2009-12-27.html,159
Lịch sử giá vàng SJC ngày 28/12/2009,https://giavang.org/trong-nuoc/sjc/lich-su/2009-12-28.html,160
Lịch sử giá vàng SJC ngày 29/12/2009,https://giavang.org/trong-nuoc/sjc/lich-su/2009-12-29.html,161
Lịch sử giá vàng SJC ngày 30/12/2009,https://giavang.org/trong-nuoc/sjc/lich-su/2009-12-30.html,162
Lịch sử giá vàng SJC ngày 31/12/2009,https://giavang.org/trong-nuoc/sjc/lich-su/2009-12-31.html,163
Lịch sử giá vàng SJC ngày 01/01/2010,https://giavang.org/trong-nuoc/sjc/lich-su/2010-01-01.html,164
Lịch sử giá vàng SJC ngày 02/01/2010,https://giavang.org/trong-nuoc/sjc/lich-su/2010-01-02.html,165
Lịch sử giá vàng SJC ngày 03/01/2010,https://giavang.org/trong-nuoc/sjc/lich-su/2010-01-03.html,166
Lịch sử giá vàng SJC ngày 04/01/2010,https://giavang.org/trong-nuoc/sjc/lich-su/2010-01-04.html,167
Lịch sử giá vàng SJC ngày 05/01/2010,https://giavang.org/trong-nuoc/sjc/lich-su/2010-01-05.html,168
Lịch sử giá vàng SJC ngày 06/01/2010,https://giavang.org/trong-nuoc/sjc/lich-su/2010-01-06.html,169
Lịch sử giá vàng SJC ngày 07/01/2010,https://giavang.org/trong-nuoc/sjc/lich-su/2010-01-07.html,170
Lịch sử giá vàng SJC ngày 08/01/2010,https://giavang.org/trong-nuoc/sjc/lich-su/2010-01-08.html,171
Lịch sử giá vàng SJC ngày 09/01/2010,https://giavang.org/trong-nuoc/sjc/lich-su/2010-01-09.html,172
Lịch sử giá vàng SJC ngày 10/01/2010,https://giavang.org/trong-nuoc/sjc/lich-su/2010-01-10.html,173
Lịch sử giá vàng SJC ngày 11/01/2010,https://giavang.org/trong-nuoc/sjc/lich-su/2010-01-11.html,174
Lịch sử giá vàng SJC ngày 12/01/2010,https://giavang.org/trong-nuoc/sjc/lich-su/2010-01-12.html,175
Lịch sử giá vàng SJC ngày 13/01/2010,https://giavang.org/trong-nuoc/sjc/lich-su/2010-01-13.html,176
Lịch sử giá vàng SJC ngày 14/01/2010,https://giavang.org/trong-nuoc/sjc/lich-su/2010-01-14.html,177
Lịch sử giá vàng SJC ngày 15/01/2010,https://giavang.org/trong-nuoc/sjc/lich-su/2010-01-15.html,178
Lịch sử giá vàng SJC ngày 16/01/2010,https://giavang.org/trong-nuoc/sjc/lich-su/2010-01-16.html,179
Lịch sử giá vàng SJC ngày 17/01/2010,https://giavang.org/trong-nuoc/sjc/lich-su/2010-01-17.html,180
Lịch sử giá vàng SJC ngày 18/01/2010,https://giavang.org/trong-nuoc/sjc/lich-su/2010-01-18.html,181
Lịch sử giá vàng SJC ngày 19/01/2010,https://giavang.org/trong-nuoc/sjc/lich-su/2010-01-19.html,182
Lịch sử giá vàng SJC ngày 20/01/2010,https://giavang.org/trong-nuoc/sjc/lich-su/2010-01-20.html,183
Lịch sử giá vàng SJC ngày 21/01/2010,https://giavang.org/trong-nuoc/sjc/lich-su/2010-01-21.html,184
Lịch sử giá vàng SJC ngày 22/01/2010,https://giavang.org/trong-nuoc/sjc/lich-su/2010-01-22.html,185
Lịch sử giá vàng SJC ngày 23/01/2010,https://giavang.org/trong-nuoc/sjc/lich-su/2010-01-23.html,186
Lịch sử giá vàng SJC ngày 24/01/2010,https://giavang.org/trong-nuoc/sjc/lich-su/2010-01-24.html,187
Lịch sử giá vàng SJC ngày 25/01/2010,https://giavang.org/trong-nuoc/sjc/lich-su/2010-01-25.html,188
Lịch sử giá vàng SJC ngày 26/01/2010,https://giavang.org/trong-nuoc/sjc/lich-su/2010-01-26.html,189
Lịch sử giá vàng SJC ngày 27/01/2010,https://giavang.org/trong-nuoc/sjc/lich-su/2010-01-27.html,190
Lịch sử giá vàng SJC ngày 28/01/2010,https://giavang.org/trong-nuoc/sjc/lich-su/2010-01-28.html,191
Lịch sử giá vàng SJC ngày 29/01/2010,https://giavang.org/trong-nuoc/sjc/lich-su/2010-01-29.html,192
Lịch sử giá vàng SJC ngày 30/01/2010,https://giavang.org/trong-nuoc/sjc/lich-su/2010-01-30.html,193
Lịch sử giá vàng SJC ngày 31/01/2010,https://giavang.org/trong-nuoc/sjc/lich-su/2010-01-31.html,194
Lịch sử giá vàng SJC ngày 01/02/2010,https://giavang.org/trong-nuoc/sjc/lich-su/2010-02-01.html,195
Lịch sử giá vàng SJC ngày 02/02/2010,https://giavang.org/trong-nuoc/sjc/lich-su/2010-02-02.html,196
Lịch sử giá vàng SJC ngày 03/02/2010,https://giavang.org/trong-nuoc/sjc/lich-su/2010-02-03.html,197
Lịch sử giá vàng SJC ngày 04/02/2010,https://giavang.org/trong-nuoc/sjc/lich-su/2010-02-04.html,198
Lịch sử giá vàng SJC ngày 05/02/2010,https://giavang.org/trong-nuoc/sjc/lich-su/2010-02-05.html,199
Lịch sử giá vàng SJC ngày 06/02/2010,https://giavang.org/trong-nuoc/sjc/lich-su/2010-02-06.html,200
Lịch sử giá vàng SJC ngày 07/02/2010,https://giavang.org/trong-nuoc/sjc/lich-su/2010-02-07.html,201
Lịch sử giá vàng SJC ngày 08/02/2010,https://giavang.org/trong-nuoc/sjc/lich-su/2010-02-08.html,202
Lịch sử giá vàng SJC ngày 09/02/2010,https://giavang.org/trong-nuoc/sjc/lich-su/2010-02-09.html,203
Lịch sử giá vàng SJC ngày 10/02/2010,https://giavang.org/trong-nuoc/sjc/lich-su/2010-02-10.html,204
Lịch sử giá vàng SJC ngày 11/02/2010,https://giavang.org/trong-nuoc/sjc/lich-su/2010-02-11.html,205
Lịch sử giá vàng SJC ngày 12/02/2010,https://giavang.org/trong-nuoc/sjc/lich-su/2010-02-12.html,206
Lịch sử giá vàng SJC ngày 13/02/2010,https://giavang.org/trong-nuoc/sjc/lich-su/2010-02-13.html,207
Lịch sử giá vàng SJC ngày 14/02/2010,https://giavang.org/trong-nuoc/sjc/lich-su/2010-02-14.html,208
Lịch sử giá vàng SJC ngày 15/02/2010,https://giavang.org/trong-nuoc/sjc/lich-su/2010-02-15.html,209
Lịch sử giá vàng SJC ngày 16/02/2010,https://giavang.org/trong-nuoc/sjc/lich-su/2010-02-16.html,210
Lịch sử giá vàng SJC ngày 17/02/2010,https://giavang.org/trong-nuoc/sjc/lich-su/2010-02-17.html,211
Lịch sử giá vàng SJC ngày 18/02/2010,https://giavang.org/trong-nuoc/sjc/lich-su/2010-02-18.html,212
Lịch sử giá vàng SJC ngày 19/02/2010,https://giavang.org/trong-nuoc/sjc/lich-su/2010-02-19.html,213
Lịch sử giá vàng SJC ngày 20/02/2010,https://giavang.org/trong-nuoc/sjc/lich-su/2010-02-20.html,214
Lịch sử giá vàng SJC ngày 21/02/2010,https://giavang.org/trong-nuoc/sjc/lich-su/2010-02-21.html,215
Lịch sử giá vàng SJC ngày 22/02/2010,https://giavang.org/trong-nuoc/sjc/lich-su/2010-02-22.html,216
Lịch sử giá vàng SJC ngày 23/02/2010,https://giavang.org/trong-nuoc/sjc/lich-su/2010-02-23.html,217
Lịch sử giá vàng SJC ngày 24/02/2010,https://giavang.org/trong-nuoc/sjc/lich-su/2010-02-24.html,218
Lịch sử giá vàng SJC ngày 25/02/2010,https://giavang.org/trong-nuoc/sjc/lich-su/2010-02-25.html,219
Lịch sử giá vàng SJC ngày 26/02/2010,https://giavang.org/trong-nuoc/sjc/lich-su/2010-02-26.html,220
Lịch sử giá vàng SJC ngày 27/02/2010,https://giavang.org/trong-nuoc/sjc/lich-su/2010-02-27.html,221
Lịch sử giá vàng SJC ngày 28/02/2010,https://giavang.org/trong-nuoc/sjc/lich-su/2010-02-28.html,222
Lịch sử giá vàng SJC ngày 01/03/2010,https://giavang.org/trong-nuoc/sjc/lich-su/2010-03-01.html,223
Lịch sử giá vàng SJC ngày 02/03/2010,https://giavang.org/trong-nuoc/sjc/lich-su/2010-03-02.html,224
Lịch sử giá vàng SJC ngày 03/03/2010,https://giavang.org/trong-nuoc/sjc/lich-su/2010-03-03.html,225
Lịch sử giá vàng SJC ngày 04/03/2010,https://giavang.org/trong-nuoc/sjc/lich-su/2010-03-04.html,226
Lịch sử giá vàng SJC ngày 05/03/2010,https://giavang.org/trong-nuoc/sjc/lich-su/2010-03-05.html,227
Lịch sử giá vàng SJC ngày 06/03/2010,https://giavang.org/trong-nuoc/sjc/lich-su/2010-03-06.html,228
Lịch sử giá vàng SJC ngày 07/03/2010,https://giavang.org/trong-nuoc/sjc/lich-su/2010-03-07.html,229
Lịch sử giá vàng SJC ngày 08/03/2010,https://giavang.org/trong-nuoc/sjc/lich-su/2010-03-08.html,230
Lịch sử giá vàng SJC ngày 09/03/2010,https://giavang.org/trong-nuoc/sjc/lich-su/2010-03-09.html,231
Lịch sử giá vàng SJC ngày 10/03/2010,https://giavang.org/trong-nuoc/sjc/lich-su/2010-03-10.html,232
Lịch sử giá vàng SJC ngày 11/03/2010,https://giavang.org/trong-nuoc/sjc/lich-su/2010-03-11.html,233
Lịch sử giá vàng SJC ngày 12/03/2010,https://giavang.org/trong-nuoc/sjc/lich-su/2010-03-12.html,234
Lịch sử giá vàng SJC ngày 13/03/2010,https://giavang.org/trong-nuoc/sjc/lich-su/2010-03-13.html,235
Lịch sử giá vàng SJC ngày 14/03/2010,https://giavang.org/trong-nuoc/sjc/lich-su/2010-03-14.html,236
Lịch sử giá vàng SJC ngày 15/03/2010,https://giavang.org/trong-nuoc/sjc/lich-su/2010-03-15.html,237
Lịch sử giá vàng SJC ngày 16/03/2010,https://giavang.org/trong-nuoc/sjc/lich-su/2010-03-16.html,238
Lịch sử giá vàng SJC ngày 17/03/2010,https://giavang.org/trong-nuoc/sjc/lich-su/2010-03-17.html,239
Lịch sử giá vàng SJC ngày 18/03/2010,https://giavang.org/trong-nuoc/sjc/lich-su/2010-03-18.html,240
Lịch sử giá vàng SJC ngày 19/03/2010,https://giavang.org/trong-nuoc/sjc/lich-su/2010-03-19.html,241
Lịch sử giá vàng SJC ngày 20/03/2010,https://giavang.org/trong-nuoc/sjc/lich-su/2010-03-20.html,242
Lịch sử giá vàng SJC ngày 21/03/2010,https://giavang.org/trong-nuoc/sjc/lich-su/2010-03-21.html,243
Lịch sử giá vàng SJC ngày 22/03/2010,https://giavang.org/trong-nuoc/sjc/lich-su/2010-03-22.html,244
Lịch sử giá vàng SJC ngày 23/03/2010,https://giavang.org/trong-nuoc/sjc/lich-su/2010-03-23.html,245
Lịch sử giá vàng SJC ngày 24/03/2010,https://giavang.org/trong-nuoc/sjc/lich-su/2010-03-24.html,246
Lịch sử giá vàng SJC ngày 25/03/2010,https://giavang.org/trong-nuoc/sjc/lich-su/2010-03-25.html,247
Lịch sử giá vàng SJC ngày 26/03/2010,https://giavang.org/trong-nuoc/sjc/lich-su/2010-03-26.html,248
Lịch sử giá vàng SJC ngày 27/03/2010,https://giavang.org/trong-nuoc/sjc/lich-su/2010-03-27.html,249
Lịch sử giá vàng SJC ngày 28/03/2010,https://giavang.org/trong-nuoc/sjc/lich-su/2010-03-28.html,250
Lịch sử giá vàng SJC ngày 29/03/2010,https://giavang.org/trong-nuoc/sjc/lich-su/2010-03-29.html,251
Lịch sử giá vàng SJC ngày 30/03/2010,https://giavang.org/trong-nuoc/sjc/lich-su/2010-03-30.html,252
Lịch sử giá vàng SJC ngày 31/03/2010,https://giavang.org/trong-nuoc/sjc/lich-su/2010-03-31.html,253
Lịch sử giá vàng SJC ngày 01/04/2010,https://giavang.org/trong-nuoc/sjc/lich-su/2010-04-01.html,254
Lịch sử giá vàng SJC ngày 02/04/2010,https://giavang.org/trong-nuoc/sjc/lich-su/2010-04-02.html,255
Lịch sử giá vàng SJC ngày 03/04/2010,https://giavang.org/trong-nuoc/sjc/lich-su/2010-04-03.html,256
Lịch sử giá vàng SJC ngày 04/04/2010,https://giavang.org/trong-nuoc/sjc/lich-su/2010-04-04.html,257
Lịch sử giá vàng SJC ngày 05/04/2010,https://giavang.org/trong-nuoc/sjc/lich-su/2010-04-05.html,258
Lịch sử giá vàng SJC ngày 06/04/2010,https://giavang.org/trong-nuoc/sjc/lich-su/2010-04-06.html,259
Lịch sử giá vàng SJC ngày 07/04/2010,https://giavang.org/trong-nuoc/sjc/lich-su/2010-04-07.html,260
Lịch sử giá vàng SJC ngày 08/04/2010,https://giavang.org/trong-nuoc/sjc/lich-su/2010-04-08.html,261
Lịch sử giá vàng SJC ngày 09/04/2010,https://giavang.org/trong-nuoc/sjc/lich-su/2010-04-09.html,262
Lịch sử giá vàng SJC ngày 10/04/2010,https://giavang.org/trong-nuoc/sjc/lich-su/2010-04-10.html,263
Lịch sử giá vàng SJC ngày 11/04/2010,https://giavang.org/trong-nuoc/sjc/lich-su/2010-04-11.html,264
Lịch sử giá vàng SJC ngày 12/04/2010,https://giavang.org/trong-nuoc/sjc/lich-su/2010-04-12.html,265
Lịch sử giá vàng SJC ngày 13/04/2010,https://giavang.org/trong-nuoc/sjc/lich-su/2010-04-13.html,266
Lịch sử giá vàng SJC ngày 14/04/2010,https://giavang.org/trong-nuoc/sjc/lich-su/2010-04-14.html,267
Lịch sử giá vàng SJC ngày 15/04/2010,https://giavang.org/trong-nuoc/sjc/lich-su/2010-04-15.html,268
Lịch sử giá vàng SJC ngày 16/04/2010,https://giavang.org/trong-nuoc/sjc/lich-su/2010-04-16.html,269
Lịch sử giá vàng SJC ngày 17/04/2010,https://giavang.org/trong-nuoc/sjc/lich-su/2010-04-17.html,270
Lịch sử giá vàng SJC ngày 18/04/2010,https://giavang.org/trong-nuoc/sjc/lich-su/2010-04-18.html,271
Lịch sử giá vàng SJC ngày 19/04/2010,https://giavang.org/trong-nuoc/sjc/lich-su/2010-04-19.html,272
Lịch sử giá vàng SJC ngày 20/04/2010,https://giavang.org/trong-nuoc/sjc/lich-su/2010-04-20.html,273
Lịch sử giá vàng SJC ngày 21/04/2010,https://giavang.org/trong-nuoc/sjc/lich-su/2010-04-21.html,274
Lịch sử giá vàng SJC ngày 22/04/2010,https://giavang.org/trong-nuoc/sjc/lich-su/2010-04-22.html,275
Lịch sử giá vàng SJC ngày 23/04/2010,https://giavang.org/trong-nuoc/sjc/lich-su/2010-04-23.html,276
Lịch sử giá vàng SJC ngày 24/04/2010,https://giavang.org/trong-nuoc/sjc/lich-su/2010-04-24.html,277
Lịch sử giá vàng SJC ngày 25/04/2010,https://giavang.org/trong-nuoc/sjc/lich-su/2010-04-25.html,278
Lịch sử giá vàng SJC ngày 26/04/2010,https://giavang.org/trong-nuoc/sjc/lich-su/2010-04-26.html,279
Lịch sử giá vàng SJC ngày 27/04/2010,https://giavang.org/trong-nuoc/sjc/lich-su/2010-04-27.html,280
Lịch sử giá vàng SJC ngày 28/04/2010,https://giavang.org/trong-nuoc/sjc/lich-su/2010-04-28.html,281
Lịch sử giá vàng SJC ngày 29/04/2010,https://giavang.org/trong-nuoc/sjc/lich-su/2010-04-29.html,282
Lịch sử giá vàng SJC ngày 30/04/2010,https://giavang.org/trong-nuoc/sjc/lich-su/2010-04-30.html,283
Lịch sử giá vàng SJC ngày 01/05/2010,https://giavang.org/trong-nuoc/sjc/lich-su/2010-05-01.html,284
Lịch sử giá vàng SJC ngày 02/05/2010,https://giavang.org/trong-nuoc/sjc/lich-su/2010-05-02.html,285
Lịch sử giá vàng SJC ngày 03/05/2010,https://giavang.org/trong-nuoc/sjc/lich-su/2010-05-03.html,286
Lịch sử giá vàng SJC ngày 04/05/2010,https://giavang.org/trong-nuoc/sjc/lich-su/2010-05-04.html,287
Lịch sử giá vàng SJC ngày 05/05/2010,https://giavang.org/trong-nuoc/sjc/lich-su/2010-05-05.html,288
Lịch sử giá vàng SJC ngày 06/05/2010,https://giavang.org/trong-nuoc/sjc/lich-su/2010-05-06.html,289
Lịch sử giá vàng SJC ngày 07/05/2010,https://giavang.org/trong-nuoc/sjc/lich-su/2010-05-07.html,290
Lịch sử giá vàng SJC ngày 08/05/2010,https://giavang.org/trong-nuoc/sjc/lich-su/2010-05-08.html,291
Lịch sử giá vàng SJC ngày 09/05/2010,https://giavang.org/trong-nuoc/sjc/lich-su/2010-05-09.html,292
Lịch sử giá vàng SJC ngày 10/05/2010,https://giavang.org/trong-nuoc/sjc/lich-su/2010-05-10.html,293
Lịch sử giá vàng SJC ngày 11/05/2010,https://giavang.org/trong-nuoc/sjc/lich-su/2010-05-11.html,294
Lịch sử giá vàng SJC ngày 12/05/2010,https://giavang.org/trong-nuoc/sjc/lich-su/2010-05-12.html,295
Lịch sử giá vàng SJC ngày 13/05/2010,https://giavang.org/trong-nuoc/sjc/lich-su/2010-05-13.html,296
Lịch sử giá vàng SJC ngày 14/05/2010,https://giavang.org/trong-nuoc/sjc/lich-su/2010-05-14.html,297
Lịch sử giá vàng SJC ngày 15/05/2010,https://giavang.org/trong-nuoc/sjc/lich-su/2010-05-15.html,298
Lịch sử giá vàng SJC ngày 16/05/2010,https://giavang.org/trong-nuoc/sjc/lich-su/2010-05-16.html,299
Lịch sử giá vàng SJC ngày 17/05/2010,https://giavang.org/trong-nuoc/sjc/lich-su/2010-05-17.html,300
Lịch sử giá vàng SJC ngày 18/05/2010,https://giavang.org/trong-nuoc/sjc/lich-su/2010-05-18.html,301
Lịch sử giá vàng SJC ngày 19/05/2010,https://giavang.org/trong-nuoc/sjc/lich-su/2010-05-19.html,302
Lịch sử giá vàng SJC ngày 20/05/2010,https://giavang.org/trong-nuoc/sjc/lich-su/2010-05-20.html,303
Lịch sử giá vàng SJC ngày 21/05/2010,https://giavang.org/trong-nuoc/sjc/lich-su/2010-05-21.html,304
Lịch sử giá vàng SJC ngày 22/05/2010,https://giavang.org/trong-nuoc/sjc/lich-su/2010-05-22.html,305
Lịch sử giá vàng SJC ngày 23/05/2010,https://giavang.org/trong-nuoc/sjc/lich-su/2010-05-23.html,306
Lịch sử giá vàng SJC ngày 24/05/2010,https://giavang.org/trong-nuoc/sjc/lich-su/2010-05-24.html,307
Lịch sử giá vàng SJC ngày 25/05/2010,https://giavang.org/trong-nuoc/sjc/lich-su/2010-05-25.html,308
Lịch sử giá vàng SJC ngày 26/05/2010,https://giavang.org/trong-nuoc/sjc/lich-su/2010-05-26.html,309
Lịch sử giá vàng SJC ngày 27/05/2010,https://giavang.org/trong-nuoc/sjc/lich-su/2010-05-27.html,310
Lịch sử giá vàng SJC ngày 28/05/2010,https://giavang.org/trong-nuoc/sjc/lich-su/2010-05-28.html,311
Lịch sử giá vàng SJC ngày 29/05/2010,https://giavang.org/trong-nuoc/sjc/lich-su/2010-05-29.html,312
Lịch sử giá vàng SJC ngày 30/05/2010,https://giavang.org/trong-nuoc/sjc/lich-su/2010-05-30.html,313
Lịch sử giá vàng SJC ngày 31/05/2010,https://giavang.org/trong-nuoc/sjc/lich-su/2010-05-31.html,314
Lịch sử giá vàng SJC ngày 01/06/2010,https://giavang.org/trong-nuoc/sjc/lich-su/2010-06-01.html,315
Lịch sử giá vàng SJC ngày 02/06/2010,https://giavang.org/trong-nuoc/sjc/lich-su/2010-06-02.html,316
Lịch sử giá vàng SJC ngày 03/06/2010,https://giavang.org/trong-nuoc/sjc/lich-su/2010-06-03.html,317
Lịch sử giá vàng SJC ngày 04/06/2010,https://giavang.org/trong-nuoc/sjc/lich-su/2010-06-04.html,318
Lịch sử giá vàng SJC ngày 05/06/2010,https://giavang.org/trong-nuoc/sjc/lich-su/2010-06-05.html,319
Lịch sử giá vàng SJC ngày 06/06/2010,https://giavang.org/trong-nuoc/sjc/lich-su/2010-06-06.html,320
Lịch sử giá vàng SJC ngày 07/06/2010,https://giavang.org/trong-nuoc/sjc/lich-su/2010-06-07.html,321
Lịch sử giá vàng SJC ngày 08/06/2010,https://giavang.org/trong-nuoc/sjc/lich-su/2010-06-08.html,322
Lịch sử giá vàng SJC ngày 09/06/2010,https://giavang.org/trong-nuoc/sjc/lich-su/2010-06-09.html,323
Lịch sử giá vàng SJC ngày 10/06/2010,https://giavang.org/trong-nuoc/sjc/lich-su/2010-06-10.html,324
Lịch sử giá vàng SJC ngày 11/06/2010,https://giavang.org/trong-nuoc/sjc/lich-su/2010-06-11.html,325
Lịch sử giá vàng SJC ngày 12/06/2010,https://giavang.org/trong-nuoc/sjc/lich-su/2010-06-12.html,326
Lịch sử giá vàng SJC ngày 13/06/2010,https://giavang.org/trong-nuoc/sjc/lich-su/2010-06-13.html,327
Lịch sử giá vàng SJC ngày 14/06/2010,https://giavang.org/trong-nuoc/sjc/lich-su/2010-06-14.html,328
Lịch sử giá vàng SJC ngày 15/06/2010,https://giavang.org/trong-nuoc/sjc/lich-su/2010-06-15.html,329
Lịch sử giá vàng SJC ngày 16/06/2010,https://giavang.org/trong-nuoc/sjc/lich-su/2010-06-16.html,330
Lịch sử giá vàng SJC ngày 17/06/2010,https://giavang.org/trong-nuoc/sjc/lich-su/2010-06-17.html,331
Lịch sử giá vàng SJC ngày 18/06/2010,https://giavang.org/trong-nuoc/sjc/lich-su/2010-06-18.html,332
Lịch sử giá vàng SJC ngày 19/06/2010,https://giavang.org/trong-nuoc/sjc/lich-su/2010-06-19.html,333
Lịch sử giá vàng SJC ngày 20/06/2010,https://giavang.org/trong-nuoc/sjc/lich-su/2010-06-20.html,334
Lịch sử giá vàng SJC ngày 21/06/2010,https://giavang.org/trong-nuoc/sjc/lich-su/2010-06-21.html,335
Lịch sử giá vàng SJC ngày 22/06/2010,https://giavang.org/trong-nuoc/sjc/lich-su/2010-06-22.html,336
Lịch sử giá vàng SJC ngày 23/06/2010,https://giavang.org/trong-nuoc/sjc/lich-su/2010-06-23.html,337
Lịch sử giá vàng SJC ngày 24/06/2010,https://giavang.org/trong-nuoc/sjc/lich-su/2010-06-24.html,338
Lịch sử giá vàng SJC ngày 25/06/2010,https://giavang.org/trong-nuoc/sjc/lich-su/2010-06-25.html,339
Lịch sử giá vàng SJC ngày 26/06/2010,https://giavang.org/trong-nuoc/sjc/lich-su/2010-06-26.html,340
Lịch sử giá vàng SJC ngày 27/06/2010,https://giavang.org/trong-nuoc/sjc/lich-su/2010-06-27.html,341
Lịch sử giá vàng SJC ngày 28/06/2010,https://giavang.org/trong-nuoc/sjc/lich-su/2010-06-28.html,342
Lịch sử giá vàng SJC ngày 29/06/2010,https://giavang.org/trong-nuoc/sjc/lich-su/2010-06-29.html,343
Lịch sử giá vàng SJC ngày 30/06/2010,https://giavang.org/trong-nuoc/sjc/lich-su/2010-06-30.html,344
Lịch sử giá vàng SJC ngày 01/07/2010,https://giavang.org/trong-nuoc/sjc/lich-su/2010-07-01.html,345
Lịch sử giá vàng SJC ngày 02/07/2010,https://giavang.org/trong-nuoc/sjc/lich-su/2010-07-02.html,346
Lịch sử giá vàng SJC ngày 03/07/2010,https://giavang.org/trong-nuoc/sjc/lich-su/2010-07-03.html,347
Lịch sử giá vàng SJC ngày 04/07/2010,https://giavang.org/trong-nuoc/sjc/lich-su/2010-07-04.html,348
Lịch sử giá vàng SJC ngày 05/07/2010,https://giavang.org/trong-nuoc/sjc/lich-su/2010-07-05.html,349
Lịch sử giá vàng SJC ngày 06/07/2010,https://giavang.org/trong-nuoc/sjc/lich-su/2010-07-06.html,350
Lịch sử giá vàng SJC ngày 07/07/2010,https://giavang.org/trong-nuoc/sjc/lich-su/2010-07-07.html,351
Lịch sử giá vàng SJC ngày 08/07/2010,https://giavang.org/trong-nuoc/sjc/lich-su/2010-07-08.html,352
Lịch sử giá vàng SJC ngày 09/07/2010,https://giavang.org/trong-nuoc/sjc/lich-su/2010-07-09.html,353
Lịch sử giá vàng SJC ngày 10/07/2010,https://giavang.org/trong-nuoc/sjc/lich-su/2010-07-10.html,354
Lịch sử giá vàng SJC ngày 11/07/2010,https://giavang.org/trong-nuoc/sjc/lich-su/2010-07-11.html,355
Lịch sử giá vàng SJC ngày 12/07/2010,https://giavang.org/trong-nuoc/sjc/lich-su/2010-07-12.html,356
Lịch sử giá vàng SJC ngày 13/07/2010,https://giavang.org/trong-nuoc/sjc/lich-su/2010-07-13.html,357
Lịch sử giá vàng SJC ngày 14/07/2010,https://giavang.org/trong-nuoc/sjc/lich-su/2010-07-14.html,358
Lịch sử giá vàng SJC ngày 15/07/2010,https://giavang.org/trong-nuoc/sjc/lich-su/2010-07-15.html,359
Lịch sử giá vàng SJC ngày 16/07/2010,https://giavang.org/trong-nuoc/sjc/lich-su/2010-07-16.html,360
Lịch sử giá vàng SJC ngày 17/07/2010,https://giavang.org/trong-nuoc/sjc/lich-su/2010-07-17.html,361
Lịch sử giá vàng SJC ngày 18/07/2010,https://giavang.org/trong-nuoc/sjc/lich-su/2010-07-18.html,362
Lịch sử giá vàng SJC ngày 19/07/2010,https://giavang.org/trong-nuoc/sjc/lich-su/2010-07-19.html,363
Lịch sử giá vàng SJC ngày 20/07/2010,https://giavang.org/trong-nuoc/sjc/lich-su/2010-07-20.html,364
Lịch sử giá vàng SJC ngày 21/07/2010,https://giavang.org/trong-nuoc/sjc/lich-su/2010-07-21.html,365
Lịch sử giá vàng SJC ngày 22/07/2010,https://giavang.org/trong-nuoc/sjc/lich-su/2010-07-22.html,366
Lịch sử giá vàng SJC ngày 23/07/2010,https://giavang.org/trong-nuoc/sjc/lich-su/2010-07-23.html,367
Lịch sử giá vàng SJC ngày 24/07/2010,https://giavang.org/trong-nuoc/sjc/lich-su/2010-07-24.html,368
Lịch sử giá vàng SJC ngày 25/07/2010,https://giavang.org/trong-nuoc/sjc/lich-su/2010-07-25.html,369
Lịch sử giá vàng SJC ngày 26/07/2010,https://giavang.org/trong-nuoc/sjc/lich-su/2010-07-26.html,370
Lịch sử giá vàng SJC ngày 27/07/2010,https://giavang.org/trong-nuoc/sjc/lich-su/2010-07-27.html,371
Lịch sử giá vàng SJC ngày 28/07/2010,https://giavang.org/trong-nuoc/sjc/lich-su/2010-07-28.html,372
Lịch sử giá vàng SJC ngày 29/07/2010,https://giavang.org/trong-nuoc/sjc/lich-su/2010-07-29.html,373
Lịch sử giá vàng SJC ngày 30/07/2010,https://giavang.org/trong-nuoc/sjc/lich-su/2010-07-30.html,374
Lịch sử giá vàng SJC ngày 31/07/2010,https://giavang.org/trong-nuoc/sjc/lich-su/2010-07-31.html,375
Lịch sử giá vàng SJC ngày 01/08/2010,https://giavang.org/trong-nuoc/sjc/lich-su/2010-08-01.html,376
Lịch sử giá vàng SJC ngày 02/08/2010,https://giavang.org/trong-nuoc/sjc/lich-su/2010-08-02.html,377
Lịch sử giá vàng SJC ngày 03/08/2010,https://giavang.org/trong-nuoc/sjc/lich-su/2010-08-03.html,378
Lịch sử giá vàng SJC ngày 04/08/2010,https://giavang.org/trong-nuoc/sjc/lich-su/2010-08-04.html,379
Lịch sử giá vàng SJC ngày 05/08/2010,https://giavang.org/trong-nuoc/sjc/lich-su/2010-08-05.html,380
Lịch sử giá vàng SJC ngày 06/08/2010,https://giavang.org/trong-nuoc/sjc/lich-su/2010-08-06.html,381
Lịch sử giá vàng SJC ngày 07/08/2010,https://giavang.org/trong-nuoc/sjc/lich-su/2010-08-07.html,382
Lịch sử giá vàng SJC ngày 08/08/2010,https://giavang.org/trong-nuoc/sjc/lich-su/2010-08-08.html,383
Lịch sử giá vàng SJC ngày 09/08/2010,https://giavang.org/trong-nuoc/sjc/lich-su/2010-08-09.html,384
Lịch sử giá vàng SJC ngày 10/08/2010,https://giavang.org/trong-nuoc/sjc/lich-su/2010-08-10.html,385
Lịch sử giá vàng SJC ngày 11/08/2010,https://giavang.org/trong-nuoc/sjc/lich-su/2010-08-11.html,386
Lịch sử giá vàng SJC ngày 12/08/2010,https://giavang.org/trong-nuoc/sjc/lich-su/2010-08-12.html,387
Lịch sử giá vàng SJC ngày 13/08/2010,https://giavang.org/trong-nuoc/sjc/lich-su/2010-08-13.html,388
Lịch sử giá vàng SJC ngày 14/08/2010,https://giavang.org/trong-nuoc/sjc/lich-su/2010-08-14.html,389
Lịch sử giá vàng SJC ngày 15/08/2010,https://giavang.org/trong-nuoc/sjc/lich-su/2010-08-15.html,390
Lịch sử giá vàng SJC ngày 16/08/2010,https://giavang.org/trong-nuoc/sjc/lich-su/2010-08-16.html,391
Lịch sử giá vàng SJC ngày 17/08/2010,https://giavang.org/trong-nuoc/sjc/lich-su/2010-08-17.html,392
Lịch sử giá vàng SJC ngày 18/08/2010,https://giavang.org/trong-nuoc/sjc/lich-su/2010-08-18.html,393
Lịch sử giá vàng SJC ngày 19/08/2010,https://giavang.org/trong-nuoc/sjc/lich-su/2010-08-19.html,394
Lịch sử giá vàng SJC ngày 20/08/2010,https://giavang.org/trong-nuoc/sjc/lich-su/2010-08-20.html,395
Lịch sử giá vàng SJC ngày 21/08/2010,https://giavang.org/trong-nuoc/sjc/lich-su/2010-08-21.html,396
Lịch sử giá vàng SJC ngày 22/08/2010,https://giavang.org/trong-nuoc/sjc/lich-su/2010-08-22.html,397
Lịch sử giá vàng SJC ngày 23/08/2010,https://giavang.org/trong-nuoc/sjc/lich-su/2010-08-23.html,398
Lịch sử giá vàng SJC ngày 24/08/2010,https://giavang.org/trong-nuoc/sjc/lich-su/2010-08-24.html,399
Lịch sử giá vàng SJC ngày 25/08/2010,https://giavang.org/trong-nuoc/sjc/lich-su/2010-08-25.html,400
Lịch sử giá vàng SJC ngày 26/08/2010,https://giavang.org/trong-nuoc/sjc/lich-su/2010-08-26.html,401
Lịch sử giá vàng SJC ngày 27/08/2010,https://giavang.org/trong-nuoc/sjc/lich-su/2010-08-27.html,402
Lịch sử giá vàng SJC ngày 28/08/2010,https://giavang.org/trong-nuoc/sjc/lich-su/2010-08-28.html,403
Lịch sử giá vàng SJC ngày 29/08/2010,https://giavang.org/trong-nuoc/sjc/lich-su/2010-08-29.html,404
Lịch sử giá vàng SJC ngày 30/08/2010,https://giavang.org/trong-nuoc/sjc/lich-su/2010-08-30.html,405
Lịch sử giá vàng SJC ngày 31/08/2010,https://giavang.org/trong-nuoc/sjc/lich-su/2010-08-31.html,406
Lịch sử giá vàng SJC ngày 01/09/2010,https://giavang.org/trong-nuoc/sjc/lich-su/2010-09-01.html,407
Lịch sử giá vàng SJC ngày 02/09/2010,https://giavang.org/trong-nuoc/sjc/lich-su/2010-09-02.html,408
Lịch sử giá vàng SJC ngày 03/09/2010,https://giavang.org/trong-nuoc/sjc/lich-su/2010-09-03.html,409
Lịch sử giá vàng SJC ngày 04/09/2010,https://giavang.org/trong-nuoc/sjc/lich-su/2010-09-04.html,410
Lịch sử giá vàng SJC ngày 05/09/2010,https://giavang.org/trong-nuoc/sjc/lich-su/2010-09-05.html,411
Lịch sử giá vàng SJC ngày 06/09/2010,https://giavang.org/trong-nuoc/sjc/lich-su/2010-09-06.html,412
Lịch sử giá vàng SJC ngày 07/09/2010,https://giavang.org/trong-nuoc/sjc/lich-su/2010-09-07.html,413
Lịch sử giá vàng SJC ngày 08/09/2010,https://giavang.org/trong-nuoc/sjc/lich-su/2010-09-08.html,414
Lịch sử giá vàng SJC ngày 09/09/2010,https://giavang.org/trong-nuoc/sjc/lich-su/2010-09-09.html,415
Lịch sử giá vàng SJC ngày 10/09/2010,https://giavang.org/trong-nuoc/sjc/lich-su/2010-09-10.html,416
Lịch sử giá vàng SJC ngày 11/09/2010,https://giavang.org/trong-nuoc/sjc/lich-su/2010-09-11.html,417
Lịch sử giá vàng SJC ngày 12/09/2010,https://giavang.org/trong-nuoc/sjc/lich-su/2010-09-12.html,418
Lịch sử giá vàng SJC ngày 13/09/2010,https://giavang.org/trong-nuoc/sjc/lich-su/2010-09-13.html,419
Lịch sử giá vàng SJC ngày 14/09/2010,https://giavang.org/trong-nuoc/sjc/lich-su/2010-09-14.html,420
Lịch sử giá vàng SJC ngày 15/09/2010,https://giavang.org/trong-nuoc/sjc/lich-su/2010-09-15.html,421
Lịch sử giá vàng SJC ngày 16/09/2010,https://giavang.org/trong-nuoc/sjc/lich-su/2010-09-16.html,422
Lịch sử giá vàng SJC ngày 17/09/2010,https://giavang.org/trong-nuoc/sjc/lich-su/2010-09-17.html,423
Lịch sử giá vàng SJC ngày 18/09/2010,https://giavang.org/trong-nuoc/sjc/lich-su/2010-09-18.html,424
Lịch sử giá vàng SJC ngày 19/09/2010,https://giavang.org/trong-nuoc/sjc/lich-su/2010-09-19.html,425
Lịch sử giá vàng SJC ngày 20/09/2010,https://giavang.org/trong-nuoc/sjc/lich-su/2010-09-20.html,426
Lịch sử giá vàng SJC ngày 21/09/2010,https://giavang.org/trong-nuoc/sjc/lich-su/2010-09-21.html,427
Lịch sử giá vàng SJC ngày 22/09/2010,https://giavang.org/trong-nuoc/sjc/lich-su/2010-09-22.html,428
Lịch sử giá vàng SJC ngày 23/09/2010,https://giavang.org/trong-nuoc/sjc/lich-su/2010-09-23.html,429
Lịch sử giá vàng SJC ngày 24/09/2010,https://giavang.org/trong-nuoc/sjc/lich-su/2010-09-24.html,430
Lịch sử giá vàng SJC ngày 25/09/2010,https://giavang.org/trong-nuoc/sjc/lich-su/2010-09-25.html,431
Lịch sử giá vàng SJC ngày 26/09/2010,https://giavang.org/trong-nuoc/sjc/lich-su/2010-09-26.html,432
Lịch sử giá vàng SJC ngày 27/09/2010,https://giavang.org/trong-nuoc/sjc/lich-su/2010-09-27.html,433
Lịch sử giá vàng SJC ngày 28/09/2010,https://giavang.org/trong-nuoc/sjc/lich-su/2010-09-28.html,434
Lịch sử giá vàng SJC ngày 29/09/2010,https://giavang.org/trong-nuoc/sjc/lich-su/2010-09-29.html,435
Lịch sử giá vàng SJC ngày 30/09/2010,https://giavang.org/trong-nuoc/sjc/lich-su/2010-09-30.html,436
Lịch sử giá vàng SJC ngày 01/10/2010,https://giavang.org/trong-nuoc/sjc/lich-su/2010-10-01.html,437
Lịch sử giá vàng SJC ngày 02/10/2010,https://giavang.org/trong-nuoc/sjc/lich-su/2010-10-02.html,438
Lịch sử giá vàng SJC ngày 03/10/2010,https://giavang.org/trong-nuoc/sjc/lich-su/2010-10-03.html,439
Lịch sử giá vàng SJC ngày 04/10/2010,https://giavang.org/trong-nuoc/sjc/lich-su/2010-10-04.html,440
Lịch sử giá vàng SJC ngày 05/10/2010,https://giavang.org/trong-nuoc/sjc/lich-su/2010-10-05.html,441
Lịch sử giá vàng SJC ngày 06/10/2010,https://giavang.org/trong-nuoc/sjc/lich-su/2010-10-06.html,442
Lịch sử giá vàng SJC ngày 07/10/2010,https://giavang.org/trong-nuoc/sjc/lich-su/2010-10-07.html,443
Lịch sử giá vàng SJC ngày 08/10/2010,https://giavang.org/trong-nuoc/sjc/lich-su/2010-10-08.html,444
Lịch sử giá vàng SJC ngày 09/10/2010,https://giavang.org/trong-nuoc/sjc/lich-su/2010-10-09.html,445
Lịch sử giá vàng SJC ngày 10/10/2010,https://giavang.org/trong-nuoc/sjc/lich-su/2010-10-10.html,446
Lịch sử giá vàng SJC ngày 11/10/2010,https://giavang.org/trong-nuoc/sjc/lich-su/2010-10-11.html,447
Lịch sử giá vàng SJC ngày 12/10/2010,https://giavang.org/trong-nuoc/sjc/lich-su/2010-10-12.html,448
Lịch sử giá vàng SJC ngày 13/10/2010,https://giavang.org/trong-nuoc/sjc/lich-su/2010-10-13.html,449
Lịch sử giá vàng SJC ngày 14/10/2010,https://giavang.org/trong-nuoc/sjc/lich-su/2010-10-14.html,450
Lịch sử giá vàng SJC ngày 15/10/2010,https://giavang.org/trong-nuoc/sjc/lich-su/2010-10-15.html,451
Lịch sử giá vàng SJC ngày 16/10/2010,https://giavang.org/trong-nuoc/sjc/lich-su/2010-10-16.html,452
Lịch sử giá vàng SJC ngày 17/10/2010,https://giavang.org/trong-nuoc/sjc/lich-su/2010-10-17.html,453
Lịch sử giá vàng SJC ngày 18/10/2010,https://giavang.org/trong-nuoc/sjc/lich-su/2010-10-18.html,454
Lịch sử giá vàng SJC ngày 19/10/2010,https://giavang.org/trong-nuoc/sjc/lich-su/2010-10-19.html,455
Lịch sử giá vàng SJC ngày 20/10/2010,https://giavang.org/trong-nuoc/sjc/lich-su/2010-10-20.html,456
Lịch sử giá vàng SJC ngày 21/10/2010,https://giavang.org/trong-nuoc/sjc/lich-su/2010-10-21.html,457
Lịch sử giá vàng SJC ngày 22/10/2010,https://giavang.org/trong-nuoc/sjc/lich-su/2010-10-22.html,458
Lịch sử giá vàng SJC ngày 23/10/2010,https://giavang.org/trong-nuoc/sjc/lich-su/2010-10-23.html,459
Lịch sử giá vàng SJC ngày 24/10/2010,https://giavang.org/trong-nuoc/sjc/lich-su/2010-10-24.html,460
Lịch sử giá vàng SJC ngày 25/10/2010,https://giavang.org/trong-nuoc/sjc/lich-su/2010-10-25.html,461
Lịch sử giá vàng SJC ngày 26/10/2010,https://giavang.org/trong-nuoc/sjc/lich-su/2010-10-26.html,462
Lịch sử giá vàng SJC ngày 27/10/2010,https://giavang.org/trong-nuoc/sjc/lich-su/2010-10-27.html,463
Lịch sử giá vàng SJC ngày 28/10/2010,https://giavang.org/trong-nuoc/sjc/lich-su/2010-10-28.html,464
Lịch sử giá vàng SJC ngày 29/10/2010,https://giavang.org/trong-nuoc/sjc/lich-su/2010-10-29.html,465
Lịch sử giá vàng SJC ngày 30/10/2010,https://giavang.org/trong-nuoc/sjc/lich-su/2010-10-30.html,466
Lịch sử giá vàng SJC ngày 31/10/2010,https://giavang.org/trong-nuoc/sjc/lich-su/2010-10-31.html,467
Lịch sử giá vàng SJC ngày 01/11/2010,https://giavang.org/trong-nuoc/sjc/lich-su/2010-11-01.html,468
Lịch sử giá vàng SJC ngày 02/11/2010,https://giavang.org/trong-nuoc/sjc/lich-su/2010-11-02.html,469
Lịch sử giá vàng SJC ngày 03/11/2010,https://giavang.org/trong-nuoc/sjc/lich-su/2010-11-03.html,470
Lịch sử giá vàng SJC ngày 04/11/2010,https://giavang.org/trong-nuoc/sjc/lich-su/2010-11-04.html,471
Lịch sử giá vàng SJC ngày 05/11/2010,https://giavang.org/trong-nuoc/sjc/lich-su/2010-11-05.html,472
Lịch sử giá vàng SJC ngày 06/11/2010,https://giavang.org/trong-nuoc/sjc/lich-su/2010-11-06.html,473
Lịch sử giá vàng SJC ngày 07/11/2010,https://giavang.org/trong-nuoc/sjc/lich-su/2010-11-07.html,474
Lịch sử giá vàng SJC ngày 08/11/2010,https://giavang.org/trong-nuoc/sjc/lich-su/2010-11-08.html,475
Lịch sử giá vàng SJC ngày 09/11/2010,https://giavang.org/trong-nuoc/sjc/lich-su/2010-11-09.html,476
Lịch sử giá vàng SJC ngày 10/11/2010,https://giavang.org/trong-nuoc/sjc/lich-su/2010-11-10.html,477
Lịch sử giá vàng SJC ngày 11/11/2010,https://giavang.org/trong-nuoc/sjc/lich-su/2010-11-11.html,478
Lịch sử giá vàng SJC ngày 12/11/2010,https://giavang.org/trong-nuoc/sjc/lich-su/2010-11-12.html,479
Lịch sử giá vàng SJC ngày 13/11/2010,https://giavang.org/trong-nuoc/sjc/lich-su/2010-11-13.html,480
Lịch sử giá vàng SJC ngày 14/11/2010,https://giavang.org/trong-nuoc/sjc/lich-su/2010-11-14.html,481
Lịch sử giá vàng SJC ngày 15/11/2010,https://giavang.org/trong-nuoc/sjc/lich-su/2010-11-15.html,482
Lịch sử giá vàng SJC ngày 16/11/2010,https://giavang.org/trong-nuoc/sjc/lich-su/2010-11-16.html,483
Lịch sử giá vàng SJC ngày 17/11/2010,https://giavang.org/trong-nuoc/sjc/lich-su/2010-11-17.html,484
Lịch sử giá vàng SJC ngày 18/11/2010,https://giavang.org/trong-nuoc/sjc/lich-su/2010-11-18.html,485
Lịch sử giá vàng SJC ngày 19/11/2010,https://giavang.org/trong-nuoc/sjc/lich-su/2010-11-19.html,486
Lịch sử giá vàng SJC ngày 20/11/2010,https://giavang.org/trong-nuoc/sjc/lich-su/2010-11-20.html,487
Lịch sử giá vàng SJC ngày 21/11/2010,https://giavang.org/trong-nuoc/sjc/lich-su/2010-11-21.html,488
Lịch sử giá vàng SJC ngày 22/11/2010,https://giavang.org/trong-nuoc/sjc/lich-su/2010-11-22.html,489
Lịch sử giá vàng SJC ngày 23/11/2010,https://giavang.org/trong-nuoc/sjc/lich-su/2010-11-23.html,490
Lịch sử giá vàng SJC ngày 24/11/2010,https://giavang.org/trong-nuoc/sjc/lich-su/2010-11-24.html,491
Lịch sử giá vàng SJC ngày 25/11/2010,https://giavang.org/trong-nuoc/sjc/lich-su/2010-11-25.html,492
Lịch sử giá vàng SJC ngày 26/11/2010,https://giavang.org/trong-nuoc/sjc/lich-su/2010-11-26.html,493
Lịch sử giá vàng SJC ngày 27/11/2010,https://giavang.org/trong-nuoc/sjc/lich-su/2010-11-27.html,494
Lịch sử giá vàng SJC ngày 28/11/2010,https://giavang.org/trong-nuoc/sjc/lich-su/2010-11-28.html,495
Lịch sử giá vàng SJC ngày 29/11/2010,https://giavang.org/trong-nuoc/sjc/lich-su/2010-11-29.html,496
Lịch sử giá vàng SJC ngày 30/11/2010,https://giavang.org/trong-nuoc/sjc/lich-su/2010-11-30.html,497
Lịch sử giá vàng SJC ngày 01/12/2010,https://giavang.org/trong-nuoc/sjc/lich-su/2010-12-01.html,498
Lịch sử giá vàng SJC ngày 02/12/2010,https://giavang.org/trong-nuoc/sjc/lich-su/2010-12-02.html,499
Lịch sử giá vàng SJC ngày 03/12/2010,https://giavang.org/trong-nuoc/sjc/lich-su/2010-12-03.html,500
Lịch sử giá vàng SJC ngày 04/12/2010,https://giavang.org/trong-nuoc/sjc/lich-su/2010-12-04.html,501
Lịch sử giá vàng SJC ngày 05/12/2010,https://giavang.org/trong-nuoc/sjc/lich-su/2010-12-05.html,502
Lịch sử giá vàng SJC ngày 06/12/2010,https://giavang.org/trong-nuoc/sjc/lich-su/2010-12-06.html,503
Lịch sử giá vàng SJC ngày 07/12/2010,https://giavang.org/trong-nuoc/sjc/lich-su/2010-12-07.html,504
Lịch sử giá vàng SJC ngày 08/12/2010,https://giavang.org/trong-nuoc/sjc/lich-su/2010-12-08.html,505
Lịch sử giá vàng SJC ngày 09/12/2010,https://giavang.org/trong-nuoc/sjc/lich-su/2010-12-09.html,506
Lịch sử giá vàng SJC ngày 10/12/2010,https://giavang.org/trong-nuoc/sjc/lich-su/2010-12-10.html,507
Lịch sử giá vàng SJC ngày 11/12/2010,https://giavang.org/trong-nuoc/sjc/lich-su/2010-12-11.html,508
Lịch sử giá vàng SJC ngày 12/12/2010,https://giavang.org/trong-nuoc/sjc/lich-su/2010-12-12.html,509
Lịch sử giá vàng SJC ngày 13/12/2010,https://giavang.org/trong-nuoc/sjc/lich-su/2010-12-13.html,510
Lịch sử giá vàng SJC ngày 14/12/2010,https://giavang.org/trong-nuoc/sjc/lich-su/2010-12-14.html,511
Lịch sử giá vàng SJC ngày 15/12/2010,https://giavang.org/trong-nuoc/sjc/lich-su/2010-12-15.html,512
Lịch sử giá vàng SJC ngày 16/12/2010,https://giavang.org/trong-nuoc/sjc/lich-su/2010-12-16.html,513
Lịch sử giá vàng SJC ngày 17/12/2010,https://giavang.org/trong-nuoc/sjc/lich-su/2010-12-17.html,514
Lịch sử giá vàng SJC ngày 18/12/2010,https://giavang.org/trong-nuoc/sjc/lich-su/2010-12-18.html,515
Lịch sử giá vàng SJC ngày 19/12/2010,https://giavang.org/trong-nuoc/sjc/lich-su/2010-12-19.html,516
Lịch sử giá vàng SJC ngày 20/12/2010,https://giavang.org/trong-nuoc/sjc/lich-su/2010-12-20.html,517
Lịch sử giá vàng SJC ngày 21/12/2010,https://giavang.org/trong-nuoc/sjc/lich-su/2010-12-21.html,518
Lịch sử giá vàng SJC ngày 22/12/2010,https://giavang.org/trong-nuoc/sjc/lich-su/2010-12-22.html,519
Lịch sử giá vàng SJC ngày 23/12/2010,https://giavang.org/trong-nuoc/sjc/lich-su/2010-12-23.html,520
Lịch sử giá vàng SJC ngày 24/12/2010,https://giavang.org/trong-nuoc/sjc/lich-su/2010-12-24.html,521
Lịch sử giá vàng SJC ngày 25/12/2010,https://giavang.org/trong-nuoc/sjc/lich-su/2010-12-25.html,522
Lịch sử giá vàng SJC ngày 26/12/2010,https://giavang.org/trong-nuoc/sjc/lich-su/2010-12-26.html,523
Lịch sử giá vàng SJC ngày 27/12/2010,https://giavang.org/trong-nuoc/sjc/lich-su/2010-12-27.html,524
Lịch sử giá vàng SJC ngày 28/12/2010,https://giavang.org/trong-nuoc/sjc/lich-su/2010-12-28.html,525
Lịch sử giá vàng SJC ngày 29/12/2010,https://giavang.org/trong-nuoc/sjc/lich-su/2010-12-29.html,526
Lịch sử giá vàng SJC ngày 30/12/2010,https://giavang.org/trong-nuoc/sjc/lich-su/2010-12-30.html,527
Lịch sử giá vàng SJC ngày 31/12/2010,https://giavang.org/trong-nuoc/sjc/lich-su/2010-12-31.html,528
Lịch sử giá vàng SJC ngày 01/01/2011,https://giavang.org/trong-nuoc/sjc/lich-su/2011-01-01.html,529
Lịch sử giá vàng SJC ngày 02/01/2011,https://giavang.org/trong-nuoc/sjc/lich-su/2011-01-02.html,530
Lịch sử giá vàng SJC ngày 03/01/2011,https://giavang.org/trong-nuoc/sjc/lich-su/2011-01-03.html,531
Lịch sử giá vàng SJC ngày 04/01/2011,https://giavang.org/trong-nuoc/sjc/lich-su/2011-01-04.html,532
Lịch sử giá vàng SJC ngày 05/01/2011,https://giavang.org/trong-nuoc/sjc/lich-su/2011-01-05.html,533
Lịch sử giá vàng SJC ngày 06/01/2011,https://giavang.org/trong-nuoc/sjc/lich-su/2011-01-06.html,534
Lịch sử giá vàng SJC ngày 07/01/2011,https://giavang.org/trong-nuoc/sjc/lich-su/2011-01-07.html,535
Lịch sử giá vàng SJC ngày 08/01/2011,https://giavang.org/trong-nuoc/sjc/lich-su/2011-01-08.html,536
Lịch sử giá vàng SJC ngày 09/01/2011,https://giavang.org/trong-nuoc/sjc/lich-su/2011-01-09.html,537
Lịch sử giá vàng SJC ngày 10/01/2011,https://giavang.org/trong-nuoc/sjc/lich-su/2011-01-10.html,538
Lịch sử giá vàng SJC ngày 11/01/2011,https://giavang.org/trong-nuoc/sjc/lich-su/2011-01-11.html,539
Lịch sử giá vàng SJC ngày 12/01/2011,https://giavang.org/trong-nuoc/sjc/lich-su/2011-01-12.html,540
Lịch sử giá vàng SJC ngày 13/01/2011,https://giavang.org/trong-nuoc/sjc/lich-su/2011-01-13.html,541
Lịch sử giá vàng SJC ngày 14/01/2011,https://giavang.org/trong-nuoc/sjc/lich-su/2011-01-14.html,542
Lịch sử giá vàng SJC ngày 15/01/2011,https://giavang.org/trong-nuoc/sjc/lich-su/2011-01-15.html,543
Lịch sử giá vàng SJC ngày 16/01/2011,https://giavang.org/trong-nuoc/sjc/lich-su/2011-01-16.html,544
Lịch sử giá vàng SJC ngày 17/01/2011,https://giavang.org/trong-nuoc/sjc/lich-su/2011-01-17.html,545
Lịch sử giá vàng SJC ngày 18/01/2011,https://giavang.org/trong-nuoc/sjc/lich-su/2011-01-18.html,546
Lịch sử giá vàng SJC ngày 19/01/2011,https://giavang.org/trong-nuoc/sjc/lich-su/2011-01-19.html,547
Lịch sử giá vàng SJC ngày 20/01/2011,https://giavang.org/trong-nuoc/sjc/lich-su/2011-01-20.html,548
Lịch sử giá vàng SJC ngày 21/01/2011,https://giavang.org/trong-nuoc/sjc/lich-su/2011-01-21.html,549
Lịch sử giá vàng SJC ngày 22/01/2011,https://giavang.org/trong-nuoc/sjc/lich-su/2011-01-22.html,550
Lịch sử giá vàng SJC ngày 23/01/2011,https://giavang.org/trong-nuoc/sjc/lich-su/2011-01-23.html,551
Lịch sử giá vàng SJC ngày 24/01/2011,https://giavang.org/trong-nuoc/sjc/lich-su/2011-01-24.html,552
Lịch sử giá vàng SJC ngày 25/01/2011,https://giavang.org/trong-nuoc/sjc/lich-su/2011-01-25.html,553
Lịch sử giá vàng SJC ngày 26/01/2011,https://giavang.org/trong-nuoc/sjc/lich-su/2011-01-26.html,554
Lịch sử giá vàng SJC ngày 27/01/2011,https://giavang.org/trong-nuoc/sjc/lich-su/2011-01-27.html,555
Lịch sử giá vàng SJC ngày 28/01/2011,https://giavang.org/trong-nuoc/sjc/lich-su/2011-01-28.html,556
Lịch sử giá vàng SJC ngày 29/01/2011,https://giavang.org/trong-nuoc/sjc/lich-su/2011-01-29.html,557
Lịch sử giá vàng SJC ngày 30/01/2011,https://giavang.org/trong-nuoc/sjc/lich-su/2011-01-30.html,558
Lịch sử giá vàng SJC ngày 31/01/2011,https://giavang.org/trong-nuoc/sjc/lich-su/2011-01-31.html,559
Lịch sử giá vàng SJC ngày 01/02/2011,https://giavang.org/trong-nuoc/sjc/lich-su/2011-02-01.html,560
Lịch sử giá vàng SJC ngày 02/02/2011,https://giavang.org/trong-nuoc/sjc/lich-su/2011-02-02.html,561
Lịch sử giá vàng SJC ngày 03/02/2011,https://giavang.org/trong-nuoc/sjc/lich-su/2011-02-03.html,562
Lịch sử giá vàng SJC ngày 04/02/2011,https://giavang.org/trong-nuoc/sjc/lich-su/2011-02-04.html,563
Lịch sử giá vàng SJC ngày 05/02/2011,https://giavang.org/trong-nuoc/sjc/lich-su/2011-02-05.html,564
Lịch sử giá vàng SJC ngày 06/02/2011,https://giavang.org/trong-nuoc/sjc/lich-su/2011-02-06.html,565
Lịch sử giá vàng SJC ngày 07/02/2011,https://giavang.org/trong-nuoc/sjc/lich-su/2011-02-07.html,566
Lịch sử giá vàng SJC ngày 08/02/2011,https://giavang.org/trong-nuoc/sjc/lich-su/2011-02-08.html,567
Lịch sử giá vàng SJC ngày 09/02/2011,https://giavang.org/trong-nuoc/sjc/lich-su/2011-02-09.html,568
Lịch sử giá vàng SJC ngày 10/02/2011,https://giavang.org/trong-nuoc/sjc/lich-su/2011-02-10.html,569
Lịch sử giá vàng SJC ngày 11/02/2011,https://giavang.org/trong-nuoc/sjc/lich-su/2011-02-11.html,570
Lịch sử giá vàng SJC ngày 12/02/2011,https://giavang.org/trong-nuoc/sjc/lich-su/2011-02-12.html,571
Lịch sử giá vàng SJC ngày 13/02/2011,https://giavang.org/trong-nuoc/sjc/lich-su/2011-02-13.html,572
Lịch sử giá vàng SJC ngày 14/02/2011,https://giavang.org/trong-nuoc/sjc/lich-su/2011-02-14.html,573
Lịch sử giá vàng SJC ngày 15/02/2011,https://giavang.org/trong-nuoc/sjc/lich-su/2011-02-15.html,574
Lịch sử giá vàng SJC ngày 16/02/2011,https://giavang.org/trong-nuoc/sjc/lich-su/2011-02-16.html,575
Lịch sử giá vàng SJC ngày 17/02/2011,https://giavang.org/trong-nuoc/sjc/lich-su/2011-02-17.html,576
Lịch sử giá vàng SJC ngày 18/02/2011,https://giavang.org/trong-nuoc/sjc/lich-su/2011-02-18.html,577
Lịch sử giá vàng SJC ngày 19/02/2011,https://giavang.org/trong-nuoc/sjc/lich-su/2011-02-19.html,578
Lịch sử giá vàng SJC ngày 20/02/2011,https://giavang.org/trong-nuoc/sjc/lich-su/2011-02-20.html,579
Lịch sử giá vàng SJC ngày 21/02/2011,https://giavang.org/trong-nuoc/sjc/lich-su/2011-02-21.html,580
Lịch sử giá vàng SJC ngày 22/02/2011,https://giavang.org/trong-nuoc/sjc/lich-su/2011-02-22.html,581
Lịch sử giá vàng SJC ngày 23/02/2011,https://giavang.org/trong-nuoc/sjc/lich-su/2011-02-23.html,582
Lịch sử giá vàng SJC ngày 24/02/2011,https://giavang.org/trong-nuoc/sjc/lich-su/2011-02-24.html,583
Lịch sử giá vàng SJC ngày 25/02/2011,https://giavang.org/trong-nuoc/sjc/lich-su/2011-02-25.html,584
Lịch sử giá vàng SJC ngày 26/02/2011,https://giavang.org/trong-nuoc/sjc/lich-su/2011-02-26.html,585
Lịch sử giá vàng SJC ngày 27/02/2011,https://giavang.org/trong-nuoc/sjc/lich-su/2011-02-27.html,586
Lịch sử giá vàng SJC ngày 28/02/2011,https://giavang.org/trong-nuoc/sjc/lich-su/2011-02-28.html,587
Lịch sử giá vàng SJC ngày 01/03/2011,https://giavang.org/trong-nuoc/sjc/lich-su/2011-03-01.html,588
Lịch sử giá vàng SJC ngày 02/03/2011,https://giavang.org/trong-nuoc/sjc/lich-su/2011-03-02.html,589
Lịch sử giá vàng SJC ngày 03/03/2011,https://giavang.org/trong-nuoc/sjc/lich-su/2011-03-03.html,590
Lịch sử giá vàng SJC ngày 04/03/2011,https://giavang.org/trong-nuoc/sjc/lich-su/2011-03-04.html,591
Lịch sử giá vàng SJC ngày 05/03/2011,https://giavang.org/trong-nuoc/sjc/lich-su/2011-03-05.html,592
Lịch sử giá vàng SJC ngày 06/03/2011,https://giavang.org/trong-nuoc/sjc/lich-su/2011-03-06.html,593
Lịch sử giá vàng SJC ngày 07/03/2011,https://giavang.org/trong-nuoc/sjc/lich-su/2011-03-07.html,594
Lịch sử giá vàng SJC ngày 08/03/2011,https://giavang.org/trong-nuoc/sjc/lich-su/2011-03-08.html,595
Lịch sử giá vàng SJC ngày 09/03/2011,https://giavang.org/trong-nuoc/sjc/lich-su/2011-03-09.html,596
Lịch sử giá vàng SJC ngày 10/03/2011,https://giavang.org/trong-nuoc/sjc/lich-su/2011-03-10.html,597
Lịch sử giá vàng SJC ngày 11/03/2011,https://giavang.org/trong-nuoc/sjc/lich-su/2011-03-11.html,598
Lịch sử giá vàng SJC ngày 12/03/2011,https://giavang.org/trong-nuoc/sjc/lich-su/2011-03-12.html,599
Lịch sử giá vàng SJC ngày 13/03/2011,https://giavang.org/trong-nuoc/sjc/lich-su/2011-03-13.html,600
Lịch sử giá vàng SJC ngày 14/03/2011,https://giavang.org/trong-nuoc/sjc/lich-su/2011-03-14.html,601
Lịch sử giá vàng SJC ngày 15/03/2011,https://giavang.org/trong-nuoc/sjc/lich-su/2011-03-15.html,602
Lịch sử giá vàng SJC ngày 16/03/2011,https://giavang.org/trong-nuoc/sjc/lich-su/2011-03-16.html,603
Lịch sử giá vàng SJC ngày 17/03/2011,https://giavang.org/trong-nuoc/sjc/lich-su/2011-03-17.html,604
Lịch sử giá vàng SJC ngày 18/03/2011,https://giavang.org/trong-nuoc/sjc/lich-su/2011-03-18.html,605
Lịch sử giá vàng SJC ngày 19/03/2011,https://giavang.org/trong-nuoc/sjc/lich-su/2011-03-19.html,606
Lịch sử giá vàng SJC ngày 20/03/2011,https://giavang.org/trong-nuoc/sjc/lich-su/2011-03-20.html,607
Lịch sử giá vàng SJC ngày 21/03/2011,https://giavang.org/trong-nuoc/sjc/lich-su/2011-03-21.html,608
Lịch sử giá vàng SJC ngày 22/03/2011,https://giavang.org/trong-nuoc/sjc/lich-su/2011-03-22.html,609
Lịch sử giá vàng SJC ngày 23/03/2011,https://giavang.org/trong-nuoc/sjc/lich-su/2011-03-23.html,610
Lịch sử giá vàng SJC ngày 24/03/2011,https://giavang.org/trong-nuoc/sjc/lich-su/2011-03-24.html,611
Lịch sử giá vàng SJC ngày 25/03/2011,https://giavang.org/trong-nuoc/sjc/lich-su/2011-03-25.html,612
Lịch sử giá vàng SJC ngày 26/03/2011,https://giavang.org/trong-nuoc/sjc/lich-su/2011-03-26.html,613
Lịch sử giá vàng SJC ngày 27/03/2011,https://giavang.org/trong-nuoc/sjc/lich-su/2011-03-27.html,614
Lịch sử giá vàng SJC ngày 28/03/2011,https://giavang.org/trong-nuoc/sjc/lich-su/2011-03-28.html,615
Lịch sử giá vàng SJC ngày 29/03/2011,https://giavang.org/trong-nuoc/sjc/lich-su/2011-03-29.html,616
Lịch sử giá vàng SJC ngày 30/03/2011,https://giavang.org/trong-nuoc/sjc/lich-su/2011-03-30.html,617
Lịch sử giá vàng SJC ngày 31/03/2011,https://giavang.org/trong-nuoc/sjc/lich-su/2011-03-31.html,618
Lịch sử giá vàng SJC ngày 01/04/2011,https://giavang.org/trong-nuoc/sjc/lich-su/2011-04-01.html,619
Lịch sử giá vàng SJC ngày 02/04/2011,https://giavang.org/trong-nuoc/sjc/lich-su/2011-04-02.html,620
Lịch sử giá vàng SJC ngày 03/04/2011,https://giavang.org/trong-nuoc/sjc/lich-su/2011-04-03.html,621
Lịch sử giá vàng SJC ngày 04/04/2011,https://giavang.org/trong-nuoc/sjc/lich-su/2011-04-04.html,622
Lịch sử giá vàng SJC ngày 05/04/2011,https://giavang.org/trong-nuoc/sjc/lich-su/2011-04-05.html,623
Lịch sử giá vàng SJC ngày 06/04/2011,https://giavang.org/trong-nuoc/sjc/lich-su/2011-04-06.html,624
Lịch sử giá vàng SJC ngày 07/04/2011,https://giavang.org/trong-nuoc/sjc/lich-su/2011-04-07.html,625
Lịch sử giá vàng SJC ngày 08/04/2011,https://giavang.org/trong-nuoc/sjc/lich-su/2011-04-08.html,626
Lịch sử giá vàng SJC ngày 09/04/2011,https://giavang.org/trong-nuoc/sjc/lich-su/2011-04-09.html,627
Lịch sử giá vàng SJC ngày 10/04/2011,https://giavang.org/trong-nuoc/sjc/lich-su/2011-04-10.html,628
Lịch sử giá vàng SJC ngày 11/04/2011,https://giavang.org/trong-nuoc/sjc/lich-su/2011-04-11.html,629
Lịch sử giá vàng SJC ngày 12/04/2011,https://giavang.org/trong-nuoc/sjc/lich-su/2011-04-12.html,630
Lịch sử giá vàng SJC ngày 13/04/2011,https://giavang.org/trong-nuoc/sjc/lich-su/2011-04-13.html,631
Lịch sử giá vàng SJC ngày 14/04/2011,https://giavang.org/trong-nuoc/sjc/lich-su/2011-04-14.html,632
Lịch sử giá vàng SJC ngày 15/04/2011,https://giavang.org/trong-nuoc/sjc/lich-su/2011-04-15.html,633
Lịch sử giá vàng SJC ngày 16/04/2011,https://giavang.org/trong-nuoc/sjc/lich-su/2011-04-16.html,634
Lịch sử giá vàng SJC ngày 17/04/2011,https://giavang.org/trong-nuoc/sjc/lich-su/2011-04-17.html,635
Lịch sử giá vàng SJC ngày 18/04/2011,https://giavang.org/trong-nuoc/sjc/lich-su/2011-04-18.html,636
Lịch sử giá vàng SJC ngày 19/04/2011,https://giavang.org/trong-nuoc/sjc/lich-su/2011-04-19.html,637
Lịch sử giá vàng SJC ngày 20/04/2011,https://giavang.org/trong-nuoc/sjc/lich-su/2011-04-20.html,638
Lịch sử giá vàng SJC ngày 21/04/2011,https://giavang.org/trong-nuoc/sjc/lich-su/2011-04-21.html,639
Lịch sử giá vàng SJC ngày 22/04/2011,https://giavang.org/trong-nuoc/sjc/lich-su/2011-04-22.html,640
Lịch sử giá vàng SJC ngày 23/04/2011,https://giavang.org/trong-nuoc/sjc/lich-su/2011-04-23.html,641
Lịch sử giá vàng SJC ngày 24/04/2011,https://giavang.org/trong-nuoc/sjc/lich-su/2011-04-24.html,642
Lịch sử giá vàng SJC ngày 25/04/2011,https://giavang.org/trong-nuoc/sjc/lich-su/2011-04-25.html,643
Lịch sử giá vàng SJC ngày 26/04/2011,https://giavang.org/trong-nuoc/sjc/lich-su/2011-04-26.html,644
Lịch sử giá vàng SJC ngày 27/04/2011,https://giavang.org/trong-nuoc/sjc/lich-su/2011-04-27.html,645
Lịch sử giá vàng SJC ngày 28/04/2011,https://giavang.org/trong-nuoc/sjc/lich-su/2011-04-28.html,646
Lịch sử giá vàng SJC ngày 29/04/2011,https://giavang.org/trong-nuoc/sjc/lich-su/2011-04-29.html,647
Lịch sử giá vàng SJC ngày 30/04/2011,https://giavang.org/trong-nuoc/sjc/lich-su/2011-04-30.html,648
Lịch sử giá vàng SJC ngày 01/05/2011,https://giavang.org/trong-nuoc/sjc/lich-su/2011-05-01.html,649
Lịch sử giá vàng SJC ngày 02/05/2011,https://giavang.org/trong-nuoc/sjc/lich-su/2011-05-02.html,650
Lịch sử giá vàng SJC ngày 03/05/2011,https://giavang.org/trong-nuoc/sjc/lich-su/2011-05-03.html,651
Lịch sử giá vàng SJC ngày 04/05/2011,https://giavang.org/trong-nuoc/sjc/lich-su/2011-05-04.html,652
Lịch sử giá vàng SJC ngày 05/05/2011,https://giavang.org/trong-nuoc/sjc/lich-su/2011-05-05.html,653
Lịch sử giá vàng SJC ngày 06/05/2011,https://giavang.org/trong-nuoc/sjc/lich-su/2011-05-06.html,654
Lịch sử giá vàng SJC ngày 07/05/2011,https://giavang.org/trong-nuoc/sjc/lich-su/2011-05-07.html,655
Lịch sử giá vàng SJC ngày 08/05/2011,https://giavang.org/trong-nuoc/sjc/lich-su/2011-05-08.html,656
Lịch sử giá vàng SJC ngày 09/05/2011,https://giavang.org/trong-nuoc/sjc/lich-su/2011-05-09.html,657
Lịch sử giá vàng SJC ngày 10/05/2011,https://giavang.org/trong-nuoc/sjc/lich-su/2011-05-10.html,658
Lịch sử giá vàng SJC ngày 11/05/2011,https://giavang.org/trong-nuoc/sjc/lich-su/2011-05-11.html,659
Lịch sử giá vàng SJC ngày 12/05/2011,https://giavang.org/trong-nuoc/sjc/lich-su/2011-05-12.html,660
Lịch sử giá vàng SJC ngày 13/05/2011,https://giavang.org/trong-nuoc/sjc/lich-su/2011-05-13.html,661
Lịch sử giá vàng SJC ngày 14/05/2011,https://giavang.org/trong-nuoc/sjc/lich-su/2011-05-14.html,662
Lịch sử giá vàng SJC ngày 15/05/2011,https://giavang.org/trong-nuoc/sjc/lich-su/2011-05-15.html,663
Lịch sử giá vàng SJC ngày 16/05/2011,https://giavang.org/trong-nuoc/sjc/lich-su/2011-05-16.html,664
Lịch sử giá vàng SJC ngày 17/05/2011,https://giavang.org/trong-nuoc/sjc/lich-su/2011-05-17.html,665
Lịch sử giá vàng SJC ngày 18/05/2011,https://giavang.org/trong-nuoc/sjc/lich-su/2011-05-18.html,666
Lịch sử giá vàng SJC ngày 19/05/2011,https://giavang.org/trong-nuoc/sjc/lich-su/2011-05-19.html,667
Lịch sử giá vàng SJC ngày 20/05/2011,https://giavang.org/trong-nuoc/sjc/lich-su/2011-05-20.html,668
Lịch sử giá vàng SJC ngày 21/05/2011,https://giavang.org/trong-nuoc/sjc/lich-su/2011-05-21.html,669
Lịch sử giá vàng SJC ngày 22/05/2011,https://giavang.org/trong-nuoc/sjc/lich-su/2011-05-22.html,670
Lịch sử giá vàng SJC ngày 23/05/2011,https://giavang.org/trong-nuoc/sjc/lich-su/2011-05-23.html,671
Lịch sử giá vàng SJC ngày 24/05/2011,https://giavang.org/trong-nuoc/sjc/lich-su/2011-05-24.html,672
Lịch sử giá vàng SJC ngày 25/05/2011,https://giavang.org/trong-nuoc/sjc/lich-su/2011-05-25.html,673
Lịch sử giá vàng SJC ngày 26/05/2011,https://giavang.org/trong-nuoc/sjc/lich-su/2011-05-26.html,674
Lịch sử giá vàng SJC ngày 27/05/2011,https://giavang.org/trong-nuoc/sjc/lich-su/2011-05-27.html,675
Lịch sử giá vàng SJC ngày 28/05/2011,https://giavang.org/trong-nuoc/sjc/lich-su/2011-05-28.html,676
Lịch sử giá vàng SJC ngày 29/05/2011,https://giavang.org/trong-nuoc/sjc/lich-su/2011-05-29.html,677
Lịch sử giá vàng SJC ngày 30/05/2011,https://giavang.org/trong-nuoc/sjc/lich-su/2011-05-30.html,678
Lịch sử giá vàng SJC ngày 31/05/2011,https://giavang.org/trong-nuoc/sjc/lich-su/2011-05-31.html,679
Lịch sử giá vàng SJC ngày 01/06/2011,https://giavang.org/trong-nuoc/sjc/lich-su/2011-06-01.html,680
Lịch sử giá vàng SJC ngày 02/06/2011,https://giavang.org/trong-nuoc/sjc/lich-su/2011-06-02.html,681
Lịch sử giá vàng SJC ngày 03/06/2011,https://giavang.org/trong-nuoc/sjc/lich-su/2011-06-03.html,682
Lịch sử giá vàng SJC ngày 04/06/2011,https://giavang.org/trong-nuoc/sjc/lich-su/2011-06-04.html,683
Lịch sử giá vàng SJC ngày 05/06/2011,https://giavang.org/trong-nuoc/sjc/lich-su/2011-06-05.html,684
Lịch sử giá vàng SJC ngày 06/06/2011,https://giavang.org/trong-nuoc/sjc/lich-su/2011-06-06.html,685
Lịch sử giá vàng SJC ngày 07/06/2011,https://giavang.org/trong-nuoc/sjc/lich-su/2011-06-07.html,686
Lịch sử giá vàng SJC ngày 08/06/2011,https://giavang.org/trong-nuoc/sjc/lich-su/2011-06-08.html,687
Lịch sử giá vàng SJC ngày 09/06/2011,https://giavang.org/trong-nuoc/sjc/lich-su/2011-06-09.html,688
Lịch sử giá vàng SJC ngày 10/06/2011,https://giavang.org/trong-nuoc/sjc/lich-su/2011-06-10.html,689
Lịch sử giá vàng SJC ngày 11/06/2011,https://giavang.org/trong-nuoc/sjc/lich-su/2011-06-11.html,690
Lịch sử giá vàng SJC ngày 12/06/2011,https://giavang.org/trong-nuoc/sjc/lich-su/2011-06-12.html,691
Lịch sử giá vàng SJC ngày 13/06/2011,https://giavang.org/trong-nuoc/sjc/lich-su/2011-06-13.html,692
Lịch sử giá vàng SJC ngày 14/06/2011,https://giavang.org/trong-nuoc/sjc/lich-su/2011-06-14.html,693
Lịch sử giá vàng SJC ngày 15/06/2011,https://giavang.org/trong-nuoc/sjc/lich-su/2011-06-15.html,694
Lịch sử giá vàng SJC ngày 16/06/2011,https://giavang.org/trong-nuoc/sjc/lich-su/2011-06-16.html,695
Lịch sử giá vàng SJC ngày 17/06/2011,https://giavang.org/trong-nuoc/sjc/lich-su/2011-06-17.html,696
Lịch sử giá vàng SJC ngày 18/06/2011,https://giavang.org/trong-nuoc/sjc/lich-su/2011-06-18.html,697
Lịch sử giá vàng SJC ngày 19/06/2011,https://giavang.org/trong-nuoc/sjc/lich-su/2011-06-19.html,698
Lịch sử giá vàng SJC ngày 20/06/2011,https://giavang.org/trong-nuoc/sjc/lich-su/2011-06-20.html,699
Lịch sử giá vàng SJC ngày 21/06/2011,https://giavang.org/trong-nuoc/sjc/lich-su/2011-06-21.html,700
Lịch sử giá vàng SJC ngày 22/06/2011,https://giavang.org/trong-nuoc/sjc/lich-su/2011-06-22.html,701
Lịch sử giá vàng SJC ngày 23/06/2011,https://giavang.org/trong-nuoc/sjc/lich-su/2011-06-23.html,702
Lịch sử giá vàng SJC ngày 24/06/2011,https://giavang.org/trong-nuoc/sjc/lich-su/2011-06-24.html,703
Lịch sử giá vàng SJC ngày 25/06/2011,https://giavang.org/trong-nuoc/sjc/lich-su/2011-06-25.html,704
Lịch sử giá vàng SJC ngày 26/06/2011,https://giavang.org/trong-nuoc/sjc/lich-su/2011-06-26.html,705
Lịch sử giá vàng SJC ngày 27/06/2011,https://giavang.org/trong-nuoc/sjc/lich-su/2011-06-27.html,706
Lịch sử giá vàng SJC ngày 28/06/2011,https://giavang.org/trong-nuoc/sjc/lich-su/2011-06-28.html,707
Lịch sử giá vàng SJC ngày 29/06/2011,https://giavang.org/trong-nuoc/sjc/lich-su/2011-06-29.html,708
Lịch sử giá vàng SJC ngày 30/06/2011,https://giavang.org/trong-nuoc/sjc/lich-su/2011-06-30.html,709
Lịch sử giá vàng SJC ngày 01/07/2011,https://giavang.org/trong-nuoc/sjc/lich-su/2011-07-01.html,710
Lịch sử giá vàng SJC ngày 02/07/2011,https://giavang.org/trong-nuoc/sjc/lich-su/2011-07-02.html,711
Lịch sử giá vàng SJC ngày 03/07/2011,https://giavang.org/trong-nuoc/sjc/lich-su/2011-07-03.html,712
Lịch sử giá vàng SJC ngày 04/07/2011,https://giavang.org/trong-nuoc/sjc/lich-su/2011-07-04.html,713
Lịch sử giá vàng SJC ngày 05/07/2011,https://giavang.org/trong-nuoc/sjc/lich-su/2011-07-05.html,714
Lịch sử giá vàng SJC ngày 06/07/2011,https://giavang.org/trong-nuoc/sjc/lich-su/2011-07-06.html,715
Lịch sử giá vàng SJC ngày 07/07/2011,https://giavang.org/trong-nuoc/sjc/lich-su/2011-07-07.html,716
Lịch sử giá vàng SJC ngày 08/07/2011,https://giavang.org/trong-nuoc/sjc/lich-su/2011-07-08.html,717
Lịch sử giá vàng SJC ngày 09/07/2011,https://giavang.org/trong-nuoc/sjc/lich-su/2011-07-09.html,718
Lịch sử giá vàng SJC ngày 10/07/2011,https://giavang.org/trong-nuoc/sjc/lich-su/2011-07-10.html,719
Lịch sử giá vàng SJC ngày 11/07/2011,https://giavang.org/trong-nuoc/sjc/lich-su/2011-07-11.html,720
Lịch sử giá vàng SJC ngày 12/07/2011,https://giavang.org/trong-nuoc/sjc/lich-su/2011-07-12.html,721
Lịch sử giá vàng SJC ngày 13/07/2011,https://giavang.org/trong-nuoc/sjc/lich-su/2011-07-13.html,722
Lịch sử giá vàng SJC ngày 14/07/2011,https://giavang.org/trong-nuoc/sjc/lich-su/2011-07-14.html,723
Lịch sử giá vàng SJC ngày 15/07/2011,https://giavang.org/trong-nuoc/sjc/lich-su/2011-07-15.html,724
Lịch sử giá vàng SJC ngày 16/07/2011,https://giavang.org/trong-nuoc/sjc/lich-su/2011-07-16.html,725
Lịch sử giá vàng SJC ngày 17/07/2011,https://giavang.org/trong-nuoc/sjc/lich-su/2011-07-17.html,726
Lịch sử giá vàng SJC ngày 18/07/2011,https://giavang.org/trong-nuoc/sjc/lich-su/2011-07-18.html,727
Lịch sử giá vàng SJC ngày 19/07/2011,https://giavang.org/trong-nuoc/sjc/lich-su/2011-07-19.html,728
Lịch sử giá vàng SJC ngày 20/07/2011,https://giavang.org/trong-nuoc/sjc/lich-su/2011-07-20.html,729
Lịch sử giá vàng SJC ngày 21/07/2011,https://giavang.org/trong-nuoc/sjc/lich-su/2011-07-21.html,730
Lịch sử giá vàng SJC ngày 22/07/2011,https://giavang.org/trong-nuoc/sjc/lich-su/2011-07-22.html,731
Lịch sử giá vàng SJC ngày 23/07/2011,https://giavang.org/trong-nuoc/sjc/lich-su/2011-07-23.html,732
Lịch sử giá vàng SJC ngày 24/07/2011,https://giavang.org/trong-nuoc/sjc/lich-su/2011-07-24.html,733
Lịch sử giá vàng SJC ngày 25/07/2011,https://giavang.org/trong-nuoc/sjc/lich-su/2011-07-25.html,734
Lịch sử giá vàng SJC ngày 26/07/2011,https://giavang.org/trong-nuoc/sjc/lich-su/2011-07-26.html,735
Lịch sử giá vàng SJC ngày 27/07/2011,https://giavang.org/trong-nuoc/sjc/lich-su/2011-07-27.html,736
Lịch sử giá vàng SJC ngày 28/07/2011,https://giavang.org/trong-nuoc/sjc/lich-su/2011-07-28.html,737
Lịch sử giá vàng SJC ngày 29/07/2011,https://giavang.org/trong-nuoc/sjc/lich-su/2011-07-29.html,738
Lịch sử giá vàng SJC ngày 30/07/2011,https://giavang.org/trong-nuoc/sjc/lich-su/2011-07-30.html,739
Lịch sử giá vàng SJC ngày 31/07/2011,https://giavang.org/trong-nuoc/sjc/lich-su/2011-07-31.html,740
Lịch sử giá vàng SJC ngày 01/08/2011,https://giavang.org/trong-nuoc/sjc/lich-su/2011-08-01.html,741
Lịch sử giá vàng SJC ngày 02/08/2011,https://giavang.org/trong-nuoc/sjc/lich-su/2011-08-02.html,742
Lịch sử giá vàng SJC ngày 03/08/2011,https://giavang.org/trong-nuoc/sjc/lich-su/2011-08-03.html,743
Lịch sử giá vàng SJC ngày 04/08/2011,https://giavang.org/trong-nuoc/sjc/lich-su/2011-08-04.html,744
Lịch sử giá vàng SJC ngày 05/08/2011,https://giavang.org/trong-nuoc/sjc/lich-su/2011-08-05.html,745
Lịch sử giá vàng SJC ngày 06/08/2011,https://giavang.org/trong-nuoc/sjc/lich-su/2011-08-06.html,746
Lịch sử giá vàng SJC ngày 07/08/2011,https://giavang.org/trong-nuoc/sjc/lich-su/2011-08-07.html,747
Lịch sử giá vàng SJC ngày 08/08/2011,https://giavang.org/trong-nuoc/sjc/lich-su/2011-08-08.html,748
Lịch sử giá vàng SJC ngày 09/08/2011,https://giavang.org/trong-nuoc/sjc/lich-su/2011-08-09.html,749
Lịch sử giá vàng SJC ngày 10/08/2011,https://giavang.org/trong-nuoc/sjc/lich-su/2011-08-10.html,750
Lịch sử giá vàng SJC ngày 11/08/2011,https://giavang.org/trong-nuoc/sjc/lich-su/2011-08-11.html,751
Lịch sử giá vàng SJC ngày 12/08/2011,https://giavang.org/trong-nuoc/sjc/lich-su/2011-08-12.html,752
Lịch sử giá vàng SJC ngày 13/08/2011,https://giavang.org/trong-nuoc/sjc/lich-su/2011-08-13.html,753
Lịch sử giá vàng SJC ngày 14/08/2011,https://giavang.org/trong-nuoc/sjc/lich-su/2011-08-14.html,754
Lịch sử giá vàng SJC ngày 15/08/2011,https://giavang.org/trong-nuoc/sjc/lich-su/2011-08-15.html,755
Lịch sử giá vàng SJC ngày 16/08/2011,https://giavang.org/trong-nuoc/sjc/lich-su/2011-08-16.html,756
Lịch sử giá vàng SJC ngày 17/08/2011,https://giavang.org/trong-nuoc/sjc/lich-su/2011-08-17.html,757
Lịch sử giá vàng SJC ngày 18/08/2011,https://giavang.org/trong-nuoc/sjc/lich-su/2011-08-18.html,758
Lịch sử giá vàng SJC ngày 19/08/2011,https://giavang.org/trong-nuoc/sjc/lich-su/2011-08-19.html,759
Lịch sử giá vàng SJC ngày 20/08/2011,https://giavang.org/trong-nuoc/sjc/lich-su/2011-08-20.html,760
Lịch sử giá vàng SJC ngày 21/08/2011,https://giavang.org/trong-nuoc/sjc/lich-su/2011-08-21.html,761
Lịch sử giá vàng SJC ngày 22/08/2011,https://giavang.org/trong-nuoc/sjc/lich-su/2011-08-22.html,762
Lịch sử giá vàng SJC ngày 23/08/2011,https://giavang.org/trong-nuoc/sjc/lich-su/2011-08-23.html,763
Lịch sử giá vàng SJC ngày 24/08/2011,https://giavang.org/trong-nuoc/sjc/lich-su/2011-08-24.html,764
Lịch sử giá vàng SJC ngày 25/08/2011,https://giavang.org/trong-nuoc/sjc/lich-su/2011-08-25.html,765
Lịch sử giá vàng SJC ngày 26/08/2011,https://giavang.org/trong-nuoc/sjc/lich-su/2011-08-26.html,766
Lịch sử giá vàng SJC ngày 27/08/2011,https://giavang.org/trong-nuoc/sjc/lich-su/2011-08-27.html,767
Lịch sử giá vàng SJC ngày 28/08/2011,https://giavang.org/trong-nuoc/sjc/lich-su/2011-08-28.html,768
Lịch sử giá vàng SJC ngày 29/08/2011,https://giavang.org/trong-nuoc/sjc/lich-su/2011-08-29.html,769
Lịch sử giá vàng SJC ngày 30/08/2011,https://giavang.org/trong-nuoc/sjc/lich-su/2011-08-30.html,770
Lịch sử giá vàng SJC ngày 31/08/2011,https://giavang.org/trong-nuoc/sjc/lich-su/2011-08-31.html,771
Lịch sử giá vàng SJC ngày 01/09/2011,https://giavang.org/trong-nuoc/sjc/lich-su/2011-09-01.html,772
Lịch sử giá vàng SJC ngày 02/09/2011,https://giavang.org/trong-nuoc/sjc/lich-su/2011-09-02.html,773
Lịch sử giá vàng SJC ngày 03/09/2011,https://giavang.org/trong-nuoc/sjc/lich-su/2011-09-03.html,774
Lịch sử giá vàng SJC ngày 04/09/2011,https://giavang.org/trong-nuoc/sjc/lich-su/2011-09-04.html,775
Lịch sử giá vàng SJC ngày 05/09/2011,https://giavang.org/trong-nuoc/sjc/lich-su/2011-09-05.html,776
Lịch sử giá vàng SJC ngày 06/09/2011,https://giavang.org/trong-nuoc/sjc/lich-su/2011-09-06.html,777
Lịch sử giá vàng SJC ngày 07/09/2011,https://giavang.org/trong-nuoc/sjc/lich-su/2011-09-07.html,778
Lịch sử giá vàng SJC ngày 08/09/2011,https://giavang.org/trong-nuoc/sjc/lich-su/2011-09-08.html,779
Lịch sử giá vàng SJC ngày 09/09/2011,https://giavang.org/trong-nuoc/sjc/lich-su/2011-09-09.html,780
Lịch sử giá vàng SJC ngày 10/09/2011,https://giavang.org/trong-nuoc/sjc/lich-su/2011-09-10.html,781
Lịch sử giá vàng SJC ngày 11/09/2011,https://giavang.org/trong-nuoc/sjc/lich-su/2011-09-11.html,782
Lịch sử giá vàng SJC ngày 12/09/2011,https://giavang.org/trong-nuoc/sjc/lich-su/2011-09-12.html,783
Lịch sử giá vàng SJC ngày 13/09/2011,https://giavang.org/trong-nuoc/sjc/lich-su/2011-09-13.html,784
Lịch sử giá vàng SJC ngày 14/09/2011,https://giavang.org/trong-nuoc/sjc/lich-su/2011-09-14.html,785
Lịch sử giá vàng SJC ngày 15/09/2011,https://giavang.org/trong-nuoc/sjc/lich-su/2011-09-15.html,786
Lịch sử giá vàng SJC ngày 16/09/2011,https://giavang.org/trong-nuoc/sjc/lich-su/2011-09-16.html,787
Lịch sử giá vàng SJC ngày 17/09/2011,https://giavang.org/trong-nuoc/sjc/lich-su/2011-09-17.html,788
Lịch sử giá vàng SJC ngày 18/09/2011,https://giavang.org/trong-nuoc/sjc/lich-su/2011-09-18.html,789
Lịch sử giá vàng SJC ngày 19/09/2011,https://giavang.org/trong-nuoc/sjc/lich-su/2011-09-19.html,790
Lịch sử giá vàng SJC ngày 20/09/2011,https://giavang.org/trong-nuoc/sjc/lich-su/2011-09-20.html,791
Lịch sử giá vàng SJC ngày 21/09/2011,https://giavang.org/trong-nuoc/sjc/lich-su/2011-09-21.html,792
Lịch sử giá vàng SJC ngày 22/09/2011,https://giavang.org/trong-nuoc/sjc/lich-su/2011-09-22.html,793
Lịch sử giá vàng SJC ngày 23/09/2011,https://giavang.org/trong-nuoc/sjc/lich-su/2011-09-23.html,794
Lịch sử giá vàng SJC ngày 24/09/2011,https://giavang.org/trong-nuoc/sjc/lich-su/2011-09-24.html,795
Lịch sử giá vàng SJC ngày 25/09/2011,https://giavang.org/trong-nuoc/sjc/lich-su/2011-09-25.html,796
Lịch sử giá vàng SJC ngày 26/09/2011,https://giavang.org/trong-nuoc/sjc/lich-su/2011-09-26.html,797
Lịch sử giá vàng SJC ngày 27/09/2011,https://giavang.org/trong-nuoc/sjc/lich-su/2011-09-27.html,798
Lịch sử giá vàng SJC ngày 28/09/2011,https://giavang.org/trong-nuoc/sjc/lich-su/2011-09-28.html,799
Lịch sử giá vàng SJC ngày 29/09/2011,https://giavang.org/trong-nuoc/sjc/lich-su/2011-09-29.html,800
Lịch sử giá vàng SJC ngày 30/09/2011,https://giavang.org/trong-nuoc/sjc/lich-su/2011-09-30.html,801
Lịch sử giá vàng SJC ngày 01/10/2011,https://giavang.org/trong-nuoc/sjc/lich-su/2011-10-01.html,802
Lịch sử giá vàng SJC ngày 02/10/2011,https://giavang.org/trong-nuoc/sjc/lich-su/2011-10-02.html,803
Lịch sử giá vàng SJC ngày 03/10/2011,https://giavang.org/trong-nuoc/sjc/lich-su/2011-10-03.html,804
Lịch sử giá vàng SJC ngày 04/10/2011,https://giavang.org/trong-nuoc/sjc/lich-su/2011-10-04.html,805
Lịch sử giá vàng SJC ngày 05/10/2011,https://giavang.org/trong-nuoc/sjc/lich-su/2011-10-05.html,806
Lịch sử giá vàng SJC ngày 06/10/2011,https://giavang.org/trong-nuoc/sjc/lich-su/2011-10-06.html,807
Lịch sử giá vàng SJC ngày 07/10/2011,https://giavang.org/trong-nuoc/sjc/lich-su/2011-10-07.html,808
Lịch sử giá vàng SJC ngày 08/10/2011,https://giavang.org/trong-nuoc/sjc/lich-su/2011-10-08.html,809
Lịch sử giá vàng SJC ngày 09/10/2011,https://giavang.org/trong-nuoc/sjc/lich-su/2011-10-09.html,810
Lịch sử giá vàng SJC ngày 10/10/2011,https://giavang.org/trong-nuoc/sjc/lich-su/2011-10-10.html,811
Lịch sử giá vàng SJC ngày 11/10/2011,https://giavang.org/trong-nuoc/sjc/lich-su/2011-10-11.html,812
Lịch sử giá vàng SJC ngày 12/10/2011,https://giavang.org/trong-nuoc/sjc/lich-su/2011-10-12.html,813
Lịch sử giá vàng SJC ngày 13/10/2011,https://giavang.org/trong-nuoc/sjc/lich-su/2011-10-13.html,814
Lịch sử giá vàng SJC ngày 14/10/2011,https://giavang.org/trong-nuoc/sjc/lich-su/2011-10-14.html,815
Lịch sử giá vàng SJC ngày 15/10/2011,https://giavang.org/trong-nuoc/sjc/lich-su/2011-10-15.html,816
Lịch sử giá vàng SJC ngày 16/10/2011,https://giavang.org/trong-nuoc/sjc/lich-su/2011-10-16.html,817
Lịch sử giá vàng SJC ngày 17/10/2011,https://giavang.org/trong-nuoc/sjc/lich-su/2011-10-17.html,818
Lịch sử giá vàng SJC ngày 18/10/2011,https://giavang.org/trong-nuoc/sjc/lich-su/2011-10-18.html,819
Lịch sử giá vàng SJC ngày 19/10/2011,https://giavang.org/trong-nuoc/sjc/lich-su/2011-10-19.html,820
Lịch sử giá vàng SJC ngày 20/10/2011,https://giavang.org/trong-nuoc/sjc/lich-su/2011-10-20.html,821
Lịch sử giá vàng SJC ngày 21/10/2011,https://giavang.org/trong-nuoc/sjc/lich-su/2011-10-21.html,822
Lịch sử giá vàng SJC ngày 22/10/2011,https://giavang.org/trong-nuoc/sjc/lich-su/2011-10-22.html,823
Lịch sử giá vàng SJC ngày 23/10/2011,https://giavang.org/trong-nuoc/sjc/lich-su/2011-10-23.html,824
Lịch sử giá vàng SJC ngày 24/10/2011,https://giavang.org/trong-nuoc/sjc/lich-su/2011-10-24.html,825
Lịch sử giá vàng SJC ngày 25/10/2011,https://giavang.org/trong-nuoc/sjc/lich-su/2011-10-25.html,826
Lịch sử giá vàng SJC ngày 26/10/2011,https://giavang.org/trong-nuoc/sjc/lich-su/2011-10-26.html,827
Lịch sử giá vàng SJC ngày 27/10/2011,https://giavang.org/trong-nuoc/sjc/lich-su/2011-10-27.html,828
Lịch sử giá vàng SJC ngày 28/10/2011,https://giavang.org/trong-nuoc/sjc/lich-su/2011-10-28.html,829
Lịch sử giá vàng SJC ngày 29/10/2011,https://giavang.org/trong-nuoc/sjc/lich-su/2011-10-29.html,830
Lịch sử giá vàng SJC ngày 30/10/2011,https://giavang.org/trong-nuoc/sjc/lich-su/2011-10-30.html,831
Lịch sử giá vàng SJC ngày 31/10/2011,https://giavang.org/trong-nuoc/sjc/lich-su/2011-10-31.html,832
Lịch sử giá vàng SJC ngày 01/11/2011,https://giavang.org/trong-nuoc/sjc/lich-su/2011-11-01.html,833
Lịch sử giá vàng SJC ngày 02/11/2011,https://giavang.org/trong-nuoc/sjc/lich-su/2011-11-02.html,834
Lịch sử giá vàng SJC ngày 03/11/2011,https://giavang.org/trong-nuoc/sjc/lich-su/2011-11-03.html,835
Lịch sử giá vàng SJC ngày 04/11/2011,https://giavang.org/trong-nuoc/sjc/lich-su/2011-11-04.html,836
Lịch sử giá vàng SJC ngày 05/11/2011,https://giavang.org/trong-nuoc/sjc/lich-su/2011-11-05.html,837
Lịch sử giá vàng SJC ngày 06/11/2011,https://giavang.org/trong-nuoc/sjc/lich-su/2011-11-06.html,838
Lịch sử giá vàng SJC ngày 07/11/2011,https://giavang.org/trong-nuoc/sjc/lich-su/2011-11-07.html,839
Lịch sử giá vàng SJC ngày 08/11/2011,https://giavang.org/trong-nuoc/sjc/lich-su/2011-11-08.html,840
Lịch sử giá vàng SJC ngày 09/11/2011,https://giavang.org/trong-nuoc/sjc/lich-su/2011-11-09.html,841
Lịch sử giá vàng SJC ngày 10/11/2011,https://giavang.org/trong-nuoc/sjc/lich-su/2011-11-10.html,842
Lịch sử giá vàng SJC ngày 11/11/2011,https://giavang.org/trong-nuoc/sjc/lich-su/2011-11-11.html,843
Lịch sử giá vàng SJC ngày 12/11/2011,https://giavang.org/trong-nuoc/sjc/lich-su/2011-11-12.html,844
Lịch sử giá vàng SJC ngày 13/11/2011,https://giavang.org/trong-nuoc/sjc/lich-su/2011-11-13.html,845
Lịch sử giá vàng SJC ngày 14/11/2011,https://giavang.org/trong-nuoc/sjc/lich-su/2011-11-14.html,846
Lịch sử giá vàng SJC ngày 15/11/2011,https://giavang.org/trong-nuoc/sjc/lich-su/2011-11-15.html,847
Lịch sử giá vàng SJC ngày 16/11/2011,https://giavang.org/trong-nuoc/sjc/lich-su/2011-11-16.html,848
Lịch sử giá vàng SJC ngày 17/11/2011,https://giavang.org/trong-nuoc/sjc/lich-su/2011-11-17.html,849
Lịch sử giá vàng SJC ngày 18/11/2011,https://giavang.org/trong-nuoc/sjc/lich-su/2011-11-18.html,850
Lịch sử giá vàng SJC ngày 19/11/2011,https://giavang.org/trong-nuoc/sjc/lich-su/2011-11-19.html,851
Lịch sử giá vàng SJC ngày 20/11/2011,https://giavang.org/trong-nuoc/sjc/lich-su/2011-11-20.html,852
Lịch sử giá vàng SJC ngày 21/11/2011,https://giavang.org/trong-nuoc/sjc/lich-su/2011-11-21.html,853
Lịch sử giá vàng SJC ngày 22/11/2011,https://giavang.org/trong-nuoc/sjc/lich-su/2011-11-22.html,854
Lịch sử giá vàng SJC ngày 23/11/2011,https://giavang.org/trong-nuoc/sjc/lich-su/2011-11-23.html,855
Lịch sử giá vàng SJC ngày 24/11/2011,https://giavang.org/trong-nuoc/sjc/lich-su/2011-11-24.html,856
Lịch sử giá vàng SJC ngày 25/11/2011,https://giavang.org/trong-nuoc/sjc/lich-su/2011-11-25.html,857
Lịch sử giá vàng SJC ngày 26/11/2011,https://giavang.org/trong-nuoc/sjc/lich-su/2011-11-26.html,858
Lịch sử giá vàng SJC ngày 27/11/2011,https://giavang.org/trong-nuoc/sjc/lich-su/2011-11-27.html,859
Lịch sử giá vàng SJC ngày 28/11/2011,https://giavang.org/trong-nuoc/sjc/lich-su/2011-11-28.html,860
Lịch sử giá vàng SJC ngày 29/11/2011,https://giavang.org/trong-nuoc/sjc/lich-su/2011-11-29.html,861
Lịch sử giá vàng SJC ngày 30/11/2011,https://giavang.org/trong-nuoc/sjc/lich-su/2011-11-30.html,862
Lịch sử giá vàng SJC ngày 01/12/2011,https://giavang.org/trong-nuoc/sjc/lich-su/2011-12-01.html,863
Lịch sử giá vàng SJC ngày 02/12/2011,https://giavang.org/trong-nuoc/sjc/lich-su/2011-12-02.html,864
Lịch sử giá vàng SJC ngày 03/12/2011,https://giavang.org/trong-nuoc/sjc/lich-su/2011-12-03.html,865
Lịch sử giá vàng SJC ngày 04/12/2011,https://giavang.org/trong-nuoc/sjc/lich-su/2011-12-04.html,866
Lịch sử giá vàng SJC ngày 05/12/2011,https://giavang.org/trong-nuoc/sjc/lich-su/2011-12-05.html,867
Lịch sử giá vàng SJC ngày 06/12/2011,https://giavang.org/trong-nuoc/sjc/lich-su/2011-12-06.html,868
Lịch sử giá vàng SJC ngày 07/12/2011,https://giavang.org/trong-nuoc/sjc/lich-su/2011-12-07.html,869
Lịch sử giá vàng SJC ngày 08/12/2011,https://giavang.org/trong-nuoc/sjc/lich-su/2011-12-08.html,870
Lịch sử giá vàng SJC ngày 09/12/2011,https://giavang.org/trong-nuoc/sjc/lich-su/2011-12-09.html,871
Lịch sử giá vàng SJC ngày 10/12/2011,https://giavang.org/trong-nuoc/sjc/lich-su/2011-12-10.html,872
Lịch sử giá vàng SJC ngày 11/12/2011,https://giavang.org/trong-nuoc/sjc/lich-su/2011-12-11.html,873
Lịch sử giá vàng SJC ngày 12/12/2011,https://giavang.org/trong-nuoc/sjc/lich-su/2011-12-12.html,874
Lịch sử giá vàng SJC ngày 13/12/2011,https://giavang.org/trong-nuoc/sjc/lich-su/2011-12-13.html,875
Lịch sử giá vàng SJC ngày 14/12/2011,https://giavang.org/trong-nuoc/sjc/lich-su/2011-12-14.html,876
Lịch sử giá vàng SJC ngày 15/12/2011,https://giavang.org/trong-nuoc/sjc/lich-su/2011-12-15.html,877
Lịch sử giá vàng SJC ngày 16/12/2011,https://giavang.org/trong-nuoc/sjc/lich-su/2011-12-16.html,878
Lịch sử giá vàng SJC ngày 17/12/2011,https://giavang.org/trong-nuoc/sjc/lich-su/2011-12-17.html,879
Lịch sử giá vàng SJC ngày 18/12/2011,https://giavang.org/trong-nuoc/sjc/lich-su/2011-12-18.html,880
Lịch sử giá vàng SJC ngày 19/12/2011,https://giavang.org/trong-nuoc/sjc/lich-su/2011-12-19.html,881
Lịch sử giá vàng SJC ngày 20/12/2011,https://giavang.org/trong-nuoc/sjc/lich-su/2011-12-20.html,882
Lịch sử giá vàng SJC ngày 21/12/2011,https://giavang.org/trong-nuoc/sjc/lich-su/2011-12-21.html,883
Lịch sử giá vàng SJC ngày 22/12/2011,https://giavang.org/trong-nuoc/sjc/lich-su/2011-12-22.html,884
Lịch sử giá vàng SJC ngày 23/12/2011,https://giavang.org/trong-nuoc/sjc/lich-su/2011-12-23.html,885
Lịch sử giá vàng SJC ngày 24/12/2011,https://giavang.org/trong-nuoc/sjc/lich-su/2011-12-24.html,886
Lịch sử giá vàng SJC ngày 25/12/2011,https://giavang.org/trong-nuoc/sjc/lich-su/2011-12-25.html,887
Lịch sử giá vàng SJC ngày 26/12/2011,https://giavang.org/trong-nuoc/sjc/lich-su/2011-12-26.html,888
Lịch sử giá vàng SJC ngày 27/12/2011,https://giavang.org/trong-nuoc/sjc/lich-su/2011-12-27.html,889
Lịch sử giá vàng SJC ngày 28/12/2011,https://giavang.org/trong-nuoc/sjc/lich-su/2011-12-28.html,890
Lịch sử giá vàng SJC ngày 29/12/2011,https://giavang.org/trong-nuoc/sjc/lich-su/2011-12-29.html,891
Lịch sử giá vàng SJC ngày 30/12/2011,https://giavang.org/trong-nuoc/sjc/lich-su/2011-12-30.html,892
Lịch sử giá vàng SJC ngày 31/12/2011,https://giavang.org/trong-nuoc/sjc/lich-su/2011-12-31.html,893
Lịch sử giá vàng SJC ngày 01/01/2012,https://giavang.org/trong-nuoc/sjc/lich-su/2012-01-01.html,894
Lịch sử giá vàng SJC ngày 02/01/2012,https://giavang.org/trong-nuoc/sjc/lich-su/2012-01-02.html,895
Lịch sử giá vàng SJC ngày 03/01/2012,https://giavang.org/trong-nuoc/sjc/lich-su/2012-01-03.html,896
Lịch sử giá vàng SJC ngày 04/01/2012,https://giavang.org/trong-nuoc/sjc/lich-su/2012-01-04.html,897
Lịch sử giá vàng SJC ngày 05/01/2012,https://giavang.org/trong-nuoc/sjc/lich-su/2012-01-05.html,898
Lịch sử giá vàng SJC ngày 06/01/2012,https://giavang.org/trong-nuoc/sjc/lich-su/2012-01-06.html,899
Lịch sử giá vàng SJC ngày 07/01/2012,https://giavang.org/trong-nuoc/sjc/lich-su/2012-01-07.html,900
Lịch sử giá vàng SJC ngày 08/01/2012,https://giavang.org/trong-nuoc/sjc/lich-su/2012-01-08.html,901
Lịch sử giá vàng SJC ngày 09/01/2012,https://giavang.org/trong-nuoc/sjc/lich-su/2012-01-09.html,902
Lịch sử giá vàng SJC ngày 10/01/2012,https://giavang.org/trong-nuoc/sjc/lich-su/2012-01-10.html,903
Lịch sử giá vàng SJC ngày 11/01/2012,https://giavang.org/trong-nuoc/sjc/lich-su/2012-01-11.html,904
Lịch sử giá vàng SJC ngày 12/01/2012,https://giavang.org/trong-nuoc/sjc/lich-su/2012-01-12.html,905
Lịch sử giá vàng SJC ngày 13/01/2012,https://giavang.org/trong-nuoc/sjc/lich-su/2012-01-13.html,906
Lịch sử giá vàng SJC ngày 14/01/2012,https://giavang.org/trong-nuoc/sjc/lich-su/2012-01-14.html,907
Lịch sử giá vàng SJC ngày 15/01/2012,https://giavang.org/trong-nuoc/sjc/lich-su/2012-01-15.html,908
Lịch sử giá vàng SJC ngày 16/01/2012,https://giavang.org/trong-nuoc/sjc/lich-su/2012-01-16.html,909
Lịch sử giá vàng SJC ngày 17/01/2012,https://giavang.org/trong-nuoc/sjc/lich-su/2012-01-17.html,910
Lịch sử giá vàng SJC ngày 18/01/2012,https://giavang.org/trong-nuoc/sjc/lich-su/2012-01-18.html,911
Lịch sử giá vàng SJC ngày 19/01/2012,https://giavang.org/trong-nuoc/sjc/lich-su/2012-01-19.html,912
Lịch sử giá vàng SJC ngày 20/01/2012,https://giavang.org/trong-nuoc/sjc/lich-su/2012-01-20.html,913
Lịch sử giá vàng SJC ngày 21/01/2012,https://giavang.org/trong-nuoc/sjc/lich-su/2012-01-21.html,914
Lịch sử giá vàng SJC ngày 22/01/2012,https://giavang.org/trong-nuoc/sjc/lich-su/2012-01-22.html,915
Lịch sử giá vàng SJC ngày 23/01/2012,https://giavang.org/trong-nuoc/sjc/lich-su/2012-01-23.html,916
Lịch sử giá vàng SJC ngày 24/01/2012,https://giavang.org/trong-nuoc/sjc/lich-su/2012-01-24.html,917
Lịch sử giá vàng SJC ngày 25/01/2012,https://giavang.org/trong-nuoc/sjc/lich-su/2012-01-25.html,918
Lịch sử giá vàng SJC ngày 26/01/2012,https://giavang.org/trong-nuoc/sjc/lich-su/2012-01-26.html,919
Lịch sử giá vàng SJC ngày 27/01/2012,https://giavang.org/trong-nuoc/sjc/lich-su/2012-01-27.html,920
Lịch sử giá vàng SJC ngày 28/01/2012,https://giavang.org/trong-nuoc/sjc/lich-su/2012-01-28.html,921
Lịch sử giá vàng SJC ngày 29/01/2012,https://giavang.org/trong-nuoc/sjc/lich-su/2012-01-29.html,922
Lịch sử giá vàng SJC ngày 30/01/2012,https://giavang.org/trong-nuoc/sjc/lich-su/2012-01-30.html,923
Lịch sử giá vàng SJC ngày 31/01/2012,https://giavang.org/trong-nuoc/sjc/lich-su/2012-01-31.html,924
Lịch sử giá vàng SJC ngày 01/02/2012,https://giavang.org/trong-nuoc/sjc/lich-su/2012-02-01.html,925
Lịch sử giá vàng SJC ngày 02/02/2012,https://giavang.org/trong-nuoc/sjc/lich-su/2012-02-02.html,926
Lịch sử giá vàng SJC ngày 03/02/2012,https://giavang.org/trong-nuoc/sjc/lich-su/2012-02-03.html,927
Lịch sử giá vàng SJC ngày 04/02/2012,https://giavang.org/trong-nuoc/sjc/lich-su/2012-02-04.html,928
Lịch sử giá vàng SJC ngày 05/02/2012,https://giavang.org/trong-nuoc/sjc/lich-su/2012-02-05.html,929
Lịch sử giá vàng SJC ngày 06/02/2012,https://giavang.org/trong-nuoc/sjc/lich-su/2012-02-06.html,930
Lịch sử giá vàng SJC ngày 07/02/2012,https://giavang.org/trong-nuoc/sjc/lich-su/2012-02-07.html,931
Lịch sử giá vàng SJC ngày 08/02/2012,https://giavang.org/trong-nuoc/sjc/lich-su/2012-02-08.html,932
Lịch sử giá vàng SJC ngày 09/02/2012,https://giavang.org/trong-nuoc/sjc/lich-su/2012-02-09.html,933
Lịch sử giá vàng SJC ngày 10/02/2012,https://giavang.org/trong-nuoc/sjc/lich-su/2012-02-10.html,934
Lịch sử giá vàng SJC ngày 11/02/2012,https://giavang.org/trong-nuoc/sjc/lich-su/2012-02-11.html,935
Lịch sử giá vàng SJC ngày 12/02/2012,https://giavang.org/trong-nuoc/sjc/lich-su/2012-02-12.html,936
Lịch sử giá vàng SJC ngày 13/02/2012,https://giavang.org/trong-nuoc/sjc/lich-su/2012-02-13.html,937
Lịch sử giá vàng SJC ngày 14/02/2012,https://giavang.org/trong-nuoc/sjc/lich-su/2012-02-14.html,938
Lịch sử giá vàng SJC ngày 15/02/2012,https://giavang.org/trong-nuoc/sjc/lich-su/2012-02-15.html,939
Lịch sử giá vàng SJC ngày 16/02/2012,https://giavang.org/trong-nuoc/sjc/lich-su/2012-02-16.html,940
Lịch sử giá vàng SJC ngày 17/02/2012,https://giavang.org/trong-nuoc/sjc/lich-su/2012-02-17.html,941
Lịch sử giá vàng SJC ngày 18/02/2012,https://giavang.org/trong-nuoc/sjc/lich-su/2012-02-18.html,942
Lịch sử giá vàng SJC ngày 19/02/2012,https://giavang.org/trong-nuoc/sjc/lich-su/2012-02-19.html,943
Lịch sử giá vàng SJC ngày 20/02/2012,https://giavang.org/trong-nuoc/sjc/lich-su/2012-02-20.html,944
Lịch sử giá vàng SJC ngày 21/02/2012,https://giavang.org/trong-nuoc/sjc/lich-su/2012-02-21.html,945
Lịch sử giá vàng SJC ngày 22/02/2012,https://giavang.org/trong-nuoc/sjc/lich-su/2012-02-22.html,946
Lịch sử giá vàng SJC ngày 23/02/2012,https://giavang.org/trong-nuoc/sjc/lich-su/2012-02-23.html,947
Lịch sử giá vàng SJC ngày 24/02/2012,https://giavang.org/trong-nuoc/sjc/lich-su/2012-02-24.html,948
Lịch sử giá vàng SJC ngày 25/02/2012,https://giavang.org/trong-nuoc/sjc/lich-su/2012-02-25.html,949
Lịch sử giá vàng SJC ngày 26/02/2012,https://giavang.org/trong-nuoc/sjc/lich-su/2012-02-26.html,950
Lịch sử giá vàng SJC ngày 27/02/2012,https://giavang.org/trong-nuoc/sjc/lich-su/2012-02-27.html,951
Lịch sử giá vàng SJC ngày 28/02/2012,https://giavang.org/trong-nuoc/sjc/lich-su/2012-02-28.html,952
Lịch sử giá vàng SJC ngày 29/02/2012,https://giavang.org/trong-nuoc/sjc/lich-su/2012-02-29.html,953
Lịch sử giá vàng SJC ngày 01/03/2012,https://giavang.org/trong-nuoc/sjc/lich-su/2012-03-01.html,954
Lịch sử giá vàng SJC ngày 02/03/2012,https://giavang.org/trong-nuoc/sjc/lich-su/2012-03-02.html,955
Lịch sử giá vàng SJC ngày 03/03/2012,https://giavang.org/trong-nuoc/sjc/lich-su/2012-03-03.html,956
Lịch sử giá vàng SJC ngày 04/03/2012,https://giavang.org/trong-nuoc/sjc/lich-su/2012-03-04.html,957
Lịch sử giá vàng SJC ngày 05/03/2012,https://giavang.org/trong-nuoc/sjc/lich-su/2012-03-05.html,958
Lịch sử giá vàng SJC ngày 06/03/2012,https://giavang.org/trong-nuoc/sjc/lich-su/2012-03-06.html,959
Lịch sử giá vàng SJC ngày 07/03/2012,https://giavang.org/trong-nuoc/sjc/lich-su/2012-03-07.html,960
Lịch sử giá vàng SJC ngày 08/03/2012,https://giavang.org/trong-nuoc/sjc/lich-su/2012-03-08.html,961
Lịch sử giá vàng SJC ngày 09/03/2012,https://giavang.org/trong-nuoc/sjc/lich-su/2012-03-09.html,962
Lịch sử giá vàng SJC ngày 10/03/2012,https://giavang.org/trong-nuoc/sjc/lich-su/2012-03-10.html,963
Lịch sử giá vàng SJC ngày 11/03/2012,https://giavang.org/trong-nuoc/sjc/lich-su/2012-03-11.html,964
Lịch sử giá vàng SJC ngày 12/03/2012,https://giavang.org/trong-nuoc/sjc/lich-su/2012-03-12.html,965
Lịch sử giá vàng SJC ngày 13/03/2012,https://giavang.org/trong-nuoc/sjc/lich-su/2012-03-13.html,966
Lịch sử giá vàng SJC ngày 14/03/2012,https://giavang.org/trong-nuoc/sjc/lich-su/2012-03-14.html,967
Lịch sử giá vàng SJC ngày 15/03/2012,https://giavang.org/trong-nuoc/sjc/lich-su/2012-03-15.html,968
Lịch sử giá vàng SJC ngày 16/03/2012,https://giavang.org/trong-nuoc/sjc/lich-su/2012-03-16.html,969
Lịch sử giá vàng SJC ngày 17/03/2012,https://giavang.org/trong-nuoc/sjc/lich-su/2012-03-17.html,970
Lịch sử giá vàng SJC ngày 18/03/2012,https://giavang.org/trong-nuoc/sjc/lich-su/2012-03-18.html,971
Lịch sử giá vàng SJC ngày 19/03/2012,https://giavang.org/trong-nuoc/sjc/lich-su/2012-03-19.html,972
Lịch sử giá vàng SJC ngày 20/03/2012,https://giavang.org/trong-nuoc/sjc/lich-su/2012-03-20.html,973
Lịch sử giá vàng SJC ngày 21/03/2012,https://giavang.org/trong-nuoc/sjc/lich-su/2012-03-21.html,974
Lịch sử giá vàng SJC ngày 22/03/2012,https://giavang.org/trong-nuoc/sjc/lich-su/2012-03-22.html,975
Lịch sử giá vàng SJC ngày 23/03/2012,https://giavang.org/trong-nuoc/sjc/lich-su/2012-03-23.html,976
Lịch sử giá vàng SJC ngày 24/03/2012,https://giavang.org/trong-nuoc/sjc/lich-su/2012-03-24.html,977
Lịch sử giá vàng SJC ngày 25/03/2012,https://giavang.org/trong-nuoc/sjc/lich-su/2012-03-25.html,978
Lịch sử giá vàng SJC ngày 26/03/2012,https://giavang.org/trong-nuoc/sjc/lich-su/2012-03-26.html,979
Lịch sử giá vàng SJC ngày 27/03/2012,https://giavang.org/trong-nuoc/sjc/lich-su/2012-03-27.html,980
Lịch sử giá vàng SJC ngày 28/03/2012,https://giavang.org/trong-nuoc/sjc/lich-su/2012-03-28.html,981
Lịch sử giá vàng SJC ngày 29/03/2012,https://giavang.org/trong-nuoc/sjc/lich-su/2012-03-29.html,982
Lịch sử giá vàng SJC ngày 30/03/2012,https://giavang.org/trong-nuoc/sjc/lich-su/2012-03-30.html,983
Lịch sử giá vàng SJC ngày 31/03/2012,https://giavang.org/trong-nuoc/sjc/lich-su/2012-03-31.html,984
Lịch sử giá vàng SJC ngày 01/04/2012,https://giavang.org/trong-nuoc/sjc/lich-su/2012-04-01.html,985
Lịch sử giá vàng SJC ngày 02/04/2012,https://giavang.org/trong-nuoc/sjc/lich-su/2012-04-02.html,986
Lịch sử giá vàng SJC ngày 03/04/2012,https://giavang.org/trong-nuoc/sjc/lich-su/2012-04-03.html,987
Lịch sử giá vàng SJC ngày 04/04/2012,https://giavang.org/trong-nuoc/sjc/lich-su/2012-04-04.html,988
Lịch sử giá vàng SJC ngày 05/04/2012,https://giavang.org/trong-nuoc/sjc/lich-su/2012-04-05.html,989
Lịch sử giá vàng SJC ngày 06/04/2012,https://giavang.org/trong-nuoc/sjc/lich-su/2012-04-06.html,990
Lịch sử giá vàng SJC ngày 07/04/2012,https://giavang.org/trong-nuoc/sjc/lich-su/2012-04-07.html,991
Lịch sử giá vàng SJC ngày 08/04/2012,https://giavang.org/trong-nuoc/sjc/lich-su/2012-04-08.html,992
Lịch sử giá vàng SJC ngày 09/04/2012,https://giavang.org/trong-nuoc/sjc/lich-su/2012-04-09.html,993
Lịch sử giá vàng SJC ngày 10/04/2012,https://giavang.org/trong-nuoc/sjc/lich-su/2012-04-10.html,994
Lịch sử giá vàng SJC ngày 11/04/2012,https://giavang.org/trong-nuoc/sjc/lich-su/2012-04-11.html,995
Lịch sử giá vàng SJC ngày 12/04/2012,https://giavang.org/trong-nuoc/sjc/lich-su/2012-04-12.html,996
Lịch sử giá vàng SJC ngày 13/04/2012,https://giavang.org/trong-nuoc/sjc/lich-su/2012-04-13.html,997
Lịch sử giá vàng SJC ngày 14/04/2012,https://giavang.org/trong-nuoc/sjc/lich-su/2012-04-14.html,998
Lịch sử giá vàng SJC ngày 15/04/2012,https://giavang.org/trong-nuoc/sjc/lich-su/2012-04-15.html,999
Lịch sử giá vàng SJC ngày 16/04/2012,https://giavang.org/trong-nuoc/sjc/lich-su/2012-04-16.html,1000
Lịch sử giá vàng SJC ngày 17/04/2012,https://giavang.org/trong-nuoc/sjc/lich-su/2012-04-17.html,1001
Lịch sử giá vàng SJC ngày 18/04/2012,https://giavang.org/trong-nuoc/sjc/lich-su/2012-04-18.html,1002
Lịch sử giá vàng SJC ngày 19/04/2012,https://giavang.org/trong-nuoc/sjc/lich-su/2012-04-19.html,1003
Lịch sử giá vàng SJC ngày 20/04/2012,https://giavang.org/trong-nuoc/sjc/lich-su/2012-04-20.html,1004
Lịch sử giá vàng SJC ngày 21/04/2012,https://giavang.org/trong-nuoc/sjc/lich-su/2012-04-21.html,1005
Lịch sử giá vàng SJC ngày 22/04/2012,https://giavang.org/trong-nuoc/sjc/lich-su/2012-04-22.html,1006
Lịch sử giá vàng SJC ngày 23/04/2012,https://giavang.org/trong-nuoc/sjc/lich-su/2012-04-23.html,1007
Lịch sử giá vàng SJC ngày 24/04/2012,https://giavang.org/trong-nuoc/sjc/lich-su/2012-04-24.html,1008
Lịch sử giá vàng SJC ngày 25/04/2012,https://giavang.org/trong-nuoc/sjc/lich-su/2012-04-25.html,1009
Lịch sử giá vàng SJC ngày 26/04/2012,https://giavang.org/trong-nuoc/sjc/lich-su/2012-04-26.html,1010
Lịch sử giá vàng SJC ngày 27/04/2012,https://giavang.org/trong-nuoc/sjc/lich-su/2012-04-27.html,1011
Lịch sử giá vàng SJC ngày 28/04/2012,https://giavang.org/trong-nuoc/sjc/lich-su/2012-04-28.html,1012
Lịch sử giá vàng SJC ngày 29/04/2012,https://giavang.org/trong-nuoc/sjc/lich-su/2012-04-29.html,1013
Lịch sử giá vàng SJC ngày 30/04/2012,https://giavang.org/trong-nuoc/sjc/lich-su/2012-04-30.html,1014
Lịch sử giá vàng SJC ngày 01/05/2012,https://giavang.org/trong-nuoc/sjc/lich-su/2012-05-01.html,1015
Lịch sử giá vàng SJC ngày 02/05/2012,https://giavang.org/trong-nuoc/sjc/lich-su/2012-05-02.html,1016
Lịch sử giá vàng SJC ngày 03/05/2012,https://giavang.org/trong-nuoc/sjc/lich-su/2012-05-03.html,1017
Lịch sử giá vàng SJC ngày 04/05/2012,https://giavang.org/trong-nuoc/sjc/lich-su/2012-05-04.html,1018
Lịch sử giá vàng SJC ngày 05/05/2012,https://giavang.org/trong-nuoc/sjc/lich-su/2012-05-05.html,1019
Lịch sử giá vàng SJC ngày 06/05/2012,https://giavang.org/trong-nuoc/sjc/lich-su/2012-05-06.html,1020
Lịch sử giá vàng SJC ngày 07/05/2012,https://giavang.org/trong-nuoc/sjc/lich-su/2012-05-07.html,1021
Lịch sử giá vàng SJC ngày 08/05/2012,https://giavang.org/trong-nuoc/sjc/lich-su/2012-05-08.html,1022
Lịch sử giá vàng SJC ngày 09/05/2012,https://giavang.org/trong-nuoc/sjc/lich-su/2012-05-09.html,1023
Lịch sử giá vàng SJC ngày 10/05/2012,https://giavang.org/trong-nuoc/sjc/lich-su/2012-05-10.html,1024
Lịch sử giá vàng SJC ngày 11/05/2012,https://giavang.org/trong-nuoc/sjc/lich-su/2012-05-11.html,1025
Lịch sử giá vàng SJC ngày 12/05/2012,https://giavang.org/trong-nuoc/sjc/lich-su/2012-05-12.html,1026
Lịch sử giá vàng SJC ngày 13/05/2012,https://giavang.org/trong-nuoc/sjc/lich-su/2012-05-13.html,1027
Lịch sử giá vàng SJC ngày 14/05/2012,https://giavang.org/trong-nuoc/sjc/lich-su/2012-05-14.html,1028
Lịch sử giá vàng SJC ngày 15/05/2012,https://giavang.org/trong-nuoc/sjc/lich-su/2012-05-15.html,1029
Lịch sử giá vàng SJC ngày 16/05/2012,https://giavang.org/trong-nuoc/sjc/lich-su/2012-05-16.html,1030
Lịch sử giá vàng SJC ngày 17/05/2012,https://giavang.org/trong-nuoc/sjc/lich-su/2012-05-17.html,1031
Lịch sử giá vàng SJC ngày 18/05/2012,https://giavang.org/trong-nuoc/sjc/lich-su/2012-05-18.html,1032
Lịch sử giá vàng SJC ngày 19/05/2012,https://giavang.org/trong-nuoc/sjc/lich-su/2012-05-19.html,1033
Lịch sử giá vàng SJC ngày 20/05/2012,https://giavang.org/trong-nuoc/sjc/lich-su/2012-05-20.html,1034
Lịch sử giá vàng SJC ngày 21/05/2012,https://giavang.org/trong-nuoc/sjc/lich-su/2012-05-21.html,1035
Lịch sử giá vàng SJC ngày 22/05/2012,https://giavang.org/trong-nuoc/sjc/lich-su/2012-05-22.html,1036
Lịch sử giá vàng SJC ngày 23/05/2012,https://giavang.org/trong-nuoc/sjc/lich-su/2012-05-23.html,1037
Lịch sử giá vàng SJC ngày 24/05/2012,https://giavang.org/trong-nuoc/sjc/lich-su/2012-05-24.html,1038
Lịch sử giá vàng SJC ngày 25/05/2012,https://giavang.org/trong-nuoc/sjc/lich-su/2012-05-25.html,1039
Lịch sử giá vàng SJC ngày 26/05/2012,https://giavang.org/trong-nuoc/sjc/lich-su/2012-05-26.html,1040
Lịch sử giá vàng SJC ngày 27/05/2012,https://giavang.org/trong-nuoc/sjc/lich-su/2012-05-27.html,1041
Lịch sử giá vàng SJC ngày 28/05/2012,https://giavang.org/trong-nuoc/sjc/lich-su/2012-05-28.html,1042
Lịch sử giá vàng SJC ngày 29/05/2012,https://giavang.org/trong-nuoc/sjc/lich-su/2012-05-29.html,1043
Lịch sử giá vàng SJC ngày 30/05/2012,https://giavang.org/trong-nuoc/sjc/lich-su/2012-05-30.html,1044
Lịch sử giá vàng SJC ngày 31/05/2012,https://giavang.org/trong-nuoc/sjc/lich-su/2012-05-31.html,1045
Lịch sử giá vàng SJC ngày 01/06/2012,https://giavang.org/trong-nuoc/sjc/lich-su/2012-06-01.html,1046
Lịch sử giá vàng SJC ngày 02/06/2012,https://giavang.org/trong-nuoc/sjc/lich-su/2012-06-02.html,1047
Lịch sử giá vàng SJC ngày 03/06/2012,https://giavang.org/trong-nuoc/sjc/lich-su/2012-06-03.html,1048
Lịch sử giá vàng SJC ngày 04/06/2012,https://giavang.org/trong-nuoc/sjc/lich-su/2012-06-04.html,1049
Lịch sử giá vàng SJC ngày 05/06/2012,https://giavang.org/trong-nuoc/sjc/lich-su/2012-06-05.html,1050
Lịch sử giá vàng SJC ngày 06/06/2012,https://giavang.org/trong-nuoc/sjc/lich-su/2012-06-06.html,1051
Lịch sử giá vàng SJC ngày 07/06/2012,https://giavang.org/trong-nuoc/sjc/lich-su/2012-06-07.html,1052
Lịch sử giá vàng SJC ngày 08/06/2012,https://giavang.org/trong-nuoc/sjc/lich-su/2012-06-08.html,1053
Lịch sử giá vàng SJC ngày 09/06/2012,https://giavang.org/trong-nuoc/sjc/lich-su/2012-06-09.html,1054
Lịch sử giá vàng SJC ngày 10/06/2012,https://giavang.org/trong-nuoc/sjc/lich-su/2012-06-10.html,1055
Lịch sử giá vàng SJC ngày 11/06/2012,https://giavang.org/trong-nuoc/sjc/lich-su/2012-06-11.html,1056
Lịch sử giá vàng SJC ngày 12/06/2012,https://giavang.org/trong-nuoc/sjc/lich-su/2012-06-12.html,1057
Lịch sử giá vàng SJC ngày 13/06/2012,https://giavang.org/trong-nuoc/sjc/lich-su/2012-06-13.html,1058
Lịch sử giá vàng SJC ngày 14/06/2012,https://giavang.org/trong-nuoc/sjc/lich-su/2012-06-14.html,1059
Lịch sử giá vàng SJC ngày 15/06/2012,https://giavang.org/trong-nuoc/sjc/lich-su/2012-06-15.html,1060
Lịch sử giá vàng SJC ngày 16/06/2012,https://giavang.org/trong-nuoc/sjc/lich-su/2012-06-16.html,1061
Lịch sử giá vàng SJC ngày 17/06/2012,https://giavang.org/trong-nuoc/sjc/lich-su/2012-06-17.html,1062
Lịch sử giá vàng SJC ngày 18/06/2012,https://giavang.org/trong-nuoc/sjc/lich-su/2012-06-18.html,1063
Lịch sử giá vàng SJC ngày 19/06/2012,https://giavang.org/trong-nuoc/sjc/lich-su/2012-06-19.html,1064
Lịch sử giá vàng SJC ngày 20/06/2012,https://giavang.org/trong-nuoc/sjc/lich-su/2012-06-20.html,1065
Lịch sử giá vàng SJC ngày 21/06/2012,https://giavang.org/trong-nuoc/sjc/lich-su/2012-06-21.html,1066
Lịch sử giá vàng SJC ngày 22/06/2012,https://giavang.org/trong-nuoc/sjc/lich-su/2012-06-22.html,1067
Lịch sử giá vàng SJC ngày 23/06/2012,https://giavang.org/trong-nuoc/sjc/lich-su/2012-06-23.html,1068
Lịch sử giá vàng SJC ngày 24/06/2012,https://giavang.org/trong-nuoc/sjc/lich-su/2012-06-24.html,1069
Lịch sử giá vàng SJC ngày 25/06/2012,https://giavang.org/trong-nuoc/sjc/lich-su/2012-06-25.html,1070
Lịch sử giá vàng SJC ngày 26/06/2012,https://giavang.org/trong-nuoc/sjc/lich-su/2012-06-26.html,1071
Lịch sử giá vàng SJC ngày 27/06/2012,https://giavang.org/trong-nuoc/sjc/lich-su/2012-06-27.html,1072
Lịch sử giá vàng SJC ngày 28/06/2012,https://giavang.org/trong-nuoc/sjc/lich-su/2012-06-28.html,1073
Lịch sử giá vàng SJC ngày 29/06/2012,https://giavang.org/trong-nuoc/sjc/lich-su/2012-06-29.html,1074
Lịch sử giá vàng SJC ngày 30/06/2012,https://giavang.org/trong-nuoc/sjc/lich-su/2012-06-30.html,1075
Lịch sử giá vàng SJC ngày 01/07/2012,https://giavang.org/trong-nuoc/sjc/lich-su/2012-07-01.html,1076
Lịch sử giá vàng SJC ngày 02/07/2012,https://giavang.org/trong-nuoc/sjc/lich-su/2012-07-02.html,1077
Lịch sử giá vàng SJC ngày 03/07/2012,https://giavang.org/trong-nuoc/sjc/lich-su/2012-07-03.html,1078
Lịch sử giá vàng SJC ngày 04/07/2012,https://giavang.org/trong-nuoc/sjc/lich-su/2012-07-04.html,1079
Lịch sử giá vàng SJC ngày 05/07/2012,https://giavang.org/trong-nuoc/sjc/lich-su/2012-07-05.html,1080
Lịch sử giá vàng SJC ngày 06/07/2012,https://giavang.org/trong-nuoc/sjc/lich-su/2012-07-06.html,1081
Lịch sử giá vàng SJC ngày 07/07/2012,https://giavang.org/trong-nuoc/sjc/lich-su/2012-07-07.html,1082
Lịch sử giá vàng SJC ngày 08/07/2012,https://giavang.org/trong-nuoc/sjc/lich-su/2012-07-08.html,1083
Lịch sử giá vàng SJC ngày 09/07/2012,https://giavang.org/trong-nuoc/sjc/lich-su/2012-07-09.html,1084
Lịch sử giá vàng SJC ngày 10/07/2012,https://giavang.org/trong-nuoc/sjc/lich-su/2012-07-10.html,1085
Lịch sử giá vàng SJC ngày 11/07/2012,https://giavang.org/trong-nuoc/sjc/lich-su/2012-07-11.html,1086
Lịch sử giá vàng SJC ngày 12/07/2012,https://giavang.org/trong-nuoc/sjc/lich-su/2012-07-12.html,1087
Lịch sử giá vàng SJC ngày 13/07/2012,https://giavang.org/trong-nuoc/sjc/lich-su/2012-07-13.html,1088
Lịch sử giá vàng SJC ngày 14/07/2012,https://giavang.org/trong-nuoc/sjc/lich-su/2012-07-14.html,1089
Lịch sử giá vàng SJC ngày 15/07/2012,https://giavang.org/trong-nuoc/sjc/lich-su/2012-07-15.html,1090
Lịch sử giá vàng SJC ngày 16/07/2012,https://giavang.org/trong-nuoc/sjc/lich-su/2012-07-16.html,1091
Lịch sử giá vàng SJC ngày 17/07/2012,https://giavang.org/trong-nuoc/sjc/lich-su/2012-07-17.html,1092
Lịch sử giá vàng SJC ngày 18/07/2012,https://giavang.org/trong-nuoc/sjc/lich-su/2012-07-18.html,1093
Lịch sử giá vàng SJC ngày 19/07/2012,https://giavang.org/trong-nuoc/sjc/lich-su/2012-07-19.html,1094
Lịch sử giá vàng SJC ngày 20/07/2012,https://giavang.org/trong-nuoc/sjc/lich-su/2012-07-20.html,1095
Lịch sử giá vàng SJC ngày 21/07/2012,https://giavang.org/trong-nuoc/sjc/lich-su/2012-07-21.html,1096
Lịch sử giá vàng SJC ngày 22/07/2012,https://giavang.org/trong-nuoc/sjc/lich-su/2012-07-22.html,1097
Lịch sử giá vàng SJC ngày 23/07/2012,https://giavang.org/trong-nuoc/sjc/lich-su/2012-07-23.html,1098
Lịch sử giá vàng SJC ngày 24/07/2012,https://giavang.org/trong-nuoc/sjc/lich-su/2012-07-24.html,1099
Lịch sử giá vàng SJC ngày 25/07/2012,https://giavang.org/trong-nuoc/sjc/lich-su/2012-07-25.html,1100
Lịch sử giá vàng SJC ngày 26/07/2012,https://giavang.org/trong-nuoc/sjc/lich-su/2012-07-26.html,1101
Lịch sử giá vàng SJC ngày 27/07/2012,https://giavang.org/trong-nuoc/sjc/lich-su/2012-07-27.html,1102
Lịch sử giá vàng SJC ngày 28/07/2012,https://giavang.org/trong-nuoc/sjc/lich-su/2012-07-28.html,1103
Lịch sử giá vàng SJC ngày 29/07/2012,https://giavang.org/trong-nuoc/sjc/lich-su/2012-07-29.html,1104
Lịch sử giá vàng SJC ngày 30/07/2012,https://giavang.org/trong-nuoc/sjc/lich-su/2012-07-30.html,1105
Lịch sử giá vàng SJC ngày 31/07/2012,https://giavang.org/trong-nuoc/sjc/lich-su/2012-07-31.html,1106
Lịch sử giá vàng SJC ngày 01/08/2012,https://giavang.org/trong-nuoc/sjc/lich-su/2012-08-01.html,1107
Lịch sử giá vàng SJC ngày 02/08/2012,https://giavang.org/trong-nuoc/sjc/lich-su/2012-08-02.html,1108
Lịch sử giá vàng SJC ngày 03/08/2012,https://giavang.org/trong-nuoc/sjc/lich-su/2012-08-03.html,1109
Lịch sử giá vàng SJC ngày 04/08/2012,https://giavang.org/trong-nuoc/sjc/lich-su/2012-08-04.html,1110
Lịch sử giá vàng SJC ngày 05/08/2012,https://giavang.org/trong-nuoc/sjc/lich-su/2012-08-05.html,1111
Lịch sử giá vàng SJC ngày 06/08/2012,https://giavang.org/trong-nuoc/sjc/lich-su/2012-08-06.html,1112
Lịch sử giá vàng SJC ngày 07/08/2012,https://giavang.org/trong-nuoc/sjc/lich-su/2012-08-07.html,1113
Lịch sử giá vàng SJC ngày 08/08/2012,https://giavang.org/trong-nuoc/sjc/lich-su/2012-08-08.html,1114
Lịch sử giá vàng SJC ngày 09/08/2012,https://giavang.org/trong-nuoc/sjc/lich-su/2012-08-09.html,1115
Lịch sử giá vàng SJC ngày 10/08/2012,https://giavang.org/trong-nuoc/sjc/lich-su/2012-08-10.html,1116
Lịch sử giá vàng SJC ngày 11/08/2012,https://giavang.org/trong-nuoc/sjc/lich-su/2012-08-11.html,1117
Lịch sử giá vàng SJC ngày 12/08/2012,https://giavang.org/trong-nuoc/sjc/lich-su/2012-08-12.html,1118
Lịch sử giá vàng SJC ngày 13/08/2012,https://giavang.org/trong-nuoc/sjc/lich-su/2012-08-13.html,1119
Lịch sử giá vàng SJC ngày 14/08/2012,https://giavang.org/trong-nuoc/sjc/lich-su/2012-08-14.html,1120
Lịch sử giá vàng SJC ngày 15/08/2012,https://giavang.org/trong-nuoc/sjc/lich-su/2012-08-15.html,1121
Lịch sử giá vàng SJC ngày 16/08/2012,https://giavang.org/trong-nuoc/sjc/lich-su/2012-08-16.html,1122
Lịch sử giá vàng SJC ngày 17/08/2012,https://giavang.org/trong-nuoc/sjc/lich-su/2012-08-17.html,1123
Lịch sử giá vàng SJC ngày 18/08/2012,https://giavang.org/trong-nuoc/sjc/lich-su/2012-08-18.html,1124
Lịch sử giá vàng SJC ngày 19/08/2012,https://giavang.org/trong-nuoc/sjc/lich-su/2012-08-19.html,1125
Lịch sử giá vàng SJC ngày 20/08/2012,https://giavang.org/trong-nuoc/sjc/lich-su/2012-08-20.html,1126
Lịch sử giá vàng SJC ngày 21/08/2012,https://giavang.org/trong-nuoc/sjc/lich-su/2012-08-21.html,1127
Lịch sử giá vàng SJC ngày 22/08/2012,https://giavang.org/trong-nuoc/sjc/lich-su/2012-08-22.html,1128
Lịch sử giá vàng SJC ngày 23/08/2012,https://giavang.org/trong-nuoc/sjc/lich-su/2012-08-23.html,1129
Lịch sử giá vàng SJC ngày 24/08/2012,https://giavang.org/trong-nuoc/sjc/lich-su/2012-08-24.html,1130
Lịch sử giá vàng SJC ngày 25/08/2012,https://giavang.org/trong-nuoc/sjc/lich-su/2012-08-25.html,1131
Lịch sử giá vàng SJC ngày 26/08/2012,https://giavang.org/trong-nuoc/sjc/lich-su/2012-08-26.html,1132
Lịch sử giá vàng SJC ngày 27/08/2012,https://giavang.org/trong-nuoc/sjc/lich-su/2012-08-27.html,1133
Lịch sử giá vàng SJC ngày 28/08/2012,https://giavang.org/trong-nuoc/sjc/lich-su/2012-08-28.html,1134
Lịch sử giá vàng SJC ngày 29/08/2012,https://giavang.org/trong-nuoc/sjc/lich-su/2012-08-29.html,1135
Lịch sử giá vàng SJC ngày 30/08/2012,https://giavang.org/trong-nuoc/sjc/lich-su/2012-08-30.html,1136
Lịch sử giá vàng SJC ngày 31/08/2012,https://giavang.org/trong-nuoc/sjc/lich-su/2012-08-31.html,1137
Lịch sử giá vàng SJC ngày 01/09/2012,https://giavang.org/trong-nuoc/sjc/lich-su/2012-09-01.html,1138
Lịch sử giá vàng SJC ngày 02/09/2012,https://giavang.org/trong-nuoc/sjc/lich-su/2012-09-02.html,1139
Lịch sử giá vàng SJC ngày 03/09/2012,https://giavang.org/trong-nuoc/sjc/lich-su/2012-09-03.html,1140
Lịch sử giá vàng SJC ngày 04/09/2012,https://giavang.org/trong-nuoc/sjc/lich-su/2012-09-04.html,1141
Lịch sử giá vàng SJC ngày 05/09/2012,https://giavang.org/trong-nuoc/sjc/lich-su/2012-09-05.html,1142
Lịch sử giá vàng SJC ngày 06/09/2012,https://giavang.org/trong-nuoc/sjc/lich-su/2012-09-06.html,1143
Lịch sử giá vàng SJC ngày 07/09/2012,https://giavang.org/trong-nuoc/sjc/lich-su/2012-09-07.html,1144
Lịch sử giá vàng SJC ngày 08/09/2012,https://giavang.org/trong-nuoc/sjc/lich-su/2012-09-08.html,1145
Lịch sử giá vàng SJC ngày 09/09/2012,https://giavang.org/trong-nuoc/sjc/lich-su/2012-09-09.html,1146
Lịch sử giá vàng SJC ngày 10/09/2012,https://giavang.org/trong-nuoc/sjc/lich-su/2012-09-10.html,1147
Lịch sử giá vàng SJC ngày 11/09/2012,https://giavang.org/trong-nuoc/sjc/lich-su/2012-09-11.html,1148
Lịch sử giá vàng SJC ngày 12/09/2012,https://giavang.org/trong-nuoc/sjc/lich-su/2012-09-12.html,1149
Lịch sử giá vàng SJC ngày 13/09/2012,https://giavang.org/trong-nuoc/sjc/lich-su/2012-09-13.html,1150
Lịch sử giá vàng SJC ngày 14/09/2012,https://giavang.org/trong-nuoc/sjc/lich-su/2012-09-14.html,1151
Lịch sử giá vàng SJC ngày 15/09/2012,https://giavang.org/trong-nuoc/sjc/lich-su/2012-09-15.html,1152
Lịch sử giá vàng SJC ngày 16/09/2012,https://giavang.org/trong-nuoc/sjc/lich-su/2012-09-16.html,1153
Lịch sử giá vàng SJC ngày 17/09/2012,https://giavang.org/trong-nuoc/sjc/lich-su/2012-09-17.html,1154
Lịch sử giá vàng SJC ngày 18/09/2012,https://giavang.org/trong-nuoc/sjc/lich-su/2012-09-18.html,1155
Lịch sử giá vàng SJC ngày 19/09/2012,https://giavang.org/trong-nuoc/sjc/lich-su/2012-09-19.html,1156
Lịch sử giá vàng SJC ngày 20/09/2012,https://giavang.org/trong-nuoc/sjc/lich-su/2012-09-20.html,1157
Lịch sử giá vàng SJC ngày 21/09/2012,https://giavang.org/trong-nuoc/sjc/lich-su/2012-09-21.html,1158
Lịch sử giá vàng SJC ngày 22/09/2012,https://giavang.org/trong-nuoc/sjc/lich-su/2012-09-22.html,1159
Lịch sử giá vàng SJC ngày 23/09/2012,https://giavang.org/trong-nuoc/sjc/lich-su/2012-09-23.html,1160
Lịch sử giá vàng SJC ngày 24/09/2012,https://giavang.org/trong-nuoc/sjc/lich-su/2012-09-24.html,1161
Lịch sử giá vàng SJC ngày 25/09/2012,https://giavang.org/trong-nuoc/sjc/lich-su/2012-09-25.html,1162
Lịch sử giá vàng SJC ngày 26/09/2012,https://giavang.org/trong-nuoc/sjc/lich-su/2012-09-26.html,1163
Lịch sử giá vàng SJC ngày 27/09/2012,https://giavang.org/trong-nuoc/sjc/lich-su/2012-09-27.html,1164
Lịch sử giá vàng SJC ngày 28/09/2012,https://giavang.org/trong-nuoc/sjc/lich-su/2012-09-28.html,1165
Lịch sử giá vàng SJC ngày 29/09/2012,https://giavang.org/trong-nuoc/sjc/lich-su/2012-09-29.html,1166
Lịch sử giá vàng SJC ngày 30/09/2012,https://giavang.org/trong-nuoc/sjc/lich-su/2012-09-30.html,1167
Lịch sử giá vàng SJC ngày 01/10/2012,https://giavang.org/trong-nuoc/sjc/lich-su/2012-10-01.html,1168
Lịch sử giá vàng SJC ngày 02/10/2012,https://giavang.org/trong-nuoc/sjc/lich-su/2012-10-02.html,1169
Lịch sử giá vàng SJC ngày 03/10/2012,https://giavang.org/trong-nuoc/sjc/lich-su/2012-10-03.html,1170
Lịch sử giá vàng SJC ngày 04/10/2012,https://giavang.org/trong-nuoc/sjc/lich-su/2012-10-04.html,1171
Lịch sử giá vàng SJC ngày 05/10/2012,https://giavang.org/trong-nuoc/sjc/lich-su/2012-10-05.html,1172
Lịch sử giá vàng SJC ngày 06/10/2012,https://giavang.org/trong-nuoc/sjc/lich-su/2012-10-06.html,1173
Lịch sử giá vàng SJC ngày 07/10/2012,https://giavang.org/trong-nuoc/sjc/lich-su/2012-10-07.html,1174
Lịch sử giá vàng SJC ngày 08/10/2012,https://giavang.org/trong-nuoc/sjc/lich-su/2012-10-08.html,1175
Lịch sử giá vàng SJC ngày 09/10/2012,https://giavang.org/trong-nuoc/sjc/lich-su/2012-10-09.html,1176
Lịch sử giá vàng SJC ngày 10/10/2012,https://giavang.org/trong-nuoc/sjc/lich-su/2012-10-10.html,1177
Lịch sử giá vàng SJC ngày 11/10/2012,https://giavang.org/trong-nuoc/sjc/lich-su/2012-10-11.html,1178
Lịch sử giá vàng SJC ngày 12/10/2012,https://giavang.org/trong-nuoc/sjc/lich-su/2012-10-12.html,1179
Lịch sử giá vàng SJC ngày 13/10/2012,https://giavang.org/trong-nuoc/sjc/lich-su/2012-10-13.html,1180
Lịch sử giá vàng SJC ngày 14/10/2012,https://giavang.org/trong-nuoc/sjc/lich-su/2012-10-14.html,1181
Lịch sử giá vàng SJC ngày 15/10/2012,https://giavang.org/trong-nuoc/sjc/lich-su/2012-10-15.html,1182
Lịch sử giá vàng SJC ngày 16/10/2012,https://giavang.org/trong-nuoc/sjc/lich-su/2012-10-16.html,1183
Lịch sử giá vàng SJC ngày 17/10/2012,https://giavang.org/trong-nuoc/sjc/lich-su/2012-10-17.html,1184
Lịch sử giá vàng SJC ngày 18/10/2012,https://giavang.org/trong-nuoc/sjc/lich-su/2012-10-18.html,1185
Lịch sử giá vàng SJC ngày 19/10/2012,https://giavang.org/trong-nuoc/sjc/lich-su/2012-10-19.html,1186
Lịch sử giá vàng SJC ngày 20/10/2012,https://giavang.org/trong-nuoc/sjc/lich-su/2012-10-20.html,1187
Lịch sử giá vàng SJC ngày 21/10/2012,https://giavang.org/trong-nuoc/sjc/lich-su/2012-10-21.html,1188
Lịch sử giá vàng SJC ngày 22/10/2012,https://giavang.org/trong-nuoc/sjc/lich-su/2012-10-22.html,1189
Lịch sử giá vàng SJC ngày 23/10/2012,https://giavang.org/trong-nuoc/sjc/lich-su/2012-10-23.html,1190
Lịch sử giá vàng SJC ngày 24/10/2012,https://giavang.org/trong-nuoc/sjc/lich-su/2012-10-24.html,1191
Lịch sử giá vàng SJC ngày 25/10/2012,https://giavang.org/trong-nuoc/sjc/lich-su/2012-10-25.html,1192
Lịch sử giá vàng SJC ngày 26/10/2012,https://giavang.org/trong-nuoc/sjc/lich-su/2012-10-26.html,1193
Lịch sử giá vàng SJC ngày 27/10/2012,https://giavang.org/trong-nuoc/sjc/lich-su/2012-10-27.html,1194
Lịch sử giá vàng SJC ngày 28/10/2012,https://giavang.org/trong-nuoc/sjc/lich-su/2012-10-28.html,1195
Lịch sử giá vàng SJC ngày 29/10/2012,https://giavang.org/trong-nuoc/sjc/lich-su/2012-10-29.html,1196
Lịch sử giá vàng SJC ngày 30/10/2012,https://giavang.org/trong-nuoc/sjc/lich-su/2012-10-30.html,1197
Lịch sử giá vàng SJC ngày 31/10/2012,https://giavang.org/trong-nuoc/sjc/lich-su/2012-10-31.html,1198
Lịch sử giá vàng SJC ngày 01/11/2012,https://giavang.org/trong-nuoc/sjc/lich-su/2012-11-01.html,1199
Lịch sử giá vàng SJC ngày 02/11/2012,https://giavang.org/trong-nuoc/sjc/lich-su/2012-11-02.html,1200
Lịch sử giá vàng SJC ngày 03/11/2012,https://giavang.org/trong-nuoc/sjc/lich-su/2012-11-03.html,1201
Lịch sử giá vàng SJC ngày 04/11/2012,https://giavang.org/trong-nuoc/sjc/lich-su/2012-11-04.html,1202
Lịch sử giá vàng SJC ngày 05/11/2012,https://giavang.org/trong-nuoc/sjc/lich-su/2012-11-05.html,1203
Lịch sử giá vàng SJC ngày 06/11/2012,https://giavang.org/trong-nuoc/sjc/lich-su/2012-11-06.html,1204
Lịch sử giá vàng SJC ngày 07/11/2012,https://giavang.org/trong-nuoc/sjc/lich-su/2012-11-07.html,1205
Lịch sử giá vàng SJC ngày 08/11/2012,https://giavang.org/trong-nuoc/sjc/lich-su/2012-11-08.html,1206
Lịch sử giá vàng SJC ngày 09/11/2012,https://giavang.org/trong-nuoc/sjc/lich-su/2012-11-09.html,1207
Lịch sử giá vàng SJC ngày 10/11/2012,https://giavang.org/trong-nuoc/sjc/lich-su/2012-11-10.html,1208
Lịch sử giá vàng SJC ngày 11/11/2012,https://giavang.org/trong-nuoc/sjc/lich-su/2012-11-11.html,1209
Lịch sử giá vàng SJC ngày 12/11/2012,https://giavang.org/trong-nuoc/sjc/lich-su/2012-11-12.html,1210
Lịch sử giá vàng SJC ngày 13/11/2012,https://giavang.org/trong-nuoc/sjc/lich-su/2012-11-13.html,1211
Lịch sử giá vàng SJC ngày 14/11/2012,https://giavang.org/trong-nuoc/sjc/lich-su/2012-11-14.html,1212
Lịch sử giá vàng SJC ngày 15/11/2012,https://giavang.org/trong-nuoc/sjc/lich-su/2012-11-15.html,1213
Lịch sử giá vàng SJC ngày 16/11/2012,https://giavang.org/trong-nuoc/sjc/lich-su/2012-11-16.html,1214
Lịch sử giá vàng SJC ngày 17/11/2012,https://giavang.org/trong-nuoc/sjc/lich-su/2012-11-17.html,1215
Lịch sử giá vàng SJC ngày 18/11/2012,https://giavang.org/trong-nuoc/sjc/lich-su/2012-11-18.html,1216
Lịch sử giá vàng SJC ngày 19/11/2012,https://giavang.org/trong-nuoc/sjc/lich-su/2012-11-19.html,1217
Lịch sử giá vàng SJC ngày 20/11/2012,https://giavang.org/trong-nuoc/sjc/lich-su/2012-11-20.html,1218
Lịch sử giá vàng SJC ngày 21/11/2012,https://giavang.org/trong-nuoc/sjc/lich-su/2012-11-21.html,1219
Lịch sử giá vàng SJC ngày 22/11/2012,https://giavang.org/trong-nuoc/sjc/lich-su/2012-11-22.html,1220
Lịch sử giá vàng SJC ngày 23/11/2012,https://giavang.org/trong-nuoc/sjc/lich-su/2012-11-23.html,1221
Lịch sử giá vàng SJC ngày 24/11/2012,https://giavang.org/trong-nuoc/sjc/lich-su/2012-11-24.html,1222
Lịch sử giá vàng SJC ngày 25/11/2012,https://giavang.org/trong-nuoc/sjc/lich-su/2012-11-25.html,1223
Lịch sử giá vàng SJC ngày 26/11/2012,https://giavang.org/trong-nuoc/sjc/lich-su/2012-11-26.html,1224
Lịch sử giá vàng SJC ngày 27/11/2012,https://giavang.org/trong-nuoc/sjc/lich-su/2012-11-27.html,1225
Lịch sử giá vàng SJC ngày 28/11/2012,https://giavang.org/trong-nuoc/sjc/lich-su/2012-11-28.html,1226
Lịch sử giá vàng SJC ngày 29/11/2012,https://giavang.org/trong-nuoc/sjc/lich-su/2012-11-29.html,1227
Lịch sử giá vàng SJC ngày 30/11/2012,https://giavang.org/trong-nuoc/sjc/lich-su/2012-11-30.html,1228
Lịch sử giá vàng SJC ngày 01/12/2012,https://giavang.org/trong-nuoc/sjc/lich-su/2012-12-01.html,1229
Lịch sử giá vàng SJC ngày 02/12/2012,https://giavang.org/trong-nuoc/sjc/lich-su/2012-12-02.html,1230
Lịch sử giá vàng SJC ngày 03/12/2012,https://giavang.org/trong-nuoc/sjc/lich-su/2012-12-03.html,1231
Lịch sử giá vàng SJC ngày 04/12/2012,https://giavang.org/trong-nuoc/sjc/lich-su/2012-12-04.html,1232
Lịch sử giá vàng SJC ngày 05/12/2012,https://giavang.org/trong-nuoc/sjc/lich-su/2012-12-05.html,1233
Lịch sử giá vàng SJC ngày 06/12/2012,https://giavang.org/trong-nuoc/sjc/lich-su/2012-12-06.html,1234
Lịch sử giá vàng SJC ngày 07/12/2012,https://giavang.org/trong-nuoc/sjc/lich-su/2012-12-07.html,1235
Lịch sử giá vàng SJC ngày 08/12/2012,https://giavang.org/trong-nuoc/sjc/lich-su/2012-12-08.html,1236
Lịch sử giá vàng SJC ngày 09/12/2012,https://giavang.org/trong-nuoc/sjc/lich-su/2012-12-09.html,1237
Lịch sử giá vàng SJC ngày 10/12/2012,https://giavang.org/trong-nuoc/sjc/lich-su/2012-12-10.html,1238
Lịch sử giá vàng SJC ngày 11/12/2012,https://giavang.org/trong-nuoc/sjc/lich-su/2012-12-11.html,1239
Lịch sử giá vàng SJC ngày 12/12/2012,https://giavang.org/trong-nuoc/sjc/lich-su/2012-12-12.html,1240
Lịch sử giá vàng SJC ngày 13/12/2012,https://giavang.org/trong-nuoc/sjc/lich-su/2012-12-13.html,1241
Lịch sử giá vàng SJC ngày 14/12/2012,https://giavang.org/trong-nuoc/sjc/lich-su/2012-12-14.html,1242
Lịch sử giá vàng SJC ngày 15/12/2012,https://giavang.org/trong-nuoc/sjc/lich-su/2012-12-15.html,1243
Lịch sử giá vàng SJC ngày 16/12/2012,https://giavang.org/trong-nuoc/sjc/lich-su/2012-12-16.html,1244
Lịch sử giá vàng SJC ngày 17/12/2012,https://giavang.org/trong-nuoc/sjc/lich-su/2012-12-17.html,1245
Lịch sử giá vàng SJC ngày 18/12/2012,https://giavang.org/trong-nuoc/sjc/lich-su/2012-12-18.html,1246
Lịch sử giá vàng SJC ngày 19/12/2012,https://giavang.org/trong-nuoc/sjc/lich-su/2012-12-19.html,1247
Lịch sử giá vàng SJC ngày 20/12/2012,https://giavang.org/trong-nuoc/sjc/lich-su/2012-12-20.html,1248
Lịch sử giá vàng SJC ngày 21/12/2012,https://giavang.org/trong-nuoc/sjc/lich-su/2012-12-21.html,1249
Lịch sử giá vàng SJC ngày 22/12/2012,https://giavang.org/trong-nuoc/sjc/lich-su/2012-12-22.html,1250
Lịch sử giá vàng SJC ngày 23/12/2012,https://giavang.org/trong-nuoc/sjc/lich-su/2012-12-23.html,1251
Lịch sử giá vàng SJC ngày 24/12/2012,https://giavang.org/trong-nuoc/sjc/lich-su/2012-12-24.html,1252
Lịch sử giá vàng SJC ngày 25/12/2012,https://giavang.org/trong-nuoc/sjc/lich-su/2012-12-25.html,1253
Lịch sử giá vàng SJC ngày 26/12/2012,https://giavang.org/trong-nuoc/sjc/lich-su/2012-12-26.html,1254
Lịch sử giá vàng SJC ngày 27/12/2012,https://giavang.org/trong-nuoc/sjc/lich-su/2012-12-27.html,1255
Lịch sử giá vàng SJC ngày 28/12/2012,https://giavang.org/trong-nuoc/sjc/lich-su/2012-12-28.html,1256
Lịch sử giá vàng SJC ngày 29/12/2012,https://giavang.org/trong-nuoc/sjc/lich-su/2012-12-29.html,1257
Lịch sử giá vàng SJC ngày 30/12/2012,https://giavang.org/trong-nuoc/sjc/lich-su/2012-12-30.html,1258
Lịch sử giá vàng SJC ngày 31/12/2012,https://giavang.org/trong-nuoc/sjc/lich-su/2012-12-31.html,1259
Lịch sử giá vàng SJC ngày 01/01/2013,https://giavang.org/trong-nuoc/sjc/lich-su/2013-01-01.html,1260
Lịch sử giá vàng SJC ngày 02/01/2013,https://giavang.org/trong-nuoc/sjc/lich-su/2013-01-02.html,1261
Lịch sử giá vàng SJC ngày 03/01/2013,https://giavang.org/trong-nuoc/sjc/lich-su/2013-01-03.html,1262
Lịch sử giá vàng SJC ngày 04/01/2013,https://giavang.org/trong-nuoc/sjc/lich-su/2013-01-04.html,1263
Lịch sử giá vàng SJC ngày 05/01/2013,https://giavang.org/trong-nuoc/sjc/lich-su/2013-01-05.html,1264
Lịch sử giá vàng SJC ngày 06/01/2013,https://giavang.org/trong-nuoc/sjc/lich-su/2013-01-06.html,1265
Lịch sử giá vàng SJC ngày 07/01/2013,https://giavang.org/trong-nuoc/sjc/lich-su/2013-01-07.html,1266
Lịch sử giá vàng SJC ngày 08/01/2013,https://giavang.org/trong-nuoc/sjc/lich-su/2013-01-08.html,1267
Lịch sử giá vàng SJC ngày 09/01/2013,https://giavang.org/trong-nuoc/sjc/lich-su/2013-01-09.html,1268
Lịch sử giá vàng SJC ngày 10/01/2013,https://giavang.org/trong-nuoc/sjc/lich-su/2013-01-10.html,1269
Lịch sử giá vàng SJC ngày 11/01/2013,https://giavang.org/trong-nuoc/sjc/lich-su/2013-01-11.html,1270
Lịch sử giá vàng SJC ngày 12/01/2013,https://giavang.org/trong-nuoc/sjc/lich-su/2013-01-12.html,1271
Lịch sử giá vàng SJC ngày 13/01/2013,https://giavang.org/trong-nuoc/sjc/lich-su/2013-01-13.html,1272
Lịch sử giá vàng SJC ngày 14/01/2013,https://giavang.org/trong-nuoc/sjc/lich-su/2013-01-14.html,1273
Lịch sử giá vàng SJC ngày 15/01/2013,https://giavang.org/trong-nuoc/sjc/lich-su/2013-01-15.html,1274
Lịch sử giá vàng SJC ngày 16/01/2013,https://giavang.org/trong-nuoc/sjc/lich-su/2013-01-16.html,1275
Lịch sử giá vàng SJC ngày 17/01/2013,https://giavang.org/trong-nuoc/sjc/lich-su/2013-01-17.html,1276
Lịch sử giá vàng SJC ngày 18/01/2013,https://giavang.org/trong-nuoc/sjc/lich-su/2013-01-18.html,1277
Lịch sử giá vàng SJC ngày 19/01/2013,https://giavang.org/trong-nuoc/sjc/lich-su/2013-01-19.html,1278
Lịch sử giá vàng SJC ngày 20/01/2013,https://giavang.org/trong-nuoc/sjc/lich-su/2013-01-20.html,1279
Lịch sử giá vàng SJC ngày 21/01/2013,https://giavang.org/trong-nuoc/sjc/lich-su/2013-01-21.html,1280
Lịch sử giá vàng SJC ngày 22/01/2013,https://giavang.org/trong-nuoc/sjc/lich-su/2013-01-22.html,1281
Lịch sử giá vàng SJC ngày 23/01/2013,https://giavang.org/trong-nuoc/sjc/lich-su/2013-01-23.html,1282
Lịch sử giá vàng SJC ngày 24/01/2013,https://giavang.org/trong-nuoc/sjc/lich-su/2013-01-24.html,1283
Lịch sử giá vàng SJC ngày 25/01/2013,https://giavang.org/trong-nuoc/sjc/lich-su/2013-01-25.html,1284
Lịch sử giá vàng SJC ngày 26/01/2013,https://giavang.org/trong-nuoc/sjc/lich-su/2013-01-26.html,1285
Lịch sử giá vàng SJC ngày 27/01/2013,https://giavang.org/trong-nuoc/sjc/lich-su/2013-01-27.html,1286
Lịch sử giá vàng SJC ngày 28/01/2013,https://giavang.org/trong-nuoc/sjc/lich-su/2013-01-28.html,1287
Lịch sử giá vàng SJC ngày 29/01/2013,https://giavang.org/trong-nuoc/sjc/lich-su/2013-01-29.html,1288
Lịch sử giá vàng SJC ngày 30/01/2013,https://giavang.org/trong-nuoc/sjc/lich-su/2013-01-30.html,1289
Lịch sử giá vàng SJC ngày 31/01/2013,https://giavang.org/trong-nuoc/sjc/lich-su/2013-01-31.html,1290
Lịch sử giá vàng SJC ngày 01/02/2013,https://giavang.org/trong-nuoc/sjc/lich-su/2013-02-01.html,1291
Lịch sử giá vàng SJC ngày 02/02/2013,https://giavang.org/trong-nuoc/sjc/lich-su/2013-02-02.html,1292
Lịch sử giá vàng SJC ngày 03/02/2013,https://giavang.org/trong-nuoc/sjc/lich-su/2013-02-03.html,1293
Lịch sử giá vàng SJC ngày 04/02/2013,https://giavang.org/trong-nuoc/sjc/lich-su/2013-02-04.html,1294
Lịch sử giá vàng SJC ngày 05/02/2013,https://giavang.org/trong-nuoc/sjc/lich-su/2013-02-05.html,1295
Lịch sử giá vàng SJC ngày 06/02/2013,https://giavang.org/trong-nuoc/sjc/lich-su/2013-02-06.html,1296
Lịch sử giá vàng SJC ngày 07/02/2013,https://giavang.org/trong-nuoc/sjc/lich-su/2013-02-07.html,1297
Lịch sử giá vàng SJC ngày 08/02/2013,https://giavang.org/trong-nuoc/sjc/lich-su/2013-02-08.html,1298
Lịch sử giá vàng SJC ngày 09/02/2013,https://giavang.org/trong-nuoc/sjc/lich-su/2013-02-09.html,1299
Lịch sử giá vàng SJC ngày 10/02/2013,https://giavang.org/trong-nuoc/sjc/lich-su/2013-02-10.html,1300
Lịch sử giá vàng SJC ngày 11/02/2013,https://giavang.org/trong-nuoc/sjc/lich-su/2013-02-11.html,1301
Lịch sử giá vàng SJC ngày 12/02/2013,https://giavang.org/trong-nuoc/sjc/lich-su/2013-02-12.html,1302
Lịch sử giá vàng SJC ngày 13/02/2013,https://giavang.org/trong-nuoc/sjc/lich-su/2013-02-13.html,1303
Lịch sử giá vàng SJC ngày 14/02/2013,https://giavang.org/trong-nuoc/sjc/lich-su/2013-02-14.html,1304
Lịch sử giá vàng SJC ngày 15/02/2013,https://giavang.org/trong-nuoc/sjc/lich-su/2013-02-15.html,1305
Lịch sử giá vàng SJC ngày 16/02/2013,https://giavang.org/trong-nuoc/sjc/lich-su/2013-02-16.html,1306
Lịch sử giá vàng SJC ngày 17/02/2013,https://giavang.org/trong-nuoc/sjc/lich-su/2013-02-17.html,1307
Lịch sử giá vàng SJC ngày 18/02/2013,https://giavang.org/trong-nuoc/sjc/lich-su/2013-02-18.html,1308
Lịch sử giá vàng SJC ngày 19/02/2013,https://giavang.org/trong-nuoc/sjc/lich-su/2013-02-19.html,1309
Lịch sử giá vàng SJC ngày 20/02/2013,https://giavang.org/trong-nuoc/sjc/lich-su/2013-02-20.html,1310
Lịch sử giá vàng SJC ngày 21/02/2013,https://giavang.org/trong-nuoc/sjc/lich-su/2013-02-21.html,1311
Lịch sử giá vàng SJC ngày 22/02/2013,https://giavang.org/trong-nuoc/sjc/lich-su/2013-02-22.html,1312
Lịch sử giá vàng SJC ngày 23/02/2013,https://giavang.org/trong-nuoc/sjc/lich-su/2013-02-23.html,1313
Lịch sử giá vàng SJC ngày 24/02/2013,https://giavang.org/trong-nuoc/sjc/lich-su/2013-02-24.html,1314
Lịch sử giá vàng SJC ngày 25/02/2013,https://giavang.org/trong-nuoc/sjc/lich-su/2013-02-25.html,1315
Lịch sử giá vàng SJC ngày 26/02/2013,https://giavang.org/trong-nuoc/sjc/lich-su/2013-02-26.html,1316
Lịch sử giá vàng SJC ngày 27/02/2013,https://giavang.org/trong-nuoc/sjc/lich-su/2013-02-27.html,1317
Lịch sử giá vàng SJC ngày 28/02/2013,https://giavang.org/trong-nuoc/sjc/lich-su/2013-02-28.html,1318
Lịch sử giá vàng SJC ngày 01/03/2013,https://giavang.org/trong-nuoc/sjc/lich-su/2013-03-01.html,1319
Lịch sử giá vàng SJC ngày 02/03/2013,https://giavang.org/trong-nuoc/sjc/lich-su/2013-03-02.html,1320
Lịch sử giá vàng SJC ngày 03/03/2013,https://giavang.org/trong-nuoc/sjc/lich-su/2013-03-03.html,1321
Lịch sử giá vàng SJC ngày 04/03/2013,https://giavang.org/trong-nuoc/sjc/lich-su/2013-03-04.html,1322
Lịch sử giá vàng SJC ngày 05/03/2013,https://giavang.org/trong-nuoc/sjc/lich-su/2013-03-05.html,1323
Lịch sử giá vàng SJC ngày 06/03/2013,https://giavang.org/trong-nuoc/sjc/lich-su/2013-03-06.html,1324
Lịch sử giá vàng SJC ngày 07/03/2013,https://giavang.org/trong-nuoc/sjc/lich-su/2013-03-07.html,1325
Lịch sử giá vàng SJC ngày 08/03/2013,https://giavang.org/trong-nuoc/sjc/lich-su/2013-03-08.html,1326
Lịch sử giá vàng SJC ngày 09/03/2013,https://giavang.org/trong-nuoc/sjc/lich-su/2013-03-09.html,1327
Lịch sử giá vàng SJC ngày 10/03/2013,https://giavang.org/trong-nuoc/sjc/lich-su/2013-03-10.html,1328
Lịch sử giá vàng SJC ngày 11/03/2013,https://giavang.org/trong-nuoc/sjc/lich-su/2013-03-11.html,1329
Lịch sử giá vàng SJC ngày 12/03/2013,https://giavang.org/trong-nuoc/sjc/lich-su/2013-03-12.html,1330
Lịch sử giá vàng SJC ngày 13/03/2013,https://giavang.org/trong-nuoc/sjc/lich-su/2013-03-13.html,1331
Lịch sử giá vàng SJC ngày 14/03/2013,https://giavang.org/trong-nuoc/sjc/lich-su/2013-03-14.html,1332
Lịch sử giá vàng SJC ngày 15/03/2013,https://giavang.org/trong-nuoc/sjc/lich-su/2013-03-15.html,1333
Lịch sử giá vàng SJC ngày 16/03/2013,https://giavang.org/trong-nuoc/sjc/lich-su/2013-03-16.html,1334
Lịch sử giá vàng SJC ngày 17/03/2013,https://giavang.org/trong-nuoc/sjc/lich-su/2013-03-17.html,1335
Lịch sử giá vàng SJC ngày 18/03/2013,https://giavang.org/trong-nuoc/sjc/lich-su/2013-03-18.html,1336
Lịch sử giá vàng SJC ngày 19/03/2013,https://giavang.org/trong-nuoc/sjc/lich-su/2013-03-19.html,1337
Lịch sử giá vàng SJC ngày 20/03/2013,https://giavang.org/trong-nuoc/sjc/lich-su/2013-03-20.html,1338
Lịch sử giá vàng SJC ngày 21/03/2013,https://giavang.org/trong-nuoc/sjc/lich-su/2013-03-21.html,1339
Lịch sử giá vàng SJC ngày 22/03/2013,https://giavang.org/trong-nuoc/sjc/lich-su/2013-03-22.html,1340
Lịch sử giá vàng SJC ngày 23/03/2013,https://giavang.org/trong-nuoc/sjc/lich-su/2013-03-23.html,1341
Lịch sử giá vàng SJC ngày 24/03/2013,https://giavang.org/trong-nuoc/sjc/lich-su/2013-03-24.html,1342
Lịch sử giá vàng SJC ngày 25/03/2013,https://giavang.org/trong-nuoc/sjc/lich-su/2013-03-25.html,1343
Lịch sử giá vàng SJC ngày 26/03/2013,https://giavang.org/trong-nuoc/sjc/lich-su/2013-03-26.html,1344
Lịch sử giá vàng SJC ngày 27/03/2013,https://giavang.org/trong-nuoc/sjc/lich-su/2013-03-27.html,1345
Lịch sử giá vàng SJC ngày 28/03/2013,https://giavang.org/trong-nuoc/sjc/lich-su/2013-03-28.html,1346
Lịch sử giá vàng SJC ngày 29/03/2013,https://giavang.org/trong-nuoc/sjc/lich-su/2013-03-29.html,1347
Lịch sử giá vàng SJC ngày 30/03/2013,https://giavang.org/trong-nuoc/sjc/lich-su/2013-03-30.html,1348
Lịch sử giá vàng SJC ngày 31/03/2013,https://giavang.org/trong-nuoc/sjc/lich-su/2013-03-31.html,1349
Lịch sử giá vàng SJC ngày 01/04/2013,https://giavang.org/trong-nuoc/sjc/lich-su/2013-04-01.html,1350
Lịch sử giá vàng SJC ngày 02/04/2013,https://giavang.org/trong-nuoc/sjc/lich-su/2013-04-02.html,1351
Lịch sử giá vàng SJC ngày 03/04/2013,https://giavang.org/trong-nuoc/sjc/lich-su/2013-04-03.html,1352
Lịch sử giá vàng SJC ngày 04/04/2013,https://giavang.org/trong-nuoc/sjc/lich-su/2013-04-04.html,1353
Lịch sử giá vàng SJC ngày 05/04/2013,https://giavang.org/trong-nuoc/sjc/lich-su/2013-04-05.html,1354
Lịch sử giá vàng SJC ngày 06/04/2013,https://giavang.org/trong-nuoc/sjc/lich-su/2013-04-06.html,1355
Lịch sử giá vàng SJC ngày 07/04/2013,https://giavang.org/trong-nuoc/sjc/lich-su/2013-04-07.html,1356
Lịch sử giá vàng SJC ngày 08/04/2013,https://giavang.org/trong-nuoc/sjc/lich-su/2013-04-08.html,1357
Lịch sử giá vàng SJC ngày 09/04/2013,https://giavang.org/trong-nuoc/sjc/lich-su/2013-04-09.html,1358
Lịch sử giá vàng SJC ngày 10/04/2013,https://giavang.org/trong-nuoc/sjc/lich-su/2013-04-10.html,1359
Lịch sử giá vàng SJC ngày 11/04/2013,https://giavang.org/trong-nuoc/sjc/lich-su/2013-04-11.html,1360
Lịch sử giá vàng SJC ngày 12/04/2013,https://giavang.org/trong-nuoc/sjc/lich-su/2013-04-12.html,1361
Lịch sử giá vàng SJC ngày 13/04/2013,https://giavang.org/trong-nuoc/sjc/lich-su/2013-04-13.html,1362
Lịch sử giá vàng SJC ngày 14/04/2013,https://giavang.org/trong-nuoc/sjc/lich-su/2013-04-14.html,1363
Lịch sử giá vàng SJC ngày 15/04/2013,https://giavang.org/trong-nuoc/sjc/lich-su/2013-04-15.html,1364
Lịch sử giá vàng SJC ngày 16/04/2013,https://giavang.org/trong-nuoc/sjc/lich-su/2013-04-16.html,1365
Lịch sử giá vàng SJC ngày 17/04/2013,https://giavang.org/trong-nuoc/sjc/lich-su/2013-04-17.html,1366
Lịch sử giá vàng SJC ngày 18/04/2013,https://giavang.org/trong-nuoc/sjc/lich-su/2013-04-18.html,1367
Lịch sử giá vàng SJC ngày 19/04/2013,https://giavang.org/trong-nuoc/sjc/lich-su/2013-04-19.html,1368
Lịch sử giá vàng SJC ngày 20/04/2013,https://giavang.org/trong-nuoc/sjc/lich-su/2013-04-20.html,1369
Lịch sử giá vàng SJC ngày 21/04/2013,https://giavang.org/trong-nuoc/sjc/lich-su/2013-04-21.html,1370
Lịch sử giá vàng SJC ngày 22/04/2013,https://giavang.org/trong-nuoc/sjc/lich-su/2013-04-22.html,1371
Lịch sử giá vàng SJC ngày 23/04/2013,https://giavang.org/trong-nuoc/sjc/lich-su/2013-04-23.html,1372
Lịch sử giá vàng SJC ngày 24/04/2013,https://giavang.org/trong-nuoc/sjc/lich-su/2013-04-24.html,1373
Lịch sử giá vàng SJC ngày 25/04/2013,https://giavang.org/trong-nuoc/sjc/lich-su/2013-04-25.html,1374
Lịch sử giá vàng SJC ngày 26/04/2013,https://giavang.org/trong-nuoc/sjc/lich-su/2013-04-26.html,1375
Lịch sử giá vàng SJC ngày 27/04/2013,https://giavang.org/trong-nuoc/sjc/lich-su/2013-04-27.html,1376
Lịch sử giá vàng SJC ngày 28/04/2013,https://giavang.org/trong-nuoc/sjc/lich-su/2013-04-28.html,1377
Lịch sử giá vàng SJC ngày 29/04/2013,https://giavang.org/trong-nuoc/sjc/lich-su/2013-04-29.html,1378
Lịch sử giá vàng SJC ngày 30/04/2013,https://giavang.org/trong-nuoc/sjc/lich-su/2013-04-30.html,1379
Lịch sử giá vàng SJC ngày 01/05/2013,https://giavang.org/trong-nuoc/sjc/lich-su/2013-05-01.html,1380
Lịch sử giá vàng SJC ngày 02/05/2013,https://giavang.org/trong-nuoc/sjc/lich-su/2013-05-02.html,1381
Lịch sử giá vàng SJC ngày 03/05/2013,https://giavang.org/trong-nuoc/sjc/lich-su/2013-05-03.html,1382
Lịch sử giá vàng SJC ngày 04/05/2013,https://giavang.org/trong-nuoc/sjc/lich-su/2013-05-04.html,1383
Lịch sử giá vàng SJC ngày 05/05/2013,https://giavang.org/trong-nuoc/sjc/lich-su/2013-05-05.html,1384
Lịch sử giá vàng SJC ngày 06/05/2013,https://giavang.org/trong-nuoc/sjc/lich-su/2013-05-06.html,1385
Lịch sử giá vàng SJC ngày 07/05/2013,https://giavang.org/trong-nuoc/sjc/lich-su/2013-05-07.html,1386
Lịch sử giá vàng SJC ngày 08/05/2013,https://giavang.org/trong-nuoc/sjc/lich-su/2013-05-08.html,1387
Lịch sử giá vàng SJC ngày 09/05/2013,https://giavang.org/trong-nuoc/sjc/lich-su/2013-05-09.html,1388
Lịch sử giá vàng SJC ngày 10/05/2013,https://giavang.org/trong-nuoc/sjc/lich-su/2013-05-10.html,1389
Lịch sử giá vàng SJC ngày 11/05/2013,https://giavang.org/trong-nuoc/sjc/lich-su/2013-05-11.html,1390
Lịch sử giá vàng SJC ngày 12/05/2013,https://giavang.org/trong-nuoc/sjc/lich-su/2013-05-12.html,1391
Lịch sử giá vàng SJC ngày 13/05/2013,https://giavang.org/trong-nuoc/sjc/lich-su/2013-05-13.html,1392
Lịch sử giá vàng SJC ngày 14/05/2013,https://giavang.org/trong-nuoc/sjc/lich-su/2013-05-14.html,1393
Lịch sử giá vàng SJC ngày 15/05/2013,https://giavang.org/trong-nuoc/sjc/lich-su/2013-05-15.html,1394
Lịch sử giá vàng SJC ngày 16/05/2013,https://giavang.org/trong-nuoc/sjc/lich-su/2013-05-16.html,1395
Lịch sử giá vàng SJC ngày 17/05/2013,https://giavang.org/trong-nuoc/sjc/lich-su/2013-05-17.html,1396
Lịch sử giá vàng SJC ngày 18/05/2013,https://giavang.org/trong-nuoc/sjc/lich-su/2013-05-18.html,1397
Lịch sử giá vàng SJC ngày 19/05/2013,https://giavang.org/trong-nuoc/sjc/lich-su/2013-05-19.html,1398
Lịch sử giá vàng SJC ngày 20/05/2013,https://giavang.org/trong-nuoc/sjc/lich-su/2013-05-20.html,1399
Lịch sử giá vàng SJC ngày 21/05/2013,https://giavang.org/trong-nuoc/sjc/lich-su/2013-05-21.html,1400
Lịch sử giá vàng SJC ngày 22/05/2013,https://giavang.org/trong-nuoc/sjc/lich-su/2013-05-22.html,1401
Lịch sử giá vàng SJC ngày 23/05/2013,https://giavang.org/trong-nuoc/sjc/lich-su/2013-05-23.html,1402
Lịch sử giá vàng SJC ngày 24/05/2013,https://giavang.org/trong-nuoc/sjc/lich-su/2013-05-24.html,1403
Lịch sử giá vàng SJC ngày 25/05/2013,https://giavang.org/trong-nuoc/sjc/lich-su/2013-05-25.html,1404
Lịch sử giá vàng SJC ngày 26/05/2013,https://giavang.org/trong-nuoc/sjc/lich-su/2013-05-26.html,1405
Lịch sử giá vàng SJC ngày 27/05/2013,https://giavang.org/trong-nuoc/sjc/lich-su/2013-05-27.html,1406
Lịch sử giá vàng SJC ngày 28/05/2013,https://giavang.org/trong-nuoc/sjc/lich-su/2013-05-28.html,1407
Lịch sử giá vàng SJC ngày 29/05/2013,https://giavang.org/trong-nuoc/sjc/lich-su/2013-05-29.html,1408
Lịch sử giá vàng SJC ngày 30/05/2013,https://giavang.org/trong-nuoc/sjc/lich-su/2013-05-30.html,1409
Lịch sử giá vàng SJC ngày 31/05/2013,https://giavang.org/trong-nuoc/sjc/lich-su/2013-05-31.html,1410
Lịch sử giá vàng SJC ngày 01/06/2013,https://giavang.org/trong-nuoc/sjc/lich-su/2013-06-01.html,1411
Lịch sử giá vàng SJC ngày 02/06/2013,https://giavang.org/trong-nuoc/sjc/lich-su/2013-06-02.html,1412
Lịch sử giá vàng SJC ngày 03/06/2013,https://giavang.org/trong-nuoc/sjc/lich-su/2013-06-03.html,1413
Lịch sử giá vàng SJC ngày 04/06/2013,https://giavang.org/trong-nuoc/sjc/lich-su/2013-06-04.html,1414
Lịch sử giá vàng SJC ngày 05/06/2013,https://giavang.org/trong-nuoc/sjc/lich-su/2013-06-05.html,1415
Lịch sử giá vàng SJC ngày 06/06/2013,https://giavang.org/trong-nuoc/sjc/lich-su/2013-06-06.html,1416
Lịch sử giá vàng SJC ngày 07/06/2013,https://giavang.org/trong-nuoc/sjc/lich-su/2013-06-07.html,1417
Lịch sử giá vàng SJC ngày 08/06/2013,https://giavang.org/trong-nuoc/sjc/lich-su/2013-06-08.html,1418
Lịch sử giá vàng SJC ngày 09/06/2013,https://giavang.org/trong-nuoc/sjc/lich-su/2013-06-09.html,1419
Lịch sử giá vàng SJC ngày 10/06/2013,https://giavang.org/trong-nuoc/sjc/lich-su/2013-06-10.html,1420
Lịch sử giá vàng SJC ngày 11/06/2013,https://giavang.org/trong-nuoc/sjc/lich-su/2013-06-11.html,1421
Lịch sử giá vàng SJC ngày 12/06/2013,https://giavang.org/trong-nuoc/sjc/lich-su/2013-06-12.html,1422
Lịch sử giá vàng SJC ngày 13/06/2013,https://giavang.org/trong-nuoc/sjc/lich-su/2013-06-13.html,1423
Lịch sử giá vàng SJC ngày 14/06/2013,https://giavang.org/trong-nuoc/sjc/lich-su/2013-06-14.html,1424
Lịch sử giá vàng SJC ngày 15/06/2013,https://giavang.org/trong-nuoc/sjc/lich-su/2013-06-15.html,1425
Lịch sử giá vàng SJC ngày 16/06/2013,https://giavang.org/trong-nuoc/sjc/lich-su/2013-06-16.html,1426
Lịch sử giá vàng SJC ngày 17/06/2013,https://giavang.org/trong-nuoc/sjc/lich-su/2013-06-17.html,1427
Lịch sử giá vàng SJC ngày 18/06/2013,https://giavang.org/trong-nuoc/sjc/lich-su/2013-06-18.html,1428
Lịch sử giá vàng SJC ngày 19/06/2013,https://giavang.org/trong-nuoc/sjc/lich-su/2013-06-19.html,1429
Lịch sử giá vàng SJC ngày 20/06/2013,https://giavang.org/trong-nuoc/sjc/lich-su/2013-06-20.html,1430
Lịch sử giá vàng SJC ngày 21/06/2013,https://giavang.org/trong-nuoc/sjc/lich-su/2013-06-21.html,1431
Lịch sử giá vàng SJC ngày 22/06/2013,https://giavang.org/trong-nuoc/sjc/lich-su/2013-06-22.html,1432
Lịch sử giá vàng SJC ngày 23/06/2013,https://giavang.org/trong-nuoc/sjc/lich-su/2013-06-23.html,1433
Lịch sử giá vàng SJC ngày 24/06/2013,https://giavang.org/trong-nuoc/sjc/lich-su/2013-06-24.html,1434
Lịch sử giá vàng SJC ngày 25/06/2013,https://giavang.org/trong-nuoc/sjc/lich-su/2013-06-25.html,1435
Lịch sử giá vàng SJC ngày 26/06/2013,https://giavang.org/trong-nuoc/sjc/lich-su/2013-06-26.html,1436
Lịch sử giá vàng SJC ngày 27/06/2013,https://giavang.org/trong-nuoc/sjc/lich-su/2013-06-27.html,1437
Lịch sử giá vàng SJC ngày 28/06/2013,https://giavang.org/trong-nuoc/sjc/lich-su/2013-06-28.html,1438
Lịch sử giá vàng SJC ngày 29/06/2013,https://giavang.org/trong-nuoc/sjc/lich-su/2013-06-29.html,1439
Lịch sử giá vàng SJC ngày 30/06/2013,https://giavang.org/trong-nuoc/sjc/lich-su/2013-06-30.html,1440
Lịch sử giá vàng SJC ngày 01/07/2013,https://giavang.org/trong-nuoc/sjc/lich-su/2013-07-01.html,1441
Lịch sử giá vàng SJC ngày 02/07/2013,https://giavang.org/trong-nuoc/sjc/lich-su/2013-07-02.html,1442
Lịch sử giá vàng SJC ngày 03/07/2013,https://giavang.org/trong-nuoc/sjc/lich-su/2013-07-03.html,1443
Lịch sử giá vàng SJC ngày 04/07/2013,https://giavang.org/trong-nuoc/sjc/lich-su/2013-07-04.html,1444
Lịch sử giá vàng SJC ngày 05/07/2013,https://giavang.org/trong-nuoc/sjc/lich-su/2013-07-05.html,1445
Lịch sử giá vàng SJC ngày 06/07/2013,https://giavang.org/trong-nuoc/sjc/lich-su/2013-07-06.html,1446
Lịch sử giá vàng SJC ngày 07/07/2013,https://giavang.org/trong-nuoc/sjc/lich-su/2013-07-07.html,1447
Lịch sử giá vàng SJC ngày 08/07/2013,https://giavang.org/trong-nuoc/sjc/lich-su/2013-07-08.html,1448
Lịch sử giá vàng SJC ngày 09/07/2013,https://giavang.org/trong-nuoc/sjc/lich-su/2013-07-09.html,1449
Lịch sử giá vàng SJC ngày 10/07/2013,https://giavang.org/trong-nuoc/sjc/lich-su/2013-07-10.html,1450
Lịch sử giá vàng SJC ngày 11/07/2013,https://giavang.org/trong-nuoc/sjc/lich-su/2013-07-11.html,1451
Lịch sử giá vàng SJC ngày 12/07/2013,https://giavang.org/trong-nuoc/sjc/lich-su/2013-07-12.html,1452
Lịch sử giá vàng SJC ngày 13/07/2013,https://giavang.org/trong-nuoc/sjc/lich-su/2013-07-13.html,1453
Lịch sử giá vàng SJC ngày 14/07/2013,https://giavang.org/trong-nuoc/sjc/lich-su/2013-07-14.html,1454
Lịch sử giá vàng SJC ngày 15/07/2013,https://giavang.org/trong-nuoc/sjc/lich-su/2013-07-15.html,1455
Lịch sử giá vàng SJC ngày 16/07/2013,https://giavang.org/trong-nuoc/sjc/lich-su/2013-07-16.html,1456
Lịch sử giá vàng SJC ngày 17/07/2013,https://giavang.org/trong-nuoc/sjc/lich-su/2013-07-17.html,1457
Lịch sử giá vàng SJC ngày 18/07/2013,https://giavang.org/trong-nuoc/sjc/lich-su/2013-07-18.html,1458
Lịch sử giá vàng SJC ngày 19/07/2013,https://giavang.org/trong-nuoc/sjc/lich-su/2013-07-19.html,1459
Lịch sử giá vàng SJC ngày 20/07/2013,https://giavang.org/trong-nuoc/sjc/lich-su/2013-07-20.html,1460
Lịch sử giá vàng SJC ngày 21/07/2013,https://giavang.org/trong-nuoc/sjc/lich-su/2013-07-21.html,1461
Lịch sử giá vàng SJC ngày 22/07/2013,https://giavang.org/trong-nuoc/sjc/lich-su/2013-07-22.html,1462
Lịch sử giá vàng SJC ngày 23/07/2013,https://giavang.org/trong-nuoc/sjc/lich-su/2013-07-23.html,1463
Lịch sử giá vàng SJC ngày 24/07/2013,https://giavang.org/trong-nuoc/sjc/lich-su/2013-07-24.html,1464
Lịch sử giá vàng SJC ngày 25/07/2013,https://giavang.org/trong-nuoc/sjc/lich-su/2013-07-25.html,1465
Lịch sử giá vàng SJC ngày 26/07/2013,https://giavang.org/trong-nuoc/sjc/lich-su/2013-07-26.html,1466
Lịch sử giá vàng SJC ngày 27/07/2013,https://giavang.org/trong-nuoc/sjc/lich-su/2013-07-27.html,1467
Lịch sử giá vàng SJC ngày 28/07/2013,https://giavang.org/trong-nuoc/sjc/lich-su/2013-07-28.html,1468
Lịch sử giá vàng SJC ngày 29/07/2013,https://giavang.org/trong-nuoc/sjc/lich-su/2013-07-29.html,1469
Lịch sử giá vàng SJC ngày 30/07/2013,https://giavang.org/trong-nuoc/sjc/lich-su/2013-07-30.html,1470
Lịch sử giá vàng SJC ngày 31/07/2013,https://giavang.org/trong-nuoc/sjc/lich-su/2013-07-31.html,1471
Lịch sử giá vàng SJC ngày 01/08/2013,https://giavang.org/trong-nuoc/sjc/lich-su/2013-08-01.html,1472
Lịch sử giá vàng SJC ngày 02/08/2013,https://giavang.org/trong-nuoc/sjc/lich-su/2013-08-02.html,1473
Lịch sử giá vàng SJC ngày 03/08/2013,https://giavang.org/trong-nuoc/sjc/lich-su/2013-08-03.html,1474
Lịch sử giá vàng SJC ngày 04/08/2013,https://giavang.org/trong-nuoc/sjc/lich-su/2013-08-04.html,1475
Lịch sử giá vàng SJC ngày 05/08/2013,https://giavang.org/trong-nuoc/sjc/lich-su/2013-08-05.html,1476
Lịch sử giá vàng SJC ngày 06/08/2013,https://giavang.org/trong-nuoc/sjc/lich-su/2013-08-06.html,1477
Lịch sử giá vàng SJC ngày 07/08/2013,https://giavang.org/trong-nuoc/sjc/lich-su/2013-08-07.html,1478
Lịch sử giá vàng SJC ngày 08/08/2013,https://giavang.org/trong-nuoc/sjc/lich-su/2013-08-08.html,1479
Lịch sử giá vàng SJC ngày 09/08/2013,https://giavang.org/trong-nuoc/sjc/lich-su/2013-08-09.html,1480
Lịch sử giá vàng SJC ngày 10/08/2013,https://giavang.org/trong-nuoc/sjc/lich-su/2013-08-10.html,1481
Lịch sử giá vàng SJC ngày 11/08/2013,https://giavang.org/trong-nuoc/sjc/lich-su/2013-08-11.html,1482
Lịch sử giá vàng SJC ngày 12/08/2013,https://giavang.org/trong-nuoc/sjc/lich-su/2013-08-12.html,1483
Lịch sử giá vàng SJC ngày 13/08/2013,https://giavang.org/trong-nuoc/sjc/lich-su/2013-08-13.html,1484
Lịch sử giá vàng SJC ngày 14/08/2013,https://giavang.org/trong-nuoc/sjc/lich-su/2013-08-14.html,1485
Lịch sử giá vàng SJC ngày 15/08/2013,https://giavang.org/trong-nuoc/sjc/lich-su/2013-08-15.html,1486
Lịch sử giá vàng SJC ngày 16/08/2013,https://giavang.org/trong-nuoc/sjc/lich-su/2013-08-16.html,1487
Lịch sử giá vàng SJC ngày 17/08/2013,https://giavang.org/trong-nuoc/sjc/lich-su/2013-08-17.html,1488
Lịch sử giá vàng SJC ngày 18/08/2013,https://giavang.org/trong-nuoc/sjc/lich-su/2013-08-18.html,1489
Lịch sử giá vàng SJC ngày 19/08/2013,https://giavang.org/trong-nuoc/sjc/lich-su/2013-08-19.html,1490
Lịch sử giá vàng SJC ngày 20/08/2013,https://giavang.org/trong-nuoc/sjc/lich-su/2013-08-20.html,1491
Lịch sử giá vàng SJC ngày 21/08/2013,https://giavang.org/trong-nuoc/sjc/lich-su/2013-08-21.html,1492
Lịch sử giá vàng SJC ngày 22/08/2013,https://giavang.org/trong-nuoc/sjc/lich-su/2013-08-22.html,1493
Lịch sử giá vàng SJC ngày 23/08/2013,https://giavang.org/trong-nuoc/sjc/lich-su/2013-08-23.html,1494
Lịch sử giá vàng SJC ngày 24/08/2013,https://giavang.org/trong-nuoc/sjc/lich-su/2013-08-24.html,1495
Lịch sử giá vàng SJC ngày 25/08/2013,https://giavang.org/trong-nuoc/sjc/lich-su/2013-08-25.html,1496
Lịch sử giá vàng SJC ngày 26/08/2013,https://giavang.org/trong-nuoc/sjc/lich-su/2013-08-26.html,1497
Lịch sử giá vàng SJC ngày 27/08/2013,https://giavang.org/trong-nuoc/sjc/lich-su/2013-08-27.html,1498
Lịch sử giá vàng SJC ngày 28/08/2013,https://giavang.org/trong-nuoc/sjc/lich-su/2013-08-28.html,1499
Lịch sử giá vàng SJC ngày 29/08/2013,https://giavang.org/trong-nuoc/sjc/lich-su/2013-08-29.html,1500
Lịch sử giá vàng SJC ngày 30/08/2013,https://giavang.org/trong-nuoc/sjc/lich-su/2013-08-30.html,1501
Lịch sử giá vàng SJC ngày 31/08/2013,https://giavang.org/trong-nuoc/sjc/lich-su/2013-08-31.html,1502
Lịch sử giá vàng SJC ngày 01/09/2013,https://giavang.org/trong-nuoc/sjc/lich-su/2013-09-01.html,1503
Lịch sử giá vàng SJC ngày 02/09/2013,https://giavang.org/trong-nuoc/sjc/lich-su/2013-09-02.html,1504
Lịch sử giá vàng SJC ngày 03/09/2013,https://giavang.org/trong-nuoc/sjc/lich-su/2013-09-03.html,1505
Lịch sử giá vàng SJC ngày 04/09/2013,https://giavang.org/trong-nuoc/sjc/lich-su/2013-09-04.html,1506
Lịch sử giá vàng SJC ngày 05/09/2013,https://giavang.org/trong-nuoc/sjc/lich-su/2013-09-05.html,1507
Lịch sử giá vàng SJC ngày 06/09/2013,https://giavang.org/trong-nuoc/sjc/lich-su/2013-09-06.html,1508
Lịch sử giá vàng SJC ngày 07/09/2013,https://giavang.org/trong-nuoc/sjc/lich-su/2013-09-07.html,1509
Lịch sử giá vàng SJC ngày 08/09/2013,https://giavang.org/trong-nuoc/sjc/lich-su/2013-09-08.html,1510
Lịch sử giá vàng SJC ngày 09/09/2013,https://giavang.org/trong-nuoc/sjc/lich-su/2013-09-09.html,1511
Lịch sử giá vàng SJC ngày 10/09/2013,https://giavang.org/trong-nuoc/sjc/lich-su/2013-09-10.html,1512
Lịch sử giá vàng SJC ngày 11/09/2013,https://giavang.org/trong-nuoc/sjc/lich-su/2013-09-11.html,1513
Lịch sử giá vàng SJC ngày 12/09/2013,https://giavang.org/trong-nuoc/sjc/lich-su/2013-09-12.html,1514
Lịch sử giá vàng SJC ngày 13/09/2013,https://giavang.org/trong-nuoc/sjc/lich-su/2013-09-13.html,1515
Lịch sử giá vàng SJC ngày 14/09/2013,https://giavang.org/trong-nuoc/sjc/lich-su/2013-09-14.html,1516
Lịch sử giá vàng SJC ngày 15/09/2013,https://giavang.org/trong-nuoc/sjc/lich-su/2013-09-15.html,1517
Lịch sử giá vàng SJC ngày 16/09/2013,https://giavang.org/trong-nuoc/sjc/lich-su/2013-09-16.html,1518
Lịch sử giá vàng SJC ngày 17/09/2013,https://giavang.org/trong-nuoc/sjc/lich-su/2013-09-17.html,1519
Lịch sử giá vàng SJC ngày 18/09/2013,https://giavang.org/trong-nuoc/sjc/lich-su/2013-09-18.html,1520
Lịch sử giá vàng SJC ngày 19/09/2013,https://giavang.org/trong-nuoc/sjc/lich-su/2013-09-19.html,1521
Lịch sử giá vàng SJC ngày 20/09/2013,https://giavang.org/trong-nuoc/sjc/lich-su/2013-09-20.html,1522
Lịch sử giá vàng SJC ngày 21/09/2013,https://giavang.org/trong-nuoc/sjc/lich-su/2013-09-21.html,1523
Lịch sử giá vàng SJC ngày 22/09/2013,https://giavang.org/trong-nuoc/sjc/lich-su/2013-09-22.html,1524
Lịch sử giá vàng SJC ngày 23/09/2013,https://giavang.org/trong-nuoc/sjc/lich-su/2013-09-23.html,1525
Lịch sử giá vàng SJC ngày 24/09/2013,https://giavang.org/trong-nuoc/sjc/lich-su/2013-09-24.html,1526
Lịch sử giá vàng SJC ngày 25/09/2013,https://giavang.org/trong-nuoc/sjc/lich-su/2013-09-25.html,1527
Lịch sử giá vàng SJC ngày 26/09/2013,https://giavang.org/trong-nuoc/sjc/lich-su/2013-09-26.html,1528
Lịch sử giá vàng SJC ngày 27/09/2013,https://giavang.org/trong-nuoc/sjc/lich-su/2013-09-27.html,1529
Lịch sử giá vàng SJC ngày 28/09/2013,https://giavang.org/trong-nuoc/sjc/lich-su/2013-09-28.html,1530
Lịch sử giá vàng SJC ngày 29/09/2013,https://giavang.org/trong-nuoc/sjc/lich-su/2013-09-29.html,1531
Lịch sử giá vàng SJC ngày 30/09/2013,https://giavang.org/trong-nuoc/sjc/lich-su/2013-09-30.html,1532
Lịch sử giá vàng SJC ngày 01/10/2013,https://giavang.org/trong-nuoc/sjc/lich-su/2013-10-01.html,1533
Lịch sử giá vàng SJC ngày 02/10/2013,https://giavang.org/trong-nuoc/sjc/lich-su/2013-10-02.html,1534
Lịch sử giá vàng SJC ngày 03/10/2013,https://giavang.org/trong-nuoc/sjc/lich-su/2013-10-03.html,1535
Lịch sử giá vàng SJC ngày 04/10/2013,https://giavang.org/trong-nuoc/sjc/lich-su/2013-10-04.html,1536
Lịch sử giá vàng SJC ngày 05/10/2013,https://giavang.org/trong-nuoc/sjc/lich-su/2013-10-05.html,1537
Lịch sử giá vàng SJC ngày 06/10/2013,https://giavang.org/trong-nuoc/sjc/lich-su/2013-10-06.html,1538
Lịch sử giá vàng SJC ngày 07/10/2013,https://giavang.org/trong-nuoc/sjc/lich-su/2013-10-07.html,1539
Lịch sử giá vàng SJC ngày 08/10/2013,https://giavang.org/trong-nuoc/sjc/lich-su/2013-10-08.html,1540
Lịch sử giá vàng SJC ngày 09/10/2013,https://giavang.org/trong-nuoc/sjc/lich-su/2013-10-09.html,1541
Lịch sử giá vàng SJC ngày 10/10/2013,https://giavang.org/trong-nuoc/sjc/lich-su/2013-10-10.html,1542
Lịch sử giá vàng SJC ngày 11/10/2013,https://giavang.org/trong-nuoc/sjc/lich-su/2013-10-11.html,1543
Lịch sử giá vàng SJC ngày 12/10/2013,https://giavang.org/trong-nuoc/sjc/lich-su/2013-10-12.html,1544
Lịch sử giá vàng SJC ngày 13/10/2013,https://giavang.org/trong-nuoc/sjc/lich-su/2013-10-13.html,1545
Lịch sử giá vàng SJC ngày 14/10/2013,https://giavang.org/trong-nuoc/sjc/lich-su/2013-10-14.html,1546
Lịch sử giá vàng SJC ngày 15/10/2013,https://giavang.org/trong-nuoc/sjc/lich-su/2013-10-15.html,1547
Lịch sử giá vàng SJC ngày 16/10/2013,https://giavang.org/trong-nuoc/sjc/lich-su/2013-10-16.html,1548
Lịch sử giá vàng SJC ngày 17/10/2013,https://giavang.org/trong-nuoc/sjc/lich-su/2013-10-17.html,1549
Lịch sử giá vàng SJC ngày 18/10/2013,https://giavang.org/trong-nuoc/sjc/lich-su/2013-10-18.html,1550
Lịch sử giá vàng SJC ngày 19/10/2013,https://giavang.org/trong-nuoc/sjc/lich-su/2013-10-19.html,1551
Lịch sử giá vàng SJC ngày 20/10/2013,https://giavang.org/trong-nuoc/sjc/lich-su/2013-10-20.html,1552
Lịch sử giá vàng SJC ngày 21/10/2013,https://giavang.org/trong-nuoc/sjc/lich-su/2013-10-21.html,1553
Lịch sử giá vàng SJC ngày 22/10/2013,https://giavang.org/trong-nuoc/sjc/lich-su/2013-10-22.html,1554
Lịch sử giá vàng SJC ngày 23/10/2013,https://giavang.org/trong-nuoc/sjc/lich-su/2013-10-23.html,1555
Lịch sử giá vàng SJC ngày 24/10/2013,https://giavang.org/trong-nuoc/sjc/lich-su/2013-10-24.html,1556
Lịch sử giá vàng SJC ngày 25/10/2013,https://giavang.org/trong-nuoc/sjc/lich-su/2013-10-25.html,1557
Lịch sử giá vàng SJC ngày 26/10/2013,https://giavang.org/trong-nuoc/sjc/lich-su/2013-10-26.html,1558
Lịch sử giá vàng SJC ngày 27/10/2013,https://giavang.org/trong-nuoc/sjc/lich-su/2013-10-27.html,1559
Lịch sử giá vàng SJC ngày 28/10/2013,https://giavang.org/trong-nuoc/sjc/lich-su/2013-10-28.html,1560
Lịch sử giá vàng SJC ngày 29/10/2013,https://giavang.org/trong-nuoc/sjc/lich-su/2013-10-29.html,1561
Lịch sử giá vàng SJC ngày 30/10/2013,https://giavang.org/trong-nuoc/sjc/lich-su/2013-10-30.html,1562
Lịch sử giá vàng SJC ngày 31/10/2013,https://giavang.org/trong-nuoc/sjc/lich-su/2013-10-31.html,1563
Lịch sử giá vàng SJC ngày 01/11/2013,https://giavang.org/trong-nuoc/sjc/lich-su/2013-11-01.html,1564
Lịch sử giá vàng SJC ngày 02/11/2013,https://giavang.org/trong-nuoc/sjc/lich-su/2013-11-02.html,1565
Lịch sử giá vàng SJC ngày 03/11/2013,https://giavang.org/trong-nuoc/sjc/lich-su/2013-11-03.html,1566
Lịch sử giá vàng SJC ngày 04/11/2013,https://giavang.org/trong-nuoc/sjc/lich-su/2013-11-04.html,1567
Lịch sử giá vàng SJC ngày 05/11/2013,https://giavang.org/trong-nuoc/sjc/lich-su/2013-11-05.html,1568
Lịch sử giá vàng SJC ngày 06/11/2013,https://giavang.org/trong-nuoc/sjc/lich-su/2013-11-06.html,1569
Lịch sử giá vàng SJC ngày 07/11/2013,https://giavang.org/trong-nuoc/sjc/lich-su/2013-11-07.html,1570
Lịch sử giá vàng SJC ngày 08/11/2013,https://giavang.org/trong-nuoc/sjc/lich-su/2013-11-08.html,1571
Lịch sử giá vàng SJC ngày 09/11/2013,https://giavang.org/trong-nuoc/sjc/lich-su/2013-11-09.html,1572
Lịch sử giá vàng SJC ngày 10/11/2013,https://giavang.org/trong-nuoc/sjc/lich-su/2013-11-10.html,1573
Lịch sử giá vàng SJC ngày 11/11/2013,https://giavang.org/trong-nuoc/sjc/lich-su/2013-11-11.html,1574
Lịch sử giá vàng SJC ngày 12/11/2013,https://giavang.org/trong-nuoc/sjc/lich-su/2013-11-12.html,1575
Lịch sử giá vàng SJC ngày 13/11/2013,https://giavang.org/trong-nuoc/sjc/lich-su/2013-11-13.html,1576
Lịch sử giá vàng SJC ngày 14/11/2013,https://giavang.org/trong-nuoc/sjc/lich-su/2013-11-14.html,1577
Lịch sử giá vàng SJC ngày 15/11/2013,https://giavang.org/trong-nuoc/sjc/lich-su/2013-11-15.html,1578
Lịch sử giá vàng SJC ngày 16/11/2013,https://giavang.org/trong-nuoc/sjc/lich-su/2013-11-16.html,1579
Lịch sử giá vàng SJC ngày 17/11/2013,https://giavang.org/trong-nuoc/sjc/lich-su/2013-11-17.html,1580
Lịch sử giá vàng SJC ngày 18/11/2013,https://giavang.org/trong-nuoc/sjc/lich-su/2013-11-18.html,1581
Lịch sử giá vàng SJC ngày 19/11/2013,https://giavang.org/trong-nuoc/sjc/lich-su/2013-11-19.html,1582
Lịch sử giá vàng SJC ngày 20/11/2013,https://giavang.org/trong-nuoc/sjc/lich-su/2013-11-20.html,1583
Lịch sử giá vàng SJC ngày 21/11/2013,https://giavang.org/trong-nuoc/sjc/lich-su/2013-11-21.html,1584
Lịch sử giá vàng SJC ngày 22/11/2013,https://giavang.org/trong-nuoc/sjc/lich-su/2013-11-22.html,1585
Lịch sử giá vàng SJC ngày 23/11/2013,https://giavang.org/trong-nuoc/sjc/lich-su/2013-11-23.html,1586
Lịch sử giá vàng SJC ngày 24/11/2013,https://giavang.org/trong-nuoc/sjc/lich-su/2013-11-24.html,1587
Lịch sử giá vàng SJC ngày 25/11/2013,https://giavang.org/trong-nuoc/sjc/lich-su/2013-11-25.html,1588
Lịch sử giá vàng SJC ngày 26/11/2013,https://giavang.org/trong-nuoc/sjc/lich-su/2013-11-26.html,1589
Lịch sử giá vàng SJC ngày 27/11/2013,https://giavang.org/trong-nuoc/sjc/lich-su/2013-11-27.html,1590
Lịch sử giá vàng SJC ngày 28/11/2013,https://giavang.org/trong-nuoc/sjc/lich-su/2013-11-28.html,1591
Lịch sử giá vàng SJC ngày 29/11/2013,https://giavang.org/trong-nuoc/sjc/lich-su/2013-11-29.html,1592
Lịch sử giá vàng SJC ngày 30/11/2013,https://giavang.org/trong-nuoc/sjc/lich-su/2013-11-30.html,1593
Lịch sử giá vàng SJC ngày 01/12/2013,https://giavang.org/trong-nuoc/sjc/lich-su/2013-12-01.html,1594
Lịch sử giá vàng SJC ngày 02/12/2013,https://giavang.org/trong-nuoc/sjc/lich-su/2013-12-02.html,1595
Lịch sử giá vàng SJC ngày 03/12/2013,https://giavang.org/trong-nuoc/sjc/lich-su/2013-12-03.html,1596
Lịch sử giá vàng SJC ngày 04/12/2013,https://giavang.org/trong-nuoc/sjc/lich-su/2013-12-04.html,1597
Lịch sử giá vàng SJC ngày 05/12/2013,https://giavang.org/trong-nuoc/sjc/lich-su/2013-12-05.html,1598
Lịch sử giá vàng SJC ngày 06/12/2013,https://giavang.org/trong-nuoc/sjc/lich-su/2013-12-06.html,1599
Lịch sử giá vàng SJC ngày 07/12/2013,https://giavang.org/trong-nuoc/sjc/lich-su/2013-12-07.html,1600
Lịch sử giá vàng SJC ngày 08/12/2013,https://giavang.org/trong-nuoc/sjc/lich-su/2013-12-08.html,1601
Lịch sử giá vàng SJC ngày 09/12/2013,https://giavang.org/trong-nuoc/sjc/lich-su/2013-12-09.html,1602
Lịch sử giá vàng SJC ngày 10/12/2013,https://giavang.org/trong-nuoc/sjc/lich-su/2013-12-10.html,1603
Lịch sử giá vàng SJC ngày 11/12/2013,https://giavang.org/trong-nuoc/sjc/lich-su/2013-12-11.html,1604
Lịch sử giá vàng SJC ngày 12/12/2013,https://giavang.org/trong-nuoc/sjc/lich-su/2013-12-12.html,1605
Lịch sử giá vàng SJC ngày 13/12/2013,https://giavang.org/trong-nuoc/sjc/lich-su/2013-12-13.html,1606
Lịch sử giá vàng SJC ngày 14/12/2013,https://giavang.org/trong-nuoc/sjc/lich-su/2013-12-14.html,1607
Lịch sử giá vàng SJC ngày 15/12/2013,https://giavang.org/trong-nuoc/sjc/lich-su/2013-12-15.html,1608
Lịch sử giá vàng SJC ngày 16/12/2013,https://giavang.org/trong-nuoc/sjc/lich-su/2013-12-16.html,1609
Lịch sử giá vàng SJC ngày 17/12/2013,https://giavang.org/trong-nuoc/sjc/lich-su/2013-12-17.html,1610
Lịch sử giá vàng SJC ngày 18/12/2013,https://giavang.org/trong-nuoc/sjc/lich-su/2013-12-18.html,1611
Lịch sử giá vàng SJC ngày 19/12/2013,https://giavang.org/trong-nuoc/sjc/lich-su/2013-12-19.html,1612
Lịch sử giá vàng SJC ngày 20/12/2013,https://giavang.org/trong-nuoc/sjc/lich-su/2013-12-20.html,1613
Lịch sử giá vàng SJC ngày 21/12/2013,https://giavang.org/trong-nuoc/sjc/lich-su/2013-12-21.html,1614
Lịch sử giá vàng SJC ngày 22/12/2013,https://giavang.org/trong-nuoc/sjc/lich-su/2013-12-22.html,1615
Lịch sử giá vàng SJC ngày 23/12/2013,https://giavang.org/trong-nuoc/sjc/lich-su/2013-12-23.html,1616
Lịch sử giá vàng SJC ngày 24/12/2013,https://giavang.org/trong-nuoc/sjc/lich-su/2013-12-24.html,1617
Lịch sử giá vàng SJC ngày 25/12/2013,https://giavang.org/trong-nuoc/sjc/lich-su/2013-12-25.html,1618
Lịch sử giá vàng SJC ngày 26/12/2013,https://giavang.org/trong-nuoc/sjc/lich-su/2013-12-26.html,1619
Lịch sử giá vàng SJC ngày 27/12/2013,https://giavang.org/trong-nuoc/sjc/lich-su/2013-12-27.html,1620
Lịch sử giá vàng SJC ngày 28/12/2013,https://giavang.org/trong-nuoc/sjc/lich-su/2013-12-28.html,1621
Lịch sử giá vàng SJC ngày 29/12/2013,https://giavang.org/trong-nuoc/sjc/lich-su/2013-12-29.html,1622
Lịch sử giá vàng SJC ngày 30/12/2013,https://giavang.org/trong-nuoc/sjc/lich-su/2013-12-30.html,1623
Lịch sử giá vàng SJC ngày 31/12/2013,https://giavang.org/trong-nuoc/sjc/lich-su/2013-12-31.html,1624
Lịch sử giá vàng SJC ngày 01/01/2014,https://giavang.org/trong-nuoc/sjc/lich-su/2014-01-01.html,1625
Lịch sử giá vàng SJC ngày 02/01/2014,https://giavang.org/trong-nuoc/sjc/lich-su/2014-01-02.html,1626
Lịch sử giá vàng SJC ngày 03/01/2014,https://giavang.org/trong-nuoc/sjc/lich-su/2014-01-03.html,1627
Lịch sử giá vàng SJC ngày 04/01/2014,https://giavang.org/trong-nuoc/sjc/lich-su/2014-01-04.html,1628
Lịch sử giá vàng SJC ngày 05/01/2014,https://giavang.org/trong-nuoc/sjc/lich-su/2014-01-05.html,1629
Lịch sử giá vàng SJC ngày 06/01/2014,https://giavang.org/trong-nuoc/sjc/lich-su/2014-01-06.html,1630
Lịch sử giá vàng SJC ngày 07/01/2014,https://giavang.org/trong-nuoc/sjc/lich-su/2014-01-07.html,1631
Lịch sử giá vàng SJC ngày 08/01/2014,https://giavang.org/trong-nuoc/sjc/lich-su/2014-01-08.html,1632
Lịch sử giá vàng SJC ngày 09/01/2014,https://giavang.org/trong-nuoc/sjc/lich-su/2014-01-09.html,1633
Lịch sử giá vàng SJC ngày 10/01/2014,https://giavang.org/trong-nuoc/sjc/lich-su/2014-01-10.html,1634
Lịch sử giá vàng SJC ngày 11/01/2014,https://giavang.org/trong-nuoc/sjc/lich-su/2014-01-11.html,1635
Lịch sử giá vàng SJC ngày 12/01/2014,https://giavang.org/trong-nuoc/sjc/lich-su/2014-01-12.html,1636
Lịch sử giá vàng SJC ngày 13/01/2014,https://giavang.org/trong-nuoc/sjc/lich-su/2014-01-13.html,1637
Lịch sử giá vàng SJC ngày 14/01/2014,https://giavang.org/trong-nuoc/sjc/lich-su/2014-01-14.html,1638
Lịch sử giá vàng SJC ngày 15/01/2014,https://giavang.org/trong-nuoc/sjc/lich-su/2014-01-15.html,1639
Lịch sử giá vàng SJC ngày 16/01/2014,https://giavang.org/trong-nuoc/sjc/lich-su/2014-01-16.html,1640
Lịch sử giá vàng SJC ngày 17/01/2014,https://giavang.org/trong-nuoc/sjc/lich-su/2014-01-17.html,1641
Lịch sử giá vàng SJC ngày 18/01/2014,https://giavang.org/trong-nuoc/sjc/lich-su/2014-01-18.html,1642
Lịch sử giá vàng SJC ngày 19/01/2014,https://giavang.org/trong-nuoc/sjc/lich-su/2014-01-19.html,1643
Lịch sử giá vàng SJC ngày 20/01/2014,https://giavang.org/trong-nuoc/sjc/lich-su/2014-01-20.html,1644
Lịch sử giá vàng SJC ngày 21/01/2014,https://giavang.org/trong-nuoc/sjc/lich-su/2014-01-21.html,1645
Lịch sử giá vàng SJC ngày 22/01/2014,https://giavang.org/trong-nuoc/sjc/lich-su/2014-01-22.html,1646
Lịch sử giá vàng SJC ngày 23/01/2014,https://giavang.org/trong-nuoc/sjc/lich-su/2014-01-23.html,1647
Lịch sử giá vàng SJC ngày 24/01/2014,https://giavang.org/trong-nuoc/sjc/lich-su/2014-01-24.html,1648
Lịch sử giá vàng SJC ngày 25/01/2014,https://giavang.org/trong-nuoc/sjc/lich-su/2014-01-25.html,1649
Lịch sử giá vàng SJC ngày 26/01/2014,https://giavang.org/trong-nuoc/sjc/lich-su/2014-01-26.html,1650
Lịch sử giá vàng SJC ngày 27/01/2014,https://giavang.org/trong-nuoc/sjc/lich-su/2014-01-27.html,1651
Lịch sử giá vàng SJC ngày 28/01/2014,https://giavang.org/trong-nuoc/sjc/lich-su/2014-01-28.html,1652
Lịch sử giá vàng SJC ngày 29/01/2014,https://giavang.org/trong-nuoc/sjc/lich-su/2014-01-29.html,1653
Lịch sử giá vàng SJC ngày 30/01/2014,https://giavang.org/trong-nuoc/sjc/lich-su/2014-01-30.html,1654
Lịch sử giá vàng SJC ngày 31/01/2014,https://giavang.org/trong-nuoc/sjc/lich-su/2014-01-31.html,1655
Lịch sử giá vàng SJC ngày 01/02/2014,https://giavang.org/trong-nuoc/sjc/lich-su/2014-02-01.html,1656
Lịch sử giá vàng SJC ngày 02/02/2014,https://giavang.org/trong-nuoc/sjc/lich-su/2014-02-02.html,1657
Lịch sử giá vàng SJC ngày 03/02/2014,https://giavang.org/trong-nuoc/sjc/lich-su/2014-02-03.html,1658
Lịch sử giá vàng SJC ngày 04/02/2014,https://giavang.org/trong-nuoc/sjc/lich-su/2014-02-04.html,1659
Lịch sử giá vàng SJC ngày 05/02/2014,https://giavang.org/trong-nuoc/sjc/lich-su/2014-02-05.html,1660
Lịch sử giá vàng SJC ngày 06/02/2014,https://giavang.org/trong-nuoc/sjc/lich-su/2014-02-06.html,1661
Lịch sử giá vàng SJC ngày 07/02/2014,https://giavang.org/trong-nuoc/sjc/lich-su/2014-02-07.html,1662
Lịch sử giá vàng SJC ngày 08/02/2014,https://giavang.org/trong-nuoc/sjc/lich-su/2014-02-08.html,1663
Lịch sử giá vàng SJC ngày 09/02/2014,https://giavang.org/trong-nuoc/sjc/lich-su/2014-02-09.html,1664
Lịch sử giá vàng SJC ngày 10/02/2014,https://giavang.org/trong-nuoc/sjc/lich-su/2014-02-10.html,1665
Lịch sử giá vàng SJC ngày 11/02/2014,https://giavang.org/trong-nuoc/sjc/lich-su/2014-02-11.html,1666
Lịch sử giá vàng SJC ngày 12/02/2014,https://giavang.org/trong-nuoc/sjc/lich-su/2014-02-12.html,1667
Lịch sử giá vàng SJC ngày 13/02/2014,https://giavang.org/trong-nuoc/sjc/lich-su/2014-02-13.html,1668
Lịch sử giá vàng SJC ngày 14/02/2014,https://giavang.org/trong-nuoc/sjc/lich-su/2014-02-14.html,1669
Lịch sử giá vàng SJC ngày 15/02/2014,https://giavang.org/trong-nuoc/sjc/lich-su/2014-02-15.html,1670
Lịch sử giá vàng SJC ngày 16/02/2014,https://giavang.org/trong-nuoc/sjc/lich-su/2014-02-16.html,1671
Lịch sử giá vàng SJC ngày 17/02/2014,https://giavang.org/trong-nuoc/sjc/lich-su/2014-02-17.html,1672
Lịch sử giá vàng SJC ngày 18/02/2014,https://giavang.org/trong-nuoc/sjc/lich-su/2014-02-18.html,1673
Lịch sử giá vàng SJC ngày 19/02/2014,https://giavang.org/trong-nuoc/sjc/lich-su/2014-02-19.html,1674
Lịch sử giá vàng SJC ngày 20/02/2014,https://giavang.org/trong-nuoc/sjc/lich-su/2014-02-20.html,1675
Lịch sử giá vàng SJC ngày 21/02/2014,https://giavang.org/trong-nuoc/sjc/lich-su/2014-02-21.html,1676
Lịch sử giá vàng SJC ngày 22/02/2014,https://giavang.org/trong-nuoc/sjc/lich-su/2014-02-22.html,1677
Lịch sử giá vàng SJC ngày 23/02/2014,https://giavang.org/trong-nuoc/sjc/lich-su/2014-02-23.html,1678
Lịch sử giá vàng SJC ngày 24/02/2014,https://giavang.org/trong-nuoc/sjc/lich-su/2014-02-24.html,1679
Lịch sử giá vàng SJC ngày 25/02/2014,https://giavang.org/trong-nuoc/sjc/lich-su/2014-02-25.html,1680
Lịch sử giá vàng SJC ngày 26/02/2014,https://giavang.org/trong-nuoc/sjc/lich-su/2014-02-26.html,1681
Lịch sử giá vàng SJC ngày 27/02/2014,https://giavang.org/trong-nuoc/sjc/lich-su/2014-02-27.html,1682
Lịch sử giá vàng SJC ngày 28/02/2014,https://giavang.org/trong-nuoc/sjc/lich-su/2014-02-28.html,1683
Lịch sử giá vàng SJC ngày 01/03/2014,https://giavang.org/trong-nuoc/sjc/lich-su/2014-03-01.html,1684
Lịch sử giá vàng SJC ngày 02/03/2014,https://giavang.org/trong-nuoc/sjc/lich-su/2014-03-02.html,1685
Lịch sử giá vàng SJC ngày 03/03/2014,https://giavang.org/trong-nuoc/sjc/lich-su/2014-03-03.html,1686
Lịch sử giá vàng SJC ngày 04/03/2014,https://giavang.org/trong-nuoc/sjc/lich-su/2014-03-04.html,1687
Lịch sử giá vàng SJC ngày 05/03/2014,https://giavang.org/trong-nuoc/sjc/lich-su/2014-03-05.html,1688
Lịch sử giá vàng SJC ngày 06/03/2014,https://giavang.org/trong-nuoc/sjc/lich-su/2014-03-06.html,1689
Lịch sử giá vàng SJC ngày 07/03/2014,https://giavang.org/trong-nuoc/sjc/lich-su/2014-03-07.html,1690
Lịch sử giá vàng SJC ngày 08/03/2014,https://giavang.org/trong-nuoc/sjc/lich-su/2014-03-08.html,1691
Lịch sử giá vàng SJC ngày 09/03/2014,https://giavang.org/trong-nuoc/sjc/lich-su/2014-03-09.html,1692
Lịch sử giá vàng SJC ngày 10/03/2014,https://giavang.org/trong-nuoc/sjc/lich-su/2014-03-10.html,1693
Lịch sử giá vàng SJC ngày 11/03/2014,https://giavang.org/trong-nuoc/sjc/lich-su/2014-03-11.html,1694
Lịch sử giá vàng SJC ngày 12/03/2014,https://giavang.org/trong-nuoc/sjc/lich-su/2014-03-12.html,1695
Lịch sử giá vàng SJC ngày 13/03/2014,https://giavang.org/trong-nuoc/sjc/lich-su/2014-03-13.html,1696
Lịch sử giá vàng SJC ngày 14/03/2014,https://giavang.org/trong-nuoc/sjc/lich-su/2014-03-14.html,1697
Lịch sử giá vàng SJC ngày 15/03/2014,https://giavang.org/trong-nuoc/sjc/lich-su/2014-03-15.html,1698
Lịch sử giá vàng SJC ngày 16/03/2014,https://giavang.org/trong-nuoc/sjc/lich-su/2014-03-16.html,1699
Lịch sử giá vàng SJC ngày 17/03/2014,https://giavang.org/trong-nuoc/sjc/lich-su/2014-03-17.html,1700
Lịch sử giá vàng SJC ngày 18/03/2014,https://giavang.org/trong-nuoc/sjc/lich-su/2014-03-18.html,1701
Lịch sử giá vàng SJC ngày 19/03/2014,https://giavang.org/trong-nuoc/sjc/lich-su/2014-03-19.html,1702
Lịch sử giá vàng SJC ngày 20/03/2014,https://giavang.org/trong-nuoc/sjc/lich-su/2014-03-20.html,1703
Lịch sử giá vàng SJC ngày 21/03/2014,https://giavang.org/trong-nuoc/sjc/lich-su/2014-03-21.html,1704
Lịch sử giá vàng SJC ngày 22/03/2014,https://giavang.org/trong-nuoc/sjc/lich-su/2014-03-22.html,1705
Lịch sử giá vàng SJC ngày 23/03/2014,https://giavang.org/trong-nuoc/sjc/lich-su/2014-03-23.html,1706
Lịch sử giá vàng SJC ngày 24/03/2014,https://giavang.org/trong-nuoc/sjc/lich-su/2014-03-24.html,1707
Lịch sử giá vàng SJC ngày 25/03/2014,https://giavang.org/trong-nuoc/sjc/lich-su/2014-03-25.html,1708
Lịch sử giá vàng SJC ngày 26/03/2014,https://giavang.org/trong-nuoc/sjc/lich-su/2014-03-26.html,1709
Lịch sử giá vàng SJC ngày 27/03/2014,https://giavang.org/trong-nuoc/sjc/lich-su/2014-03-27.html,1710
Lịch sử giá vàng SJC ngày 28/03/2014,https://giavang.org/trong-nuoc/sjc/lich-su/2014-03-28.html,1711
Lịch sử giá vàng SJC ngày 29/03/2014,https://giavang.org/trong-nuoc/sjc/lich-su/2014-03-29.html,1712
Lịch sử giá vàng SJC ngày 30/03/2014,https://giavang.org/trong-nuoc/sjc/lich-su/2014-03-30.html,1713
Lịch sử giá vàng SJC ngày 31/03/2014,https://giavang.org/trong-nuoc/sjc/lich-su/2014-03-31.html,1714
Lịch sử giá vàng SJC ngày 01/04/2014,https://giavang.org/trong-nuoc/sjc/lich-su/2014-04-01.html,1715
Lịch sử giá vàng SJC ngày 02/04/2014,https://giavang.org/trong-nuoc/sjc/lich-su/2014-04-02.html,1716
Lịch sử giá vàng SJC ngày 03/04/2014,https://giavang.org/trong-nuoc/sjc/lich-su/2014-04-03.html,1717
Lịch sử giá vàng SJC ngày 04/04/2014,https://giavang.org/trong-nuoc/sjc/lich-su/2014-04-04.html,1718
Lịch sử giá vàng SJC ngày 05/04/2014,https://giavang.org/trong-nuoc/sjc/lich-su/2014-04-05.html,1719
Lịch sử giá vàng SJC ngày 06/04/2014,https://giavang.org/trong-nuoc/sjc/lich-su/2014-04-06.html,1720
Lịch sử giá vàng SJC ngày 07/04/2014,https://giavang.org/trong-nuoc/sjc/lich-su/2014-04-07.html,1721
Lịch sử giá vàng SJC ngày 08/04/2014,https://giavang.org/trong-nuoc/sjc/lich-su/2014-04-08.html,1722
Lịch sử giá vàng SJC ngày 09/04/2014,https://giavang.org/trong-nuoc/sjc/lich-su/2014-04-09.html,1723
Lịch sử giá vàng SJC ngày 10/04/2014,https://giavang.org/trong-nuoc/sjc/lich-su/2014-04-10.html,1724
Lịch sử giá vàng SJC ngày 11/04/2014,https://giavang.org/trong-nuoc/sjc/lich-su/2014-04-11.html,1725
Lịch sử giá vàng SJC ngày 12/04/2014,https://giavang.org/trong-nuoc/sjc/lich-su/2014-04-12.html,1726
Lịch sử giá vàng SJC ngày 13/04/2014,https://giavang.org/trong-nuoc/sjc/lich-su/2014-04-13.html,1727
Lịch sử giá vàng SJC ngày 14/04/2014,https://giavang.org/trong-nuoc/sjc/lich-su/2014-04-14.html,1728
Lịch sử giá vàng SJC ngày 15/04/2014,https://giavang.org/trong-nuoc/sjc/lich-su/2014-04-15.html,1729
Lịch sử giá vàng SJC ngày 16/04/2014,https://giavang.org/trong-nuoc/sjc/lich-su/2014-04-16.html,1730
Lịch sử giá vàng SJC ngày 17/04/2014,https://giavang.org/trong-nuoc/sjc/lich-su/2014-04-17.html,1731
Lịch sử giá vàng SJC ngày 18/04/2014,https://giavang.org/trong-nuoc/sjc/lich-su/2014-04-18.html,1732
Lịch sử giá vàng SJC ngày 19/04/2014,https://giavang.org/trong-nuoc/sjc/lich-su/2014-04-19.html,1733
Lịch sử giá vàng SJC ngày 20/04/2014,https://giavang.org/trong-nuoc/sjc/lich-su/2014-04-20.html,1734
Lịch sử giá vàng SJC ngày 21/04/2014,https://giavang.org/trong-nuoc/sjc/lich-su/2014-04-21.html,1735
Lịch sử giá vàng SJC ngày 22/04/2014,https://giavang.org/trong-nuoc/sjc/lich-su/2014-04-22.html,1736
Lịch sử giá vàng SJC ngày 23/04/2014,https://giavang.org/trong-nuoc/sjc/lich-su/2014-04-23.html,1737
Lịch sử giá vàng SJC ngày 24/04/2014,https://giavang.org/trong-nuoc/sjc/lich-su/2014-04-24.html,1738
Lịch sử giá vàng SJC ngày 25/04/2014,https://giavang.org/trong-nuoc/sjc/lich-su/2014-04-25.html,1739
Lịch sử giá vàng SJC ngày 26/04/2014,https://giavang.org/trong-nuoc/sjc/lich-su/2014-04-26.html,1740
Lịch sử giá vàng SJC ngày 27/04/2014,https://giavang.org/trong-nuoc/sjc/lich-su/2014-04-27.html,1741
Lịch sử giá vàng SJC ngày 28/04/2014,https://giavang.org/trong-nuoc/sjc/lich-su/2014-04-28.html,1742
Lịch sử giá vàng SJC ngày 29/04/2014,https://giavang.org/trong-nuoc/sjc/lich-su/2014-04-29.html,1743
Lịch sử giá vàng SJC ngày 30/04/2014,https://giavang.org/trong-nuoc/sjc/lich-su/2014-04-30.html,1744
Lịch sử giá vàng SJC ngày 01/05/2014,https://giavang.org/trong-nuoc/sjc/lich-su/2014-05-01.html,1745
Lịch sử giá vàng SJC ngày 02/05/2014,https://giavang.org/trong-nuoc/sjc/lich-su/2014-05-02.html,1746
Lịch sử giá vàng SJC ngày 03/05/2014,https://giavang.org/trong-nuoc/sjc/lich-su/2014-05-03.html,1747
Lịch sử giá vàng SJC ngày 04/05/2014,https://giavang.org/trong-nuoc/sjc/lich-su/2014-05-04.html,1748
Lịch sử giá vàng SJC ngày 05/05/2014,https://giavang.org/trong-nuoc/sjc/lich-su/2014-05-05.html,1749
Lịch sử giá vàng SJC ngày 06/05/2014,https://giavang.org/trong-nuoc/sjc/lich-su/2014-05-06.html,1750
Lịch sử giá vàng SJC ngày 07/05/2014,https://giavang.org/trong-nuoc/sjc/lich-su/2014-05-07.html,1751
Lịch sử giá vàng SJC ngày 08/05/2014,https://giavang.org/trong-nuoc/sjc/lich-su/2014-05-08.html,1752
Lịch sử giá vàng SJC ngày 09/05/2014,https://giavang.org/trong-nuoc/sjc/lich-su/2014-05-09.html,1753
Lịch sử giá vàng SJC ngày 10/05/2014,https://giavang.org/trong-nuoc/sjc/lich-su/2014-05-10.html,1754
Lịch sử giá vàng SJC ngày 11/05/2014,https://giavang.org/trong-nuoc/sjc/lich-su/2014-05-11.html,1755
Lịch sử giá vàng SJC ngày 12/05/2014,https://giavang.org/trong-nuoc/sjc/lich-su/2014-05-12.html,1756
Lịch sử giá vàng SJC ngày 13/05/2014,https://giavang.org/trong-nuoc/sjc/lich-su/2014-05-13.html,1757
Lịch sử giá vàng SJC ngày 14/05/2014,https://giavang.org/trong-nuoc/sjc/lich-su/2014-05-14.html,1758
Lịch sử giá vàng SJC ngày 15/05/2014,https://giavang.org/trong-nuoc/sjc/lich-su/2014-05-15.html,1759
Lịch sử giá vàng SJC ngày 16/05/2014,https://giavang.org/trong-nuoc/sjc/lich-su/2014-05-16.html,1760
Lịch sử giá vàng SJC ngày 17/05/2014,https://giavang.org/trong-nuoc/sjc/lich-su/2014-05-17.html,1761
Lịch sử giá vàng SJC ngày 18/05/2014,https://giavang.org/trong-nuoc/sjc/lich-su/2014-05-18.html,1762
Lịch sử giá vàng SJC ngày 19/05/2014,https://giavang.org/trong-nuoc/sjc/lich-su/2014-05-19.html,1763
Lịch sử giá vàng SJC ngày 20/05/2014,https://giavang.org/trong-nuoc/sjc/lich-su/2014-05-20.html,1764
Lịch sử giá vàng SJC ngày 21/05/2014,https://giavang.org/trong-nuoc/sjc/lich-su/2014-05-21.html,1765
Lịch sử giá vàng SJC ngày 22/05/2014,https://giavang.org/trong-nuoc/sjc/lich-su/2014-05-22.html,1766
Lịch sử giá vàng SJC ngày 23/05/2014,https://giavang.org/trong-nuoc/sjc/lich-su/2014-05-23.html,1767
Lịch sử giá vàng SJC ngày 24/05/2014,https://giavang.org/trong-nuoc/sjc/lich-su/2014-05-24.html,1768
Lịch sử giá vàng SJC ngày 25/05/2014,https://giavang.org/trong-nuoc/sjc/lich-su/2014-05-25.html,1769
Lịch sử giá vàng SJC ngày 26/05/2014,https://giavang.org/trong-nuoc/sjc/lich-su/2014-05-26.html,1770
Lịch sử giá vàng SJC ngày 27/05/2014,https://giavang.org/trong-nuoc/sjc/lich-su/2014-05-27.html,1771
Lịch sử giá vàng SJC ngày 28/05/2014,https://giavang.org/trong-nuoc/sjc/lich-su/2014-05-28.html,1772
Lịch sử giá vàng SJC ngày 29/05/2014,https://giavang.org/trong-nuoc/sjc/lich-su/2014-05-29.html,1773
Lịch sử giá vàng SJC ngày 30/05/2014,https://giavang.org/trong-nuoc/sjc/lich-su/2014-05-30.html,1774
Lịch sử giá vàng SJC ngày 31/05/2014,https://giavang.org/trong-nuoc/sjc/lich-su/2014-05-31.html,1775
Lịch sử giá vàng SJC ngày 01/06/2014,https://giavang.org/trong-nuoc/sjc/lich-su/2014-06-01.html,1776
Lịch sử giá vàng SJC ngày 02/06/2014,https://giavang.org/trong-nuoc/sjc/lich-su/2014-06-02.html,1777
Lịch sử giá vàng SJC ngày 03/06/2014,https://giavang.org/trong-nuoc/sjc/lich-su/2014-06-03.html,1778
Lịch sử giá vàng SJC ngày 04/06/2014,https://giavang.org/trong-nuoc/sjc/lich-su/2014-06-04.html,1779
Lịch sử giá vàng SJC ngày 05/06/2014,https://giavang.org/trong-nuoc/sjc/lich-su/2014-06-05.html,1780
Lịch sử giá vàng SJC ngày 06/06/2014,https://giavang.org/trong-nuoc/sjc/lich-su/2014-06-06.html,1781
Lịch sử giá vàng SJC ngày 07/06/2014,https://giavang.org/trong-nuoc/sjc/lich-su/2014-06-07.html,1782
Lịch sử giá vàng SJC ngày 08/06/2014,https://giavang.org/trong-nuoc/sjc/lich-su/2014-06-08.html,1783
Lịch sử giá vàng SJC ngày 09/06/2014,https://giavang.org/trong-nuoc/sjc/lich-su/2014-06-09.html,1784
Lịch sử giá vàng SJC ngày 10/06/2014,https://giavang.org/trong-nuoc/sjc/lich-su/2014-06-10.html,1785
Lịch sử giá vàng SJC ngày 11/06/2014,https://giavang.org/trong-nuoc/sjc/lich-su/2014-06-11.html,1786
Lịch sử giá vàng SJC ngày 12/06/2014,https://giavang.org/trong-nuoc/sjc/lich-su/2014-06-12.html,1787
Lịch sử giá vàng SJC ngày 13/06/2014,https://giavang.org/trong-nuoc/sjc/lich-su/2014-06-13.html,1788
Lịch sử giá vàng SJC ngày 14/06/2014,https://giavang.org/trong-nuoc/sjc/lich-su/2014-06-14.html,1789
Lịch sử giá vàng SJC ngày 15/06/2014,https://giavang.org/trong-nuoc/sjc/lich-su/2014-06-15.html,1790
Lịch sử giá vàng SJC ngày 16/06/2014,https://giavang.org/trong-nuoc/sjc/lich-su/2014-06-16.html,1791
Lịch sử giá vàng SJC ngày 17/06/2014,https://giavang.org/trong-nuoc/sjc/lich-su/2014-06-17.html,1792
Lịch sử giá vàng SJC ngày 18/06/2014,https://giavang.org/trong-nuoc/sjc/lich-su/2014-06-18.html,1793
Lịch sử giá vàng SJC ngày 19/06/2014,https://giavang.org/trong-nuoc/sjc/lich-su/2014-06-19.html,1794
Lịch sử giá vàng SJC ngày 20/06/2014,https://giavang.org/trong-nuoc/sjc/lich-su/2014-06-20.html,1795
Lịch sử giá vàng SJC ngày 21/06/2014,https://giavang.org/trong-nuoc/sjc/lich-su/2014-06-21.html,1796
Lịch sử giá vàng SJC ngày 22/06/2014,https://giavang.org/trong-nuoc/sjc/lich-su/2014-06-22.html,1797
Lịch sử giá vàng SJC ngày 23/06/2014,https://giavang.org/trong-nuoc/sjc/lich-su/2014-06-23.html,1798
Lịch sử giá vàng SJC ngày 24/06/2014,https://giavang.org/trong-nuoc/sjc/lich-su/2014-06-24.html,1799
Lịch sử giá vàng SJC ngày 25/06/2014,https://giavang.org/trong-nuoc/sjc/lich-su/2014-06-25.html,1800
Lịch sử giá vàng SJC ngày 26/06/2014,https://giavang.org/trong-nuoc/sjc/lich-su/2014-06-26.html,1801
Lịch sử giá vàng SJC ngày 27/06/2014,https://giavang.org/trong-nuoc/sjc/lich-su/2014-06-27.html,1802
Lịch sử giá vàng SJC ngày 28/06/2014,https://giavang.org/trong-nuoc/sjc/lich-su/2014-06-28.html,1803
Lịch sử giá vàng SJC ngày 29/06/2014,https://giavang.org/trong-nuoc/sjc/lich-su/2014-06-29.html,1804
Lịch sử giá vàng SJC ngày 30/06/2014,https://giavang.org/trong-nuoc/sjc/lich-su/2014-06-30.html,1805
Lịch sử giá vàng SJC ngày 01/07/2014,https://giavang.org/trong-nuoc/sjc/lich-su/2014-07-01.html,1806
Lịch sử giá vàng SJC ngày 02/07/2014,https://giavang.org/trong-nuoc/sjc/lich-su/2014-07-02.html,1807
Lịch sử giá vàng SJC ngày 03/07/2014,https://giavang.org/trong-nuoc/sjc/lich-su/2014-07-03.html,1808
Lịch sử giá vàng SJC ngày 04/07/2014,https://giavang.org/trong-nuoc/sjc/lich-su/2014-07-04.html,1809
Lịch sử giá vàng SJC ngày 05/07/2014,https://giavang.org/trong-nuoc/sjc/lich-su/2014-07-05.html,1810
Lịch sử giá vàng SJC ngày 06/07/2014,https://giavang.org/trong-nuoc/sjc/lich-su/2014-07-06.html,1811
Lịch sử giá vàng SJC ngày 07/07/2014,https://giavang.org/trong-nuoc/sjc/lich-su/2014-07-07.html,1812
Lịch sử giá vàng SJC ngày 08/07/2014,https://giavang.org/trong-nuoc/sjc/lich-su/2014-07-08.html,1813
Lịch sử giá vàng SJC ngày 09/07/2014,https://giavang.org/trong-nuoc/sjc/lich-su/2014-07-09.html,1814
Lịch sử giá vàng SJC ngày 10/07/2014,https://giavang.org/trong-nuoc/sjc/lich-su/2014-07-10.html,1815
Lịch sử giá vàng SJC ngày 11/07/2014,https://giavang.org/trong-nuoc/sjc/lich-su/2014-07-11.html,1816
Lịch sử giá vàng SJC ngày 12/07/2014,https://giavang.org/trong-nuoc/sjc/lich-su/2014-07-12.html,1817
Lịch sử giá vàng SJC ngày 13/07/2014,https://giavang.org/trong-nuoc/sjc/lich-su/2014-07-13.html,1818
Lịch sử giá vàng SJC ngày 14/07/2014,https://giavang.org/trong-nuoc/sjc/lich-su/2014-07-14.html,1819
Lịch sử giá vàng SJC ngày 15/07/2014,https://giavang.org/trong-nuoc/sjc/lich-su/2014-07-15.html,1820
Lịch sử giá vàng SJC ngày 16/07/2014,https://giavang.org/trong-nuoc/sjc/lich-su/2014-07-16.html,1821
Lịch sử giá vàng SJC ngày 17/07/2014,https://giavang.org/trong-nuoc/sjc/lich-su/2014-07-17.html,1822
Lịch sử giá vàng SJC ngày 18/07/2014,https://giavang.org/trong-nuoc/sjc/lich-su/2014-07-18.html,1823
Lịch sử giá vàng SJC ngày 19/07/2014,https://giavang.org/trong-nuoc/sjc/lich-su/2014-07-19.html,1824
Lịch sử giá vàng SJC ngày 20/07/2014,https://giavang.org/trong-nuoc/sjc/lich-su/2014-07-20.html,1825
Lịch sử giá vàng SJC ngày 21/07/2014,https://giavang.org/trong-nuoc/sjc/lich-su/2014-07-21.html,1826
Lịch sử giá vàng SJC ngày 22/07/2014,https://giavang.org/trong-nuoc/sjc/lich-su/2014-07-22.html,1827
Lịch sử giá vàng SJC ngày 23/07/2014,https://giavang.org/trong-nuoc/sjc/lich-su/2014-07-23.html,1828
Lịch sử giá vàng SJC ngày 24/07/2014,https://giavang.org/trong-nuoc/sjc/lich-su/2014-07-24.html,1829
Lịch sử giá vàng SJC ngày 25/07/2014,https://giavang.org/trong-nuoc/sjc/lich-su/2014-07-25.html,1830
Lịch sử giá vàng SJC ngày 26/07/2014,https://giavang.org/trong-nuoc/sjc/lich-su/2014-07-26.html,1831
Lịch sử giá vàng SJC ngày 27/07/2014,https://giavang.org/trong-nuoc/sjc/lich-su/2014-07-27.html,1832
Lịch sử giá vàng SJC ngày 28/07/2014,https://giavang.org/trong-nuoc/sjc/lich-su/2014-07-28.html,1833
Lịch sử giá vàng SJC ngày 29/07/2014,https://giavang.org/trong-nuoc/sjc/lich-su/2014-07-29.html,1834
Lịch sử giá vàng SJC ngày 30/07/2014,https://giavang.org/trong-nuoc/sjc/lich-su/2014-07-30.html,1835
Lịch sử giá vàng SJC ngày 31/07/2014,https://giavang.org/trong-nuoc/sjc/lich-su/2014-07-31.html,1836
Lịch sử giá vàng SJC ngày 01/08/2014,https://giavang.org/trong-nuoc/sjc/lich-su/2014-08-01.html,1837
Lịch sử giá vàng SJC ngày 02/08/2014,https://giavang.org/trong-nuoc/sjc/lich-su/2014-08-02.html,1838
Lịch sử giá vàng SJC ngày 03/08/2014,https://giavang.org/trong-nuoc/sjc/lich-su/2014-08-03.html,1839
Lịch sử giá vàng SJC ngày 04/08/2014,https://giavang.org/trong-nuoc/sjc/lich-su/2014-08-04.html,1840
Lịch sử giá vàng SJC ngày 05/08/2014,https://giavang.org/trong-nuoc/sjc/lich-su/2014-08-05.html,1841
Lịch sử giá vàng SJC ngày 06/08/2014,https://giavang.org/trong-nuoc/sjc/lich-su/2014-08-06.html,1842
Lịch sử giá vàng SJC ngày 07/08/2014,https://giavang.org/trong-nuoc/sjc/lich-su/2014-08-07.html,1843
Lịch sử giá vàng SJC ngày 08/08/2014,https://giavang.org/trong-nuoc/sjc/lich-su/2014-08-08.html,1844
Lịch sử giá vàng SJC ngày 09/08/2014,https://giavang.org/trong-nuoc/sjc/lich-su/2014-08-09.html,1845
Lịch sử giá vàng SJC ngày 10/08/2014,https://giavang.org/trong-nuoc/sjc/lich-su/2014-08-10.html,1846
Lịch sử giá vàng SJC ngày 11/08/2014,https://giavang.org/trong-nuoc/sjc/lich-su/2014-08-11.html,1847
Lịch sử giá vàng SJC ngày 12/08/2014,https://giavang.org/trong-nuoc/sjc/lich-su/2014-08-12.html,1848
Lịch sử giá vàng SJC ngày 13/08/2014,https://giavang.org/trong-nuoc/sjc/lich-su/2014-08-13.html,1849
Lịch sử giá vàng SJC ngày 14/08/2014,https://giavang.org/trong-nuoc/sjc/lich-su/2014-08-14.html,1850
Lịch sử giá vàng SJC ngày 15/08/2014,https://giavang.org/trong-nuoc/sjc/lich-su/2014-08-15.html,1851
Lịch sử giá vàng SJC ngày 16/08/2014,https://giavang.org/trong-nuoc/sjc/lich-su/2014-08-16.html,1852
Lịch sử giá vàng SJC ngày 17/08/2014,https://giavang.org/trong-nuoc/sjc/lich-su/2014-08-17.html,1853
Lịch sử giá vàng SJC ngày 18/08/2014,https://giavang.org/trong-nuoc/sjc/lich-su/2014-08-18.html,1854
Lịch sử giá vàng SJC ngày 19/08/2014,https://giavang.org/trong-nuoc/sjc/lich-su/2014-08-19.html,1855
Lịch sử giá vàng SJC ngày 20/08/2014,https://giavang.org/trong-nuoc/sjc/lich-su/2014-08-20.html,1856
Lịch sử giá vàng SJC ngày 21/08/2014,https://giavang.org/trong-nuoc/sjc/lich-su/2014-08-21.html,1857
Lịch sử giá vàng SJC ngày 22/08/2014,https://giavang.org/trong-nuoc/sjc/lich-su/2014-08-22.html,1858
Lịch sử giá vàng SJC ngày 23/08/2014,https://giavang.org/trong-nuoc/sjc/lich-su/2014-08-23.html,1859
Lịch sử giá vàng SJC ngày 24/08/2014,https://giavang.org/trong-nuoc/sjc/lich-su/2014-08-24.html,1860
Lịch sử giá vàng SJC ngày 25/08/2014,https://giavang.org/trong-nuoc/sjc/lich-su/2014-08-25.html,1861
Lịch sử giá vàng SJC ngày 26/08/2014,https://giavang.org/trong-nuoc/sjc/lich-su/2014-08-26.html,1862
Lịch sử giá vàng SJC ngày 27/08/2014,https://giavang.org/trong-nuoc/sjc/lich-su/2014-08-27.html,1863
Lịch sử giá vàng SJC ngày 28/08/2014,https://giavang.org/trong-nuoc/sjc/lich-su/2014-08-28.html,1864
Lịch sử giá vàng SJC ngày 29/08/2014,https://giavang.org/trong-nuoc/sjc/lich-su/2014-08-29.html,1865
Lịch sử giá vàng SJC ngày 30/08/2014,https://giavang.org/trong-nuoc/sjc/lich-su/2014-08-30.html,1866
Lịch sử giá vàng SJC ngày 31/08/2014,https://giavang.org/trong-nuoc/sjc/lich-su/2014-08-31.html,1867
Lịch sử giá vàng SJC ngày 01/09/2014,https://giavang.org/trong-nuoc/sjc/lich-su/2014-09-01.html,1868
Lịch sử giá vàng SJC ngày 02/09/2014,https://giavang.org/trong-nuoc/sjc/lich-su/2014-09-02.html,1869
Lịch sử giá vàng SJC ngày 03/09/2014,https://giavang.org/trong-nuoc/sjc/lich-su/2014-09-03.html,1870
Lịch sử giá vàng SJC ngày 04/09/2014,https://giavang.org/trong-nuoc/sjc/lich-su/2014-09-04.html,1871
Lịch sử giá vàng SJC ngày 05/09/2014,https://giavang.org/trong-nuoc/sjc/lich-su/2014-09-05.html,1872
Lịch sử giá vàng SJC ngày 06/09/2014,https://giavang.org/trong-nuoc/sjc/lich-su/2014-09-06.html,1873
Lịch sử giá vàng SJC ngày 07/09/2014,https://giavang.org/trong-nuoc/sjc/lich-su/2014-09-07.html,1874
Lịch sử giá vàng SJC ngày 08/09/2014,https://giavang.org/trong-nuoc/sjc/lich-su/2014-09-08.html,1875
Lịch sử giá vàng SJC ngày 09/09/2014,https://giavang.org/trong-nuoc/sjc/lich-su/2014-09-09.html,1876
Lịch sử giá vàng SJC ngày 10/09/2014,https://giavang.org/trong-nuoc/sjc/lich-su/2014-09-10.html,1877
Lịch sử giá vàng SJC ngày 11/09/2014,https://giavang.org/trong-nuoc/sjc/lich-su/2014-09-11.html,1878
Lịch sử giá vàng SJC ngày 12/09/2014,https://giavang.org/trong-nuoc/sjc/lich-su/2014-09-12.html,1879
Lịch sử giá vàng SJC ngày 13/09/2014,https://giavang.org/trong-nuoc/sjc/lich-su/2014-09-13.html,1880
Lịch sử giá vàng SJC ngày 14/09/2014,https://giavang.org/trong-nuoc/sjc/lich-su/2014-09-14.html,1881
Lịch sử giá vàng SJC ngày 15/09/2014,https://giavang.org/trong-nuoc/sjc/lich-su/2014-09-15.html,1882
Lịch sử giá vàng SJC ngày 16/09/2014,https://giavang.org/trong-nuoc/sjc/lich-su/2014-09-16.html,1883
Lịch sử giá vàng SJC ngày 17/09/2014,https://giavang.org/trong-nuoc/sjc/lich-su/2014-09-17.html,1884
Lịch sử giá vàng SJC ngày 18/09/2014,https://giavang.org/trong-nuoc/sjc/lich-su/2014-09-18.html,1885
Lịch sử giá vàng SJC ngày 19/09/2014,https://giavang.org/trong-nuoc/sjc/lich-su/2014-09-19.html,1886
Lịch sử giá vàng SJC ngày 20/09/2014,https://giavang.org/trong-nuoc/sjc/lich-su/2014-09-20.html,1887
Lịch sử giá vàng SJC ngày 21/09/2014,https://giavang.org/trong-nuoc/sjc/lich-su/2014-09-21.html,1888
Lịch sử giá vàng SJC ngày 22/09/2014,https://giavang.org/trong-nuoc/sjc/lich-su/2014-09-22.html,1889
Lịch sử giá vàng SJC ngày 23/09/2014,https://giavang.org/trong-nuoc/sjc/lich-su/2014-09-23.html,1890
Lịch sử giá vàng SJC ngày 24/09/2014,https://giavang.org/trong-nuoc/sjc/lich-su/2014-09-24.html,1891
Lịch sử giá vàng SJC ngày 25/09/2014,https://giavang.org/trong-nuoc/sjc/lich-su/2014-09-25.html,1892
Lịch sử giá vàng SJC ngày 26/09/2014,https://giavang.org/trong-nuoc/sjc/lich-su/2014-09-26.html,1893
Lịch sử giá vàng SJC ngày 27/09/2014,https://giavang.org/trong-nuoc/sjc/lich-su/2014-09-27.html,1894
Lịch sử giá vàng SJC ngày 28/09/2014,https://giavang.org/trong-nuoc/sjc/lich-su/2014-09-28.html,1895
Lịch sử giá vàng SJC ngày 29/09/2014,https://giavang.org/trong-nuoc/sjc/lich-su/2014-09-29.html,1896
Lịch sử giá vàng SJC ngày 30/09/2014,https://giavang.org/trong-nuoc/sjc/lich-su/2014-09-30.html,1897
Lịch sử giá vàng SJC ngày 01/10/2014,https://giavang.org/trong-nuoc/sjc/lich-su/2014-10-01.html,1898
Lịch sử giá vàng SJC ngày 02/10/2014,https://giavang.org/trong-nuoc/sjc/lich-su/2014-10-02.html,1899
Lịch sử giá vàng SJC ngày 03/10/2014,https://giavang.org/trong-nuoc/sjc/lich-su/2014-10-03.html,1900
Lịch sử giá vàng SJC ngày 04/10/2014,https://giavang.org/trong-nuoc/sjc/lich-su/2014-10-04.html,1901
Lịch sử giá vàng SJC ngày 05/10/2014,https://giavang.org/trong-nuoc/sjc/lich-su/2014-10-05.html,1902
Lịch sử giá vàng SJC ngày 06/10/2014,https://giavang.org/trong-nuoc/sjc/lich-su/2014-10-06.html,1903
Lịch sử giá vàng SJC ngày 07/10/2014,https://giavang.org/trong-nuoc/sjc/lich-su/2014-10-07.html,1904
Lịch sử giá vàng SJC ngày 08/10/2014,https://giavang.org/trong-nuoc/sjc/lich-su/2014-10-08.html,1905
Lịch sử giá vàng SJC ngày 09/10/2014,https://giavang.org/trong-nuoc/sjc/lich-su/2014-10-09.html,1906
Lịch sử giá vàng SJC ngày 10/10/2014,https://giavang.org/trong-nuoc/sjc/lich-su/2014-10-10.html,1907
Lịch sử giá vàng SJC ngày 11/10/2014,https://giavang.org/trong-nuoc/sjc/lich-su/2014-10-11.html,1908
Lịch sử giá vàng SJC ngày 12/10/2014,https://giavang.org/trong-nuoc/sjc/lich-su/2014-10-12.html,1909
Lịch sử giá vàng SJC ngày 13/10/2014,https://giavang.org/trong-nuoc/sjc/lich-su/2014-10-13.html,1910
Lịch sử giá vàng SJC ngày 14/10/2014,https://giavang.org/trong-nuoc/sjc/lich-su/2014-10-14.html,1911
Lịch sử giá vàng SJC ngày 15/10/2014,https://giavang.org/trong-nuoc/sjc/lich-su/2014-10-15.html,1912
Lịch sử giá vàng SJC ngày 16/10/2014,https://giavang.org/trong-nuoc/sjc/lich-su/2014-10-16.html,1913
Lịch sử giá vàng SJC ngày 17/10/2014,https://giavang.org/trong-nuoc/sjc/lich-su/2014-10-17.html,1914
Lịch sử giá vàng SJC ngày 18/10/2014,https://giavang.org/trong-nuoc/sjc/lich-su/2014-10-18.html,1915
Lịch sử giá vàng SJC ngày 19/10/2014,https://giavang.org/trong-nuoc/sjc/lich-su/2014-10-19.html,1916
Lịch sử giá vàng SJC ngày 20/10/2014,https://giavang.org/trong-nuoc/sjc/lich-su/2014-10-20.html,1917
Lịch sử giá vàng SJC ngày 21/10/2014,https://giavang.org/trong-nuoc/sjc/lich-su/2014-10-21.html,1918
Lịch sử giá vàng SJC ngày 22/10/2014,https://giavang.org/trong-nuoc/sjc/lich-su/2014-10-22.html,1919
Lịch sử giá vàng SJC ngày 23/10/2014,https://giavang.org/trong-nuoc/sjc/lich-su/2014-10-23.html,1920
Lịch sử giá vàng SJC ngày 24/10/2014,https://giavang.org/trong-nuoc/sjc/lich-su/2014-10-24.html,1921
Lịch sử giá vàng SJC ngày 25/10/2014,https://giavang.org/trong-nuoc/sjc/lich-su/2014-10-25.html,1922
Lịch sử giá vàng SJC ngày 26/10/2014,https://giavang.org/trong-nuoc/sjc/lich-su/2014-10-26.html,1923
Lịch sử giá vàng SJC ngày 27/10/2014,https://giavang.org/trong-nuoc/sjc/lich-su/2014-10-27.html,1924
Lịch sử giá vàng SJC ngày 28/10/2014,https://giavang.org/trong-nuoc/sjc/lich-su/2014-10-28.html,1925
Lịch sử giá vàng SJC ngày 29/10/2014,https://giavang.org/trong-nuoc/sjc/lich-su/2014-10-29.html,1926
Lịch sử giá vàng SJC ngày 30/10/2014,https://giavang.org/trong-nuoc/sjc/lich-su/2014-10-30.html,1927
Lịch sử giá vàng SJC ngày 31/10/2014,https://giavang.org/trong-nuoc/sjc/lich-su/2014-10-31.html,1928
Lịch sử giá vàng SJC ngày 01/11/2014,https://giavang.org/trong-nuoc/sjc/lich-su/2014-11-01.html,1929
Lịch sử giá vàng SJC ngày 02/11/2014,https://giavang.org/trong-nuoc/sjc/lich-su/2014-11-02.html,1930
Lịch sử giá vàng SJC ngày 03/11/2014,https://giavang.org/trong-nuoc/sjc/lich-su/2014-11-03.html,1931
Lịch sử giá vàng SJC ngày 04/11/2014,https://giavang.org/trong-nuoc/sjc/lich-su/2014-11-04.html,1932
Lịch sử giá vàng SJC ngày 05/11/2014,https://giavang.org/trong-nuoc/sjc/lich-su/2014-11-05.html,1933
Lịch sử giá vàng SJC ngày 06/11/2014,https://giavang.org/trong-nuoc/sjc/lich-su/2014-11-06.html,1934
Lịch sử giá vàng SJC ngày 07/11/2014,https://giavang.org/trong-nuoc/sjc/lich-su/2014-11-07.html,1935
Lịch sử giá vàng SJC ngày 08/11/2014,https://giavang.org/trong-nuoc/sjc/lich-su/2014-11-08.html,1936
Lịch sử giá vàng SJC ngày 09/11/2014,https://giavang.org/trong-nuoc/sjc/lich-su/2014-11-09.html,1937
Lịch sử giá vàng SJC ngày 10/11/2014,https://giavang.org/trong-nuoc/sjc/lich-su/2014-11-10.html,1938
Lịch sử giá vàng SJC ngày 11/11/2014,https://giavang.org/trong-nuoc/sjc/lich-su/2014-11-11.html,1939
Lịch sử giá vàng SJC ngày 12/11/2014,https://giavang.org/trong-nuoc/sjc/lich-su/2014-11-12.html,1940
Lịch sử giá vàng SJC ngày 13/11/2014,https://giavang.org/trong-nuoc/sjc/lich-su/2014-11-13.html,1941
Lịch sử giá vàng SJC ngày 14/11/2014,https://giavang.org/trong-nuoc/sjc/lich-su/2014-11-14.html,1942
Lịch sử giá vàng SJC ngày 15/11/2014,https://giavang.org/trong-nuoc/sjc/lich-su/2014-11-15.html,1943
Lịch sử giá vàng SJC ngày 16/11/2014,https://giavang.org/trong-nuoc/sjc/lich-su/2014-11-16.html,1944
Lịch sử giá vàng SJC ngày 17/11/2014,https://giavang.org/trong-nuoc/sjc/lich-su/2014-11-17.html,1945
Lịch sử giá vàng SJC ngày 18/11/2014,https://giavang.org/trong-nuoc/sjc/lich-su/2014-11-18.html,1946
Lịch sử giá vàng SJC ngày 19/11/2014,https://giavang.org/trong-nuoc/sjc/lich-su/2014-11-19.html,1947
Lịch sử giá vàng SJC ngày 20/11/2014,https://giavang.org/trong-nuoc/sjc/lich-su/2014-11-20.html,1948
Lịch sử giá vàng SJC ngày 21/11/2014,https://giavang.org/trong-nuoc/sjc/lich-su/2014-11-21.html,1949
Lịch sử giá vàng SJC ngày 22/11/2014,https://giavang.org/trong-nuoc/sjc/lich-su/2014-11-22.html,1950
Lịch sử giá vàng SJC ngày 23/11/2014,https://giavang.org/trong-nuoc/sjc/lich-su/2014-11-23.html,1951
Lịch sử giá vàng SJC ngày 24/11/2014,https://giavang.org/trong-nuoc/sjc/lich-su/2014-11-24.html,1952
Lịch sử giá vàng SJC ngày 25/11/2014,https://giavang.org/trong-nuoc/sjc/lich-su/2014-11-25.html,1953
Lịch sử giá vàng SJC ngày 26/11/2014,https://giavang.org/trong-nuoc/sjc/lich-su/2014-11-26.html,1954
Lịch sử giá vàng SJC ngày 27/11/2014,https://giavang.org/trong-nuoc/sjc/lich-su/2014-11-27.html,1955
Lịch sử giá vàng SJC ngày 28/11/2014,https://giavang.org/trong-nuoc/sjc/lich-su/2014-11-28.html,1956
Lịch sử giá vàng SJC ngày 29/11/2014,https://giavang.org/trong-nuoc/sjc/lich-su/2014-11-29.html,1957
Lịch sử giá vàng SJC ngày 30/11/2014,https://giavang.org/trong-nuoc/sjc/lich-su/2014-11-30.html,1958
Lịch sử giá vàng SJC ngày 01/12/2014,https://giavang.org/trong-nuoc/sjc/lich-su/2014-12-01.html,1959
Lịch sử giá vàng SJC ngày 02/12/2014,https://giavang.org/trong-nuoc/sjc/lich-su/2014-12-02.html,1960
Lịch sử giá vàng SJC ngày 03/12/2014,https://giavang.org/trong-nuoc/sjc/lich-su/2014-12-03.html,1961
Lịch sử giá vàng SJC ngày 04/12/2014,https://giavang.org/trong-nuoc/sjc/lich-su/2014-12-04.html,1962
Lịch sử giá vàng SJC ngày 05/12/2014,https://giavang.org/trong-nuoc/sjc/lich-su/2014-12-05.html,1963
Lịch sử giá vàng SJC ngày 06/12/2014,https://giavang.org/trong-nuoc/sjc/lich-su/2014-12-06.html,1964
Lịch sử giá vàng SJC ngày 07/12/2014,https://giavang.org/trong-nuoc/sjc/lich-su/2014-12-07.html,1965
Lịch sử giá vàng SJC ngày 08/12/2014,https://giavang.org/trong-nuoc/sjc/lich-su/2014-12-08.html,1966
Lịch sử giá vàng SJC ngày 09/12/2014,https://giavang.org/trong-nuoc/sjc/lich-su/2014-12-09.html,1967
Lịch sử giá vàng SJC ngày 10/12/2014,https://giavang.org/trong-nuoc/sjc/lich-su/2014-12-10.html,1968
Lịch sử giá vàng SJC ngày 11/12/2014,https://giavang.org/trong-nuoc/sjc/lich-su/2014-12-11.html,1969
Lịch sử giá vàng SJC ngày 12/12/2014,https://giavang.org/trong-nuoc/sjc/lich-su/2014-12-12.html,1970
Lịch sử giá vàng SJC ngày 13/12/2014,https://giavang.org/trong-nuoc/sjc/lich-su/2014-12-13.html,1971
Lịch sử giá vàng SJC ngày 14/12/2014,https://giavang.org/trong-nuoc/sjc/lich-su/2014-12-14.html,1972
Lịch sử giá vàng SJC ngày 15/12/2014,https://giavang.org/trong-nuoc/sjc/lich-su/2014-12-15.html,1973
Lịch sử giá vàng SJC ngày 16/12/2014,https://giavang.org/trong-nuoc/sjc/lich-su/2014-12-16.html,1974
Lịch sử giá vàng SJC ngày 17/12/2014,https://giavang.org/trong-nuoc/sjc/lich-su/2014-12-17.html,1975
Lịch sử giá vàng SJC ngày 18/12/2014,https://giavang.org/trong-nuoc/sjc/lich-su/2014-12-18.html,1976
Lịch sử giá vàng SJC ngày 19/12/2014,https://giavang.org/trong-nuoc/sjc/lich-su/2014-12-19.html,1977
Lịch sử giá vàng SJC ngày 20/12/2014,https://giavang.org/trong-nuoc/sjc/lich-su/2014-12-20.html,1978
Lịch sử giá vàng SJC ngày 21/12/2014,https://giavang.org/trong-nuoc/sjc/lich-su/2014-12-21.html,1979
Lịch sử giá vàng SJC ngày 22/12/2014,https://giavang.org/trong-nuoc/sjc/lich-su/2014-12-22.html,1980
Lịch sử giá vàng SJC ngày 23/12/2014,https://giavang.org/trong-nuoc/sjc/lich-su/2014-12-23.html,1981
Lịch sử giá vàng SJC ngày 24/12/2014,https://giavang.org/trong-nuoc/sjc/lich-su/2014-12-24.html,1982
Lịch sử giá vàng SJC ngày 25/12/2014,https://giavang.org/trong-nuoc/sjc/lich-su/2014-12-25.html,1983
Lịch sử giá vàng SJC ngày 26/12/2014,https://giavang.org/trong-nuoc/sjc/lich-su/2014-12-26.html,1984
Lịch sử giá vàng SJC ngày 27/12/2014,https://giavang.org/trong-nuoc/sjc/lich-su/2014-12-27.html,1985
Lịch sử giá vàng SJC ngày 28/12/2014,https://giavang.org/trong-nuoc/sjc/lich-su/2014-12-28.html,1986
Lịch sử giá vàng SJC ngày 29/12/2014,https://giavang.org/trong-nuoc/sjc/lich-su/2014-12-29.html,1987
Lịch sử giá vàng SJC ngày 30/12/2014,https://giavang.org/trong-nuoc/sjc/lich-su/2014-12-30.html,1988
Lịch sử giá vàng SJC ngày 31/12/2014,https://giavang.org/trong-nuoc/sjc/lich-su/2014-12-31.html,1989
Lịch sử giá vàng SJC ngày 01/01/2015,https://giavang.org/trong-nuoc/sjc/lich-su/2015-01-01.html,1990
Lịch sử giá vàng SJC ngày 02/01/2015,https://giavang.org/trong-nuoc/sjc/lich-su/2015-01-02.html,1991
Lịch sử giá vàng SJC ngày 03/01/2015,https://giavang.org/trong-nuoc/sjc/lich-su/2015-01-03.html,1992
Lịch sử giá vàng SJC ngày 04/01/2015,https://giavang.org/trong-nuoc/sjc/lich-su/2015-01-04.html,1993
Lịch sử giá vàng SJC ngày 05/01/2015,https://giavang.org/trong-nuoc/sjc/lich-su/2015-01-05.html,1994
Lịch sử giá vàng SJC ngày 06/01/2015,https://giavang.org/trong-nuoc/sjc/lich-su/2015-01-06.html,1995
Lịch sử giá vàng SJC ngày 07/01/2015,https://giavang.org/trong-nuoc/sjc/lich-su/2015-01-07.html,1996
Lịch sử giá vàng SJC ngày 08/01/2015,https://giavang.org/trong-nuoc/sjc/lich-su/2015-01-08.html,1997
Lịch sử giá vàng SJC ngày 09/01/2015,https://giavang.org/trong-nuoc/sjc/lich-su/2015-01-09.html,1998
Lịch sử giá vàng SJC ngày 10/01/2015,https://giavang.org/trong-nuoc/sjc/lich-su/2015-01-10.html,1999
Lịch sử giá vàng SJC ngày 11/01/2015,https://giavang.org/trong-nuoc/sjc/lich-su/2015-01-11.html,2000
Lịch sử giá vàng SJC ngày 12/01/2015,https://giavang.org/trong-nuoc/sjc/lich-su/2015-01-12.html,2001
Lịch sử giá vàng SJC ngày 13/01/2015,https://giavang.org/trong-nuoc/sjc/lich-su/2015-01-13.html,2002
Lịch sử giá vàng SJC ngày 14/01/2015,https://giavang.org/trong-nuoc/sjc/lich-su/2015-01-14.html,2003
Lịch sử giá vàng SJC ngày 15/01/2015,https://giavang.org/trong-nuoc/sjc/lich-su/2015-01-15.html,2004
Lịch sử giá vàng SJC ngày 16/01/2015,https://giavang.org/trong-nuoc/sjc/lich-su/2015-01-16.html,2005
Lịch sử giá vàng SJC ngày 17/01/2015,https://giavang.org/trong-nuoc/sjc/lich-su/2015-01-17.html,2006
Lịch sử giá vàng SJC ngày 18/01/2015,https://giavang.org/trong-nuoc/sjc/lich-su/2015-01-18.html,2007
Lịch sử giá vàng SJC ngày 19/01/2015,https://giavang.org/trong-nuoc/sjc/lich-su/2015-01-19.html,2008
Lịch sử giá vàng SJC ngày 20/01/2015,https://giavang.org/trong-nuoc/sjc/lich-su/2015-01-20.html,2009
Lịch sử giá vàng SJC ngày 21/01/2015,https://giavang.org/trong-nuoc/sjc/lich-su/2015-01-21.html,2010
Lịch sử giá vàng SJC ngày 22/01/2015,https://giavang.org/trong-nuoc/sjc/lich-su/2015-01-22.html,2011
Lịch sử giá vàng SJC ngày 23/01/2015,https://giavang.org/trong-nuoc/sjc/lich-su/2015-01-23.html,2012
Lịch sử giá vàng SJC ngày 24/01/2015,https://giavang.org/trong-nuoc/sjc/lich-su/2015-01-24.html,2013
Lịch sử giá vàng SJC ngày 25/01/2015,https://giavang.org/trong-nuoc/sjc/lich-su/2015-01-25.html,2014
Lịch sử giá vàng SJC ngày 26/01/2015,https://giavang.org/trong-nuoc/sjc/lich-su/2015-01-26.html,2015
Lịch sử giá vàng SJC ngày 27/01/2015,https://giavang.org/trong-nuoc/sjc/lich-su/2015-01-27.html,2016
Lịch sử giá vàng SJC ngày 28/01/2015,https://giavang.org/trong-nuoc/sjc/lich-su/2015-01-28.html,2017
Lịch sử giá vàng SJC ngày 29/01/2015,https://giavang.org/trong-nuoc/sjc/lich-su/2015-01-29.html,2018
Lịch sử giá vàng SJC ngày 30/01/2015,https://giavang.org/trong-nuoc/sjc/lich-su/2015-01-30.html,2019
Lịch sử giá vàng SJC ngày 31/01/2015,https://giavang.org/trong-nuoc/sjc/lich-su/2015-01-31.html,2020
Lịch sử giá vàng SJC ngày 01/02/2015,https://giavang.org/trong-nuoc/sjc/lich-su/2015-02-01.html,2021
Lịch sử giá vàng SJC ngày 02/02/2015,https://giavang.org/trong-nuoc/sjc/lich-su/2015-02-02.html,2022
Lịch sử giá vàng SJC ngày 03/02/2015,https://giavang.org/trong-nuoc/sjc/lich-su/2015-02-03.html,2023
Lịch sử giá vàng SJC ngày 04/02/2015,https://giavang.org/trong-nuoc/sjc/lich-su/2015-02-04.html,2024
Lịch sử giá vàng SJC ngày 05/02/2015,https://giavang.org/trong-nuoc/sjc/lich-su/2015-02-05.html,2025
Lịch sử giá vàng SJC ngày 06/02/2015,https://giavang.org/trong-nuoc/sjc/lich-su/2015-02-06.html,2026
Lịch sử giá vàng SJC ngày 07/02/2015,https://giavang.org/trong-nuoc/sjc/lich-su/2015-02-07.html,2027
Lịch sử giá vàng SJC ngày 08/02/2015,https://giavang.org/trong-nuoc/sjc/lich-su/2015-02-08.html,2028
Lịch sử giá vàng SJC ngày 09/02/2015,https://giavang.org/trong-nuoc/sjc/lich-su/2015-02-09.html,2029
Lịch sử giá vàng SJC ngày 10/02/2015,https://giavang.org/trong-nuoc/sjc/lich-su/2015-02-10.html,2030
Lịch sử giá vàng SJC ngày 11/02/2015,https://giavang.org/trong-nuoc/sjc/lich-su/2015-02-11.html,2031
Lịch sử giá vàng SJC ngày 12/02/2015,https://giavang.org/trong-nuoc/sjc/lich-su/2015-02-12.html,2032
Lịch sử giá vàng SJC ngày 13/02/2015,https://giavang.org/trong-nuoc/sjc/lich-su/2015-02-13.html,2033
Lịch sử giá vàng SJC ngày 14/02/2015,https://giavang.org/trong-nuoc/sjc/lich-su/2015-02-14.html,2034
Lịch sử giá vàng SJC ngày 15/02/2015,https://giavang.org/trong-nuoc/sjc/lich-su/2015-02-15.html,2035
Lịch sử giá vàng SJC ngày 16/02/2015,https://giavang.org/trong-nuoc/sjc/lich-su/2015-02-16.html,2036
Lịch sử giá vàng SJC ngày 17/02/2015,https://giavang.org/trong-nuoc/sjc/lich-su/2015-02-17.html,2037
Lịch sử giá vàng SJC ngày 18/02/2015,https://giavang.org/trong-nuoc/sjc/lich-su/2015-02-18.html,2038
Lịch sử giá vàng SJC ngày 19/02/2015,https://giavang.org/trong-nuoc/sjc/lich-su/2015-02-19.html,2039
Lịch sử giá vàng SJC ngày 20/02/2015,https://giavang.org/trong-nuoc/sjc/lich-su/2015-02-20.html,2040
Lịch sử giá vàng SJC ngày 21/02/2015,https://giavang.org/trong-nuoc/sjc/lich-su/2015-02-21.html,2041
Lịch sử giá vàng SJC ngày 22/02/2015,https://giavang.org/trong-nuoc/sjc/lich-su/2015-02-22.html,2042
Lịch sử giá vàng SJC ngày 23/02/2015,https://giavang.org/trong-nuoc/sjc/lich-su/2015-02-23.html,2043
Lịch sử giá vàng SJC ngày 24/02/2015,https://giavang.org/trong-nuoc/sjc/lich-su/2015-02-24.html,2044
Lịch sử giá vàng SJC ngày 25/02/2015,https://giavang.org/trong-nuoc/sjc/lich-su/2015-02-25.html,2045
Lịch sử giá vàng SJC ngày 26/02/2015,https://giavang.org/trong-nuoc/sjc/lich-su/2015-02-26.html,2046
Lịch sử giá vàng SJC ngày 27/02/2015,https://giavang.org/trong-nuoc/sjc/lich-su/2015-02-27.html,2047
Lịch sử giá vàng SJC ngày 28/02/2015,https://giavang.org/trong-nuoc/sjc/lich-su/2015-02-28.html,2048
Lịch sử giá vàng SJC ngày 01/03/2015,https://giavang.org/trong-nuoc/sjc/lich-su/2015-03-01.html,2049
Lịch sử giá vàng SJC ngày 02/03/2015,https://giavang.org/trong-nuoc/sjc/lich-su/2015-03-02.html,2050
Lịch sử giá vàng SJC ngày 03/03/2015,https://giavang.org/trong-nuoc/sjc/lich-su/2015-03-03.html,2051
Lịch sử giá vàng SJC ngày 04/03/2015,https://giavang.org/trong-nuoc/sjc/lich-su/2015-03-04.html,2052
Lịch sử giá vàng SJC ngày 05/03/2015,https://giavang.org/trong-nuoc/sjc/lich-su/2015-03-05.html,2053
Lịch sử giá vàng SJC ngày 06/03/2015,https://giavang.org/trong-nuoc/sjc/lich-su/2015-03-06.html,2054
Lịch sử giá vàng SJC ngày 07/03/2015,https://giavang.org/trong-nuoc/sjc/lich-su/2015-03-07.html,2055
Lịch sử giá vàng SJC ngày 08/03/2015,https://giavang.org/trong-nuoc/sjc/lich-su/2015-03-08.html,2056
Lịch sử giá vàng SJC ngày 09/03/2015,https://giavang.org/trong-nuoc/sjc/lich-su/2015-03-09.html,2057
Lịch sử giá vàng SJC ngày 10/03/2015,https://giavang.org/trong-nuoc/sjc/lich-su/2015-03-10.html,2058
Lịch sử giá vàng SJC ngày 11/03/2015,https://giavang.org/trong-nuoc/sjc/lich-su/2015-03-11.html,2059
Lịch sử giá vàng SJC ngày 12/03/2015,https://giavang.org/trong-nuoc/sjc/lich-su/2015-03-12.html,2060
Lịch sử giá vàng SJC ngày 13/03/2015,https://giavang.org/trong-nuoc/sjc/lich-su/2015-03-13.html,2061
Lịch sử giá vàng SJC ngày 14/03/2015,https://giavang.org/trong-nuoc/sjc/lich-su/2015-03-14.html,2062
Lịch sử giá vàng SJC ngày 15/03/2015,https://giavang.org/trong-nuoc/sjc/lich-su/2015-03-15.html,2063
Lịch sử giá vàng SJC ngày 16/03/2015,https://giavang.org/trong-nuoc/sjc/lich-su/2015-03-16.html,2064
Lịch sử giá vàng SJC ngày 17/03/2015,https://giavang.org/trong-nuoc/sjc/lich-su/2015-03-17.html,2065
Lịch sử giá vàng SJC ngày 18/03/2015,https://giavang.org/trong-nuoc/sjc/lich-su/2015-03-18.html,2066
Lịch sử giá vàng SJC ngày 19/03/2015,https://giavang.org/trong-nuoc/sjc/lich-su/2015-03-19.html,2067
Lịch sử giá vàng SJC ngày 20/03/2015,https://giavang.org/trong-nuoc/sjc/lich-su/2015-03-20.html,2068
Lịch sử giá vàng SJC ngày 21/03/2015,https://giavang.org/trong-nuoc/sjc/lich-su/2015-03-21.html,2069
Lịch sử giá vàng SJC ngày 22/03/2015,https://giavang.org/trong-nuoc/sjc/lich-su/2015-03-22.html,2070
Lịch sử giá vàng SJC ngày 23/03/2015,https://giavang.org/trong-nuoc/sjc/lich-su/2015-03-23.html,2071
Lịch sử giá vàng SJC ngày 24/03/2015,https://giavang.org/trong-nuoc/sjc/lich-su/2015-03-24.html,2072
Lịch sử giá vàng SJC ngày 25/03/2015,https://giavang.org/trong-nuoc/sjc/lich-su/2015-03-25.html,2073
Lịch sử giá vàng SJC ngày 26/03/2015,https://giavang.org/trong-nuoc/sjc/lich-su/2015-03-26.html,2074
Lịch sử giá vàng SJC ngày 27/03/2015,https://giavang.org/trong-nuoc/sjc/lich-su/2015-03-27.html,2075
Lịch sử giá vàng SJC ngày 28/03/2015,https://giavang.org/trong-nuoc/sjc/lich-su/2015-03-28.html,2076
Lịch sử giá vàng SJC ngày 29/03/2015,https://giavang.org/trong-nuoc/sjc/lich-su/2015-03-29.html,2077
Lịch sử giá vàng SJC ngày 30/03/2015,https://giavang.org/trong-nuoc/sjc/lich-su/2015-03-30.html,2078
Lịch sử giá vàng SJC ngày 31/03/2015,https://giavang.org/trong-nuoc/sjc/lich-su/2015-03-31.html,2079
Lịch sử giá vàng SJC ngày 01/04/2015,https://giavang.org/trong-nuoc/sjc/lich-su/2015-04-01.html,2080
Lịch sử giá vàng SJC ngày 02/04/2015,https://giavang.org/trong-nuoc/sjc/lich-su/2015-04-02.html,2081
Lịch sử giá vàng SJC ngày 03/04/2015,https://giavang.org/trong-nuoc/sjc/lich-su/2015-04-03.html,2082
Lịch sử giá vàng SJC ngày 04/04/2015,https://giavang.org/trong-nuoc/sjc/lich-su/2015-04-04.html,2083
Lịch sử giá vàng SJC ngày 05/04/2015,https://giavang.org/trong-nuoc/sjc/lich-su/2015-04-05.html,2084
Lịch sử giá vàng SJC ngày 06/04/2015,https://giavang.org/trong-nuoc/sjc/lich-su/2015-04-06.html,2085
Lịch sử giá vàng SJC ngày 07/04/2015,https://giavang.org/trong-nuoc/sjc/lich-su/2015-04-07.html,2086
Lịch sử giá vàng SJC ngày 08/04/2015,https://giavang.org/trong-nuoc/sjc/lich-su/2015-04-08.html,2087
Lịch sử giá vàng SJC ngày 09/04/2015,https://giavang.org/trong-nuoc/sjc/lich-su/2015-04-09.html,2088
Lịch sử giá vàng SJC ngày 10/04/2015,https://giavang.org/trong-nuoc/sjc/lich-su/2015-04-10.html,2089
Lịch sử giá vàng SJC ngày 11/04/2015,https://giavang.org/trong-nuoc/sjc/lich-su/2015-04-11.html,2090
Lịch sử giá vàng SJC ngày 12/04/2015,https://giavang.org/trong-nuoc/sjc/lich-su/2015-04-12.html,2091
Lịch sử giá vàng SJC ngày 13/04/2015,https://giavang.org/trong-nuoc/sjc/lich-su/2015-04-13.html,2092
Lịch sử giá vàng SJC ngày 14/04/2015,https://giavang.org/trong-nuoc/sjc/lich-su/2015-04-14.html,2093
Lịch sử giá vàng SJC ngày 15/04/2015,https://giavang.org/trong-nuoc/sjc/lich-su/2015-04-15.html,2094
Lịch sử giá vàng SJC ngày 16/04/2015,https://giavang.org/trong-nuoc/sjc/lich-su/2015-04-16.html,2095
Lịch sử giá vàng SJC ngày 17/04/2015,https://giavang.org/trong-nuoc/sjc/lich-su/2015-04-17.html,2096
Lịch sử giá vàng SJC ngày 18/04/2015,https://giavang.org/trong-nuoc/sjc/lich-su/2015-04-18.html,2097
Lịch sử giá vàng SJC ngày 19/04/2015,https://giavang.org/trong-nuoc/sjc/lich-su/2015-04-19.html,2098
Lịch sử giá vàng SJC ngày 20/04/2015,https://giavang.org/trong-nuoc/sjc/lich-su/2015-04-20.html,2099
Lịch sử giá vàng SJC ngày 21/04/2015,https://giavang.org/trong-nuoc/sjc/lich-su/2015-04-21.html,2100
Lịch sử giá vàng SJC ngày 22/04/2015,https://giavang.org/trong-nuoc/sjc/lich-su/2015-04-22.html,2101
Lịch sử giá vàng SJC ngày 23/04/2015,https://giavang.org/trong-nuoc/sjc/lich-su/2015-04-23.html,2102
Lịch sử giá vàng SJC ngày 24/04/2015,https://giavang.org/trong-nuoc/sjc/lich-su/2015-04-24.html,2103
Lịch sử giá vàng SJC ngày 25/04/2015,https://giavang.org/trong-nuoc/sjc/lich-su/2015-04-25.html,2104
Lịch sử giá vàng SJC ngày 26/04/2015,https://giavang.org/trong-nuoc/sjc/lich-su/2015-04-26.html,2105
Lịch sử giá vàng SJC ngày 27/04/2015,https://giavang.org/trong-nuoc/sjc/lich-su/2015-04-27.html,2106
Lịch sử giá vàng SJC ngày 28/04/2015,https://giavang.org/trong-nuoc/sjc/lich-su/2015-04-28.html,2107
Lịch sử giá vàng SJC ngày 29/04/2015,https://giavang.org/trong-nuoc/sjc/lich-su/2015-04-29.html,2108
Lịch sử giá vàng SJC ngày 30/04/2015,https://giavang.org/trong-nuoc/sjc/lich-su/2015-04-30.html,2109
Lịch sử giá vàng SJC ngày 01/05/2015,https://giavang.org/trong-nuoc/sjc/lich-su/2015-05-01.html,2110
Lịch sử giá vàng SJC ngày 02/05/2015,https://giavang.org/trong-nuoc/sjc/lich-su/2015-05-02.html,2111
Lịch sử giá vàng SJC ngày 03/05/2015,https://giavang.org/trong-nuoc/sjc/lich-su/2015-05-03.html,2112
Lịch sử giá vàng SJC ngày 04/05/2015,https://giavang.org/trong-nuoc/sjc/lich-su/2015-05-04.html,2113
Lịch sử giá vàng SJC ngày 05/05/2015,https://giavang.org/trong-nuoc/sjc/lich-su/2015-05-05.html,2114
Lịch sử giá vàng SJC ngày 06/05/2015,https://giavang.org/trong-nuoc/sjc/lich-su/2015-05-06.html,2115
Lịch sử giá vàng SJC ngày 07/05/2015,https://giavang.org/trong-nuoc/sjc/lich-su/2015-05-07.html,2116
Lịch sử giá vàng SJC ngày 08/05/2015,https://giavang.org/trong-nuoc/sjc/lich-su/2015-05-08.html,2117
Lịch sử giá vàng SJC ngày 09/05/2015,https://giavang.org/trong-nuoc/sjc/lich-su/2015-05-09.html,2118
Lịch sử giá vàng SJC ngày 10/05/2015,https://giavang.org/trong-nuoc/sjc/lich-su/2015-05-10.html,2119
Lịch sử giá vàng SJC ngày 11/05/2015,https://giavang.org/trong-nuoc/sjc/lich-su/2015-05-11.html,2120
Lịch sử giá vàng SJC ngày 12/05/2015,https://giavang.org/trong-nuoc/sjc/lich-su/2015-05-12.html,2121
Lịch sử giá vàng SJC ngày 13/05/2015,https://giavang.org/trong-nuoc/sjc/lich-su/2015-05-13.html,2122
Lịch sử giá vàng SJC ngày 14/05/2015,https://giavang.org/trong-nuoc/sjc/lich-su/2015-05-14.html,2123
Lịch sử giá vàng SJC ngày 15/05/2015,https://giavang.org/trong-nuoc/sjc/lich-su/2015-05-15.html,2124
Lịch sử giá vàng SJC ngày 16/05/2015,https://giavang.org/trong-nuoc/sjc/lich-su/2015-05-16.html,2125
Lịch sử giá vàng SJC ngày 17/05/2015,https://giavang.org/trong-nuoc/sjc/lich-su/2015-05-17.html,2126
Lịch sử giá vàng SJC ngày 18/05/2015,https://giavang.org/trong-nuoc/sjc/lich-su/2015-05-18.html,2127
Lịch sử giá vàng SJC ngày 19/05/2015,https://giavang.org/trong-nuoc/sjc/lich-su/2015-05-19.html,2128
Lịch sử giá vàng SJC ngày 20/05/2015,https://giavang.org/trong-nuoc/sjc/lich-su/2015-05-20.html,2129
Lịch sử giá vàng SJC ngày 21/05/2015,https://giavang.org/trong-nuoc/sjc/lich-su/2015-05-21.html,2130
Lịch sử giá vàng SJC ngày 22/05/2015,https://giavang.org/trong-nuoc/sjc/lich-su/2015-05-22.html,2131
Lịch sử giá vàng SJC ngày 23/05/2015,https://giavang.org/trong-nuoc/sjc/lich-su/2015-05-23.html,2132
Lịch sử giá vàng SJC ngày 24/05/2015,https://giavang.org/trong-nuoc/sjc/lich-su/2015-05-24.html,2133
Lịch sử giá vàng SJC ngày 25/05/2015,https://giavang.org/trong-nuoc/sjc/lich-su/2015-05-25.html,2134
Lịch sử giá vàng SJC ngày 26/05/2015,https://giavang.org/trong-nuoc/sjc/lich-su/2015-05-26.html,2135
Lịch sử giá vàng SJC ngày 27/05/2015,https://giavang.org/trong-nuoc/sjc/lich-su/2015-05-27.html,2136
Lịch sử giá vàng SJC ngày 28/05/2015,https://giavang.org/trong-nuoc/sjc/lich-su/2015-05-28.html,2137
Lịch sử giá vàng SJC ngày 29/05/2015,https://giavang.org/trong-nuoc/sjc/lich-su/2015-05-29.html,2138
Lịch sử giá vàng SJC ngày 30/05/2015,https://giavang.org/trong-nuoc/sjc/lich-su/2015-05-30.html,2139
Lịch sử giá vàng SJC ngày 31/05/2015,https://giavang.org/trong-nuoc/sjc/lich-su/2015-05-31.html,2140
Lịch sử giá vàng SJC ngày 01/06/2015,https://giavang.org/trong-nuoc/sjc/lich-su/2015-06-01.html,2141
Lịch sử giá vàng SJC ngày 02/06/2015,https://giavang.org/trong-nuoc/sjc/lich-su/2015-06-02.html,2142
Lịch sử giá vàng SJC ngày 03/06/2015,https://giavang.org/trong-nuoc/sjc/lich-su/2015-06-03.html,2143
Lịch sử giá vàng SJC ngày 04/06/2015,https://giavang.org/trong-nuoc/sjc/lich-su/2015-06-04.html,2144
Lịch sử giá vàng SJC ngày 05/06/2015,https://giavang.org/trong-nuoc/sjc/lich-su/2015-06-05.html,2145
Lịch sử giá vàng SJC ngày 06/06/2015,https://giavang.org/trong-nuoc/sjc/lich-su/2015-06-06.html,2146
Lịch sử giá vàng SJC ngày 07/06/2015,https://giavang.org/trong-nuoc/sjc/lich-su/2015-06-07.html,2147
Lịch sử giá vàng SJC ngày 08/06/2015,https://giavang.org/trong-nuoc/sjc/lich-su/2015-06-08.html,2148
Lịch sử giá vàng SJC ngày 09/06/2015,https://giavang.org/trong-nuoc/sjc/lich-su/2015-06-09.html,2149
Lịch sử giá vàng SJC ngày 10/06/2015,https://giavang.org/trong-nuoc/sjc/lich-su/2015-06-10.html,2150
Lịch sử giá vàng SJC ngày 11/06/2015,https://giavang.org/trong-nuoc/sjc/lich-su/2015-06-11.html,2151
Lịch sử giá vàng SJC ngày 12/06/2015,https://giavang.org/trong-nuoc/sjc/lich-su/2015-06-12.html,2152
Lịch sử giá vàng SJC ngày 13/06/2015,https://giavang.org/trong-nuoc/sjc/lich-su/2015-06-13.html,2153
Lịch sử giá vàng SJC ngày 14/06/2015,https://giavang.org/trong-nuoc/sjc/lich-su/2015-06-14.html,2154
Lịch sử giá vàng SJC ngày 15/06/2015,https://giavang.org/trong-nuoc/sjc/lich-su/2015-06-15.html,2155
Lịch sử giá vàng SJC ngày 16/06/2015,https://giavang.org/trong-nuoc/sjc/lich-su/2015-06-16.html,2156
Lịch sử giá vàng SJC ngày 17/06/2015,https://giavang.org/trong-nuoc/sjc/lich-su/2015-06-17.html,2157
Lịch sử giá vàng SJC ngày 18/06/2015,https://giavang.org/trong-nuoc/sjc/lich-su/2015-06-18.html,2158
Lịch sử giá vàng SJC ngày 19/06/2015,https://giavang.org/trong-nuoc/sjc/lich-su/2015-06-19.html,2159
Lịch sử giá vàng SJC ngày 20/06/2015,https://giavang.org/trong-nuoc/sjc/lich-su/2015-06-20.html,2160
Lịch sử giá vàng SJC ngày 21/06/2015,https://giavang.org/trong-nuoc/sjc/lich-su/2015-06-21.html,2161
Lịch sử giá vàng SJC ngày 22/06/2015,https://giavang.org/trong-nuoc/sjc/lich-su/2015-06-22.html,2162
Lịch sử giá vàng SJC ngày 23/06/2015,https://giavang.org/trong-nuoc/sjc/lich-su/2015-06-23.html,2163
Lịch sử giá vàng SJC ngày 24/06/2015,https://giavang.org/trong-nuoc/sjc/lich-su/2015-06-24.html,2164
Lịch sử giá vàng SJC ngày 25/06/2015,https://giavang.org/trong-nuoc/sjc/lich-su/2015-06-25.html,2165
Lịch sử giá vàng SJC ngày 26/06/2015,https://giavang.org/trong-nuoc/sjc/lich-su/2015-06-26.html,2166
Lịch sử giá vàng SJC ngày 27/06/2015,https://giavang.org/trong-nuoc/sjc/lich-su/2015-06-27.html,2167
Lịch sử giá vàng SJC ngày 28/06/2015,https://giavang.org/trong-nuoc/sjc/lich-su/2015-06-28.html,2168
Lịch sử giá vàng SJC ngày 29/06/2015,https://giavang.org/trong-nuoc/sjc/lich-su/2015-06-29.html,2169
Lịch sử giá vàng SJC ngày 30/06/2015,https://giavang.org/trong-nuoc/sjc/lich-su/2015-06-30.html,2170
Lịch sử giá vàng SJC ngày 01/07/2015,https://giavang.org/trong-nuoc/sjc/lich-su/2015-07-01.html,2171
Lịch sử giá vàng SJC ngày 02/07/2015,https://giavang.org/trong-nuoc/sjc/lich-su/2015-07-02.html,2172
Lịch sử giá vàng SJC ngày 03/07/2015,https://giavang.org/trong-nuoc/sjc/lich-su/2015-07-03.html,2173
Lịch sử giá vàng SJC ngày 04/07/2015,https://giavang.org/trong-nuoc/sjc/lich-su/2015-07-04.html,2174
Lịch sử giá vàng SJC ngày 05/07/2015,https://giavang.org/trong-nuoc/sjc/lich-su/2015-07-05.html,2175
Lịch sử giá vàng SJC ngày 06/07/2015,https://giavang.org/trong-nuoc/sjc/lich-su/2015-07-06.html,2176
Lịch sử giá vàng SJC ngày 07/07/2015,https://giavang.org/trong-nuoc/sjc/lich-su/2015-07-07.html,2177
Lịch sử giá vàng SJC ngày 08/07/2015,https://giavang.org/trong-nuoc/sjc/lich-su/2015-07-08.html,2178
Lịch sử giá vàng SJC ngày 09/07/2015,https://giavang.org/trong-nuoc/sjc/lich-su/2015-07-09.html,2179
Lịch sử giá vàng SJC ngày 10/07/2015,https://giavang.org/trong-nuoc/sjc/lich-su/2015-07-10.html,2180
Lịch sử giá vàng SJC ngày 11/07/2015,https://giavang.org/trong-nuoc/sjc/lich-su/2015-07-11.html,2181
Lịch sử giá vàng SJC ngày 12/07/2015,https://giavang.org/trong-nuoc/sjc/lich-su/2015-07-12.html,2182
Lịch sử giá vàng SJC ngày 13/07/2015,https://giavang.org/trong-nuoc/sjc/lich-su/2015-07-13.html,2183
Lịch sử giá vàng SJC ngày 14/07/2015,https://giavang.org/trong-nuoc/sjc/lich-su/2015-07-14.html,2184
Lịch sử giá vàng SJC ngày 15/07/2015,https://giavang.org/trong-nuoc/sjc/lich-su/2015-07-15.html,2185
Lịch sử giá vàng SJC ngày 16/07/2015,https://giavang.org/trong-nuoc/sjc/lich-su/2015-07-16.html,2186
Lịch sử giá vàng SJC ngày 17/07/2015,https://giavang.org/trong-nuoc/sjc/lich-su/2015-07-17.html,2187
Lịch sử giá vàng SJC ngày 18/07/2015,https://giavang.org/trong-nuoc/sjc/lich-su/2015-07-18.html,2188
Lịch sử giá vàng SJC ngày 19/07/2015,https://giavang.org/trong-nuoc/sjc/lich-su/2015-07-19.html,2189
Lịch sử giá vàng SJC ngày 20/07/2015,https://giavang.org/trong-nuoc/sjc/lich-su/2015-07-20.html,2190
Lịch sử giá vàng SJC ngày 21/07/2015,https://giavang.org/trong-nuoc/sjc/lich-su/2015-07-21.html,2191
Lịch sử giá vàng SJC ngày 22/07/2015,https://giavang.org/trong-nuoc/sjc/lich-su/2015-07-22.html,2192
Lịch sử giá vàng SJC ngày 23/07/2015,https://giavang.org/trong-nuoc/sjc/lich-su/2015-07-23.html,2193
Lịch sử giá vàng SJC ngày 24/07/2015,https://giavang.org/trong-nuoc/sjc/lich-su/2015-07-24.html,2194
Lịch sử giá vàng SJC ngày 25/07/2015,https://giavang.org/trong-nuoc/sjc/lich-su/2015-07-25.html,2195
Lịch sử giá vàng SJC ngày 26/07/2015,https://giavang.org/trong-nuoc/sjc/lich-su/2015-07-26.html,2196
Lịch sử giá vàng SJC ngày 27/07/2015,https://giavang.org/trong-nuoc/sjc/lich-su/2015-07-27.html,2197
Lịch sử giá vàng SJC ngày 28/07/2015,https://giavang.org/trong-nuoc/sjc/lich-su/2015-07-28.html,2198
Lịch sử giá vàng SJC ngày 29/07/2015,https://giavang.org/trong-nuoc/sjc/lich-su/2015-07-29.html,2199
Lịch sử giá vàng SJC ngày 30/07/2015,https://giavang.org/trong-nuoc/sjc/lich-su/2015-07-30.html,2200
Lịch sử giá vàng SJC ngày 31/07/2015,https://giavang.org/trong-nuoc/sjc/lich-su/2015-07-31.html,2201
Lịch sử giá vàng SJC ngày 01/08/2015,https://giavang.org/trong-nuoc/sjc/lich-su/2015-08-01.html,2202
Lịch sử giá vàng SJC ngày 02/08/2015,https://giavang.org/trong-nuoc/sjc/lich-su/2015-08-02.html,2203
Lịch sử giá vàng SJC ngày 03/08/2015,https://giavang.org/trong-nuoc/sjc/lich-su/2015-08-03.html,2204
Lịch sử giá vàng SJC ngày 04/08/2015,https://giavang.org/trong-nuoc/sjc/lich-su/2015-08-04.html,2205
Lịch sử giá vàng SJC ngày 05/08/2015,https://giavang.org/trong-nuoc/sjc/lich-su/2015-08-05.html,2206
Lịch sử giá vàng SJC ngày 06/08/2015,https://giavang.org/trong-nuoc/sjc/lich-su/2015-08-06.html,2207
Lịch sử giá vàng SJC ngày 07/08/2015,https://giavang.org/trong-nuoc/sjc/lich-su/2015-08-07.html,2208
Lịch sử giá vàng SJC ngày 08/08/2015,https://giavang.org/trong-nuoc/sjc/lich-su/2015-08-08.html,2209
Lịch sử giá vàng SJC ngày 09/08/2015,https://giavang.org/trong-nuoc/sjc/lich-su/2015-08-09.html,2210
Lịch sử giá vàng SJC ngày 10/08/2015,https://giavang.org/trong-nuoc/sjc/lich-su/2015-08-10.html,2211
Lịch sử giá vàng SJC ngày 11/08/2015,https://giavang.org/trong-nuoc/sjc/lich-su/2015-08-11.html,2212
Lịch sử giá vàng SJC ngày 12/08/2015,https://giavang.org/trong-nuoc/sjc/lich-su/2015-08-12.html,2213
Lịch sử giá vàng SJC ngày 13/08/2015,https://giavang.org/trong-nuoc/sjc/lich-su/2015-08-13.html,2214
Lịch sử giá vàng SJC ngày 14/08/2015,https://giavang.org/trong-nuoc/sjc/lich-su/2015-08-14.html,2215
Lịch sử giá vàng SJC ngày 15/08/2015,https://giavang.org/trong-nuoc/sjc/lich-su/2015-08-15.html,2216
Lịch sử giá vàng SJC ngày 16/08/2015,https://giavang.org/trong-nuoc/sjc/lich-su/2015-08-16.html,2217
Lịch sử giá vàng SJC ngày 17/08/2015,https://giavang.org/trong-nuoc/sjc/lich-su/2015-08-17.html,2218
Lịch sử giá vàng SJC ngày 18/08/2015,https://giavang.org/trong-nuoc/sjc/lich-su/2015-08-18.html,2219
Lịch sử giá vàng SJC ngày 19/08/2015,https://giavang.org/trong-nuoc/sjc/lich-su/2015-08-19.html,2220
Lịch sử giá vàng SJC ngày 20/08/2015,https://giavang.org/trong-nuoc/sjc/lich-su/2015-08-20.html,2221
Lịch sử giá vàng SJC ngày 21/08/2015,https://giavang.org/trong-nuoc/sjc/lich-su/2015-08-21.html,2222
Lịch sử giá vàng SJC ngày 22/08/2015,https://giavang.org/trong-nuoc/sjc/lich-su/2015-08-22.html,2223
Lịch sử giá vàng SJC ngày 23/08/2015,https://giavang.org/trong-nuoc/sjc/lich-su/2015-08-23.html,2224
Lịch sử giá vàng SJC ngày 24/08/2015,https://giavang.org/trong-nuoc/sjc/lich-su/2015-08-24.html,2225
Lịch sử giá vàng SJC ngày 25/08/2015,https://giavang.org/trong-nuoc/sjc/lich-su/2015-08-25.html,2226
Lịch sử giá vàng SJC ngày 26/08/2015,https://giavang.org/trong-nuoc/sjc/lich-su/2015-08-26.html,2227
Lịch sử giá vàng SJC ngày 27/08/2015,https://giavang.org/trong-nuoc/sjc/lich-su/2015-08-27.html,2228
Lịch sử giá vàng SJC ngày 28/08/2015,https://giavang.org/trong-nuoc/sjc/lich-su/2015-08-28.html,2229
Lịch sử giá vàng SJC ngày 29/08/2015,https://giavang.org/trong-nuoc/sjc/lich-su/2015-08-29.html,2230
Lịch sử giá vàng SJC ngày 30/08/2015,https://giavang.org/trong-nuoc/sjc/lich-su/2015-08-30.html,2231
Lịch sử giá vàng SJC ngày 31/08/2015,https://giavang.org/trong-nuoc/sjc/lich-su/2015-08-31.html,2232
Lịch sử giá vàng SJC ngày 01/09/2015,https://giavang.org/trong-nuoc/sjc/lich-su/2015-09-01.html,2233
Lịch sử giá vàng SJC ngày 02/09/2015,https://giavang.org/trong-nuoc/sjc/lich-su/2015-09-02.html,2234
Lịch sử giá vàng SJC ngày 03/09/2015,https://giavang.org/trong-nuoc/sjc/lich-su/2015-09-03.html,2235
Lịch sử giá vàng SJC ngày 04/09/2015,https://giavang.org/trong-nuoc/sjc/lich-su/2015-09-04.html,2236
Lịch sử giá vàng SJC ngày 05/09/2015,https://giavang.org/trong-nuoc/sjc/lich-su/2015-09-05.html,2237
Lịch sử giá vàng SJC ngày 06/09/2015,https://giavang.org/trong-nuoc/sjc/lich-su/2015-09-06.html,2238
Lịch sử giá vàng SJC ngày 07/09/2015,https://giavang.org/trong-nuoc/sjc/lich-su/2015-09-07.html,2239
Lịch sử giá vàng SJC ngày 08/09/2015,https://giavang.org/trong-nuoc/sjc/lich-su/2015-09-08.html,2240
Lịch sử giá vàng SJC ngày 09/09/2015,https://giavang.org/trong-nuoc/sjc/lich-su/2015-09-09.html,2241
Lịch sử giá vàng SJC ngày 10/09/2015,https://giavang.org/trong-nuoc/sjc/lich-su/2015-09-10.html,2242
Lịch sử giá vàng SJC ngày 11/09/2015,https://giavang.org/trong-nuoc/sjc/lich-su/2015-09-11.html,2243
Lịch sử giá vàng SJC ngày 12/09/2015,https://giavang.org/trong-nuoc/sjc/lich-su/2015-09-12.html,2244
Lịch sử giá vàng SJC ngày 13/09/2015,https://giavang.org/trong-nuoc/sjc/lich-su/2015-09-13.html,2245
Lịch sử giá vàng SJC ngày 14/09/2015,https://giavang.org/trong-nuoc/sjc/lich-su/2015-09-14.html,2246
Lịch sử giá vàng SJC ngày 15/09/2015,https://giavang.org/trong-nuoc/sjc/lich-su/2015-09-15.html,2247
Lịch sử giá vàng SJC ngày 16/09/2015,https://giavang.org/trong-nuoc/sjc/lich-su/2015-09-16.html,2248
Lịch sử giá vàng SJC ngày 17/09/2015,https://giavang.org/trong-nuoc/sjc/lich-su/2015-09-17.html,2249
Lịch sử giá vàng SJC ngày 18/09/2015,https://giavang.org/trong-nuoc/sjc/lich-su/2015-09-18.html,2250
Lịch sử giá vàng SJC ngày 19/09/2015,https://giavang.org/trong-nuoc/sjc/lich-su/2015-09-19.html,2251
Lịch sử giá vàng SJC ngày 20/09/2015,https://giavang.org/trong-nuoc/sjc/lich-su/2015-09-20.html,2252
Lịch sử giá vàng SJC ngày 21/09/2015,https://giavang.org/trong-nuoc/sjc/lich-su/2015-09-21.html,2253
Lịch sử giá vàng SJC ngày 22/09/2015,https://giavang.org/trong-nuoc/sjc/lich-su/2015-09-22.html,2254
Lịch sử giá vàng SJC ngày 23/09/2015,https://giavang.org/trong-nuoc/sjc/lich-su/2015-09-23.html,2255
Lịch sử giá vàng SJC ngày 24/09/2015,https://giavang.org/trong-nuoc/sjc/lich-su/2015-09-24.html,2256
Lịch sử giá vàng SJC ngày 25/09/2015,https://giavang.org/trong-nuoc/sjc/lich-su/2015-09-25.html,2257
Lịch sử giá vàng SJC ngày 26/09/2015,https://giavang.org/trong-nuoc/sjc/lich-su/2015-09-26.html,2258
Lịch sử giá vàng SJC ngày 27/09/2015,https://giavang.org/trong-nuoc/sjc/lich-su/2015-09-27.html,2259
Lịch sử giá vàng SJC ngày 28/09/2015,https://giavang.org/trong-nuoc/sjc/lich-su/2015-09-28.html,2260
Lịch sử giá vàng SJC ngày 29/09/2015,https://giavang.org/trong-nuoc/sjc/lich-su/2015-09-29.html,2261
Lịch sử giá vàng SJC ngày 30/09/2015,https://giavang.org/trong-nuoc/sjc/lich-su/2015-09-30.html,2262
Lịch sử giá vàng SJC ngày 01/10/2015,https://giavang.org/trong-nuoc/sjc/lich-su/2015-10-01.html,2263
Lịch sử giá vàng SJC ngày 02/10/2015,https://giavang.org/trong-nuoc/sjc/lich-su/2015-10-02.html,2264
Lịch sử giá vàng SJC ngày 03/10/2015,https://giavang.org/trong-nuoc/sjc/lich-su/2015-10-03.html,2265
Lịch sử giá vàng SJC ngày 04/10/2015,https://giavang.org/trong-nuoc/sjc/lich-su/2015-10-04.html,2266
Lịch sử giá vàng SJC ngày 05/10/2015,https://giavang.org/trong-nuoc/sjc/lich-su/2015-10-05.html,2267
Lịch sử giá vàng SJC ngày 06/10/2015,https://giavang.org/trong-nuoc/sjc/lich-su/2015-10-06.html,2268
Lịch sử giá vàng SJC ngày 07/10/2015,https://giavang.org/trong-nuoc/sjc/lich-su/2015-10-07.html,2269
Lịch sử giá vàng SJC ngày 08/10/2015,https://giavang.org/trong-nuoc/sjc/lich-su/2015-10-08.html,2270
Lịch sử giá vàng SJC ngày 09/10/2015,https://giavang.org/trong-nuoc/sjc/lich-su/2015-10-09.html,2271
Lịch sử giá vàng SJC ngày 10/10/2015,https://giavang.org/trong-nuoc/sjc/lich-su/2015-10-10.html,2272
Lịch sử giá vàng SJC ngày 11/10/2015,https://giavang.org/trong-nuoc/sjc/lich-su/2015-10-11.html,2273
Lịch sử giá vàng SJC ngày 12/10/2015,https://giavang.org/trong-nuoc/sjc/lich-su/2015-10-12.html,2274
Lịch sử giá vàng SJC ngày 13/10/2015,https://giavang.org/trong-nuoc/sjc/lich-su/2015-10-13.html,2275
Lịch sử giá vàng SJC ngày 14/10/2015,https://giavang.org/trong-nuoc/sjc/lich-su/2015-10-14.html,2276
Lịch sử giá vàng SJC ngày 15/10/2015,https://giavang.org/trong-nuoc/sjc/lich-su/2015-10-15.html,2277
Lịch sử giá vàng SJC ngày 16/10/2015,https://giavang.org/trong-nuoc/sjc/lich-su/2015-10-16.html,2278
Lịch sử giá vàng SJC ngày 17/10/2015,https://giavang.org/trong-nuoc/sjc/lich-su/2015-10-17.html,2279
Lịch sử giá vàng SJC ngày 18/10/2015,https://giavang.org/trong-nuoc/sjc/lich-su/2015-10-18.html,2280
Lịch sử giá vàng SJC ngày 19/10/2015,https://giavang.org/trong-nuoc/sjc/lich-su/2015-10-19.html,2281
Lịch sử giá vàng SJC ngày 20/10/2015,https://giavang.org/trong-nuoc/sjc/lich-su/2015-10-20.html,2282
Lịch sử giá vàng SJC ngày 21/10/2015,https://giavang.org/trong-nuoc/sjc/lich-su/2015-10-21.html,2283
Lịch sử giá vàng SJC ngày 22/10/2015,https://giavang.org/trong-nuoc/sjc/lich-su/2015-10-22.html,2284
Lịch sử giá vàng SJC ngày 23/10/2015,https://giavang.org/trong-nuoc/sjc/lich-su/2015-10-23.html,2285
Lịch sử giá vàng SJC ngày 24/10/2015,https://giavang.org/trong-nuoc/sjc/lich-su/2015-10-24.html,2286
Lịch sử giá vàng SJC ngày 25/10/2015,https://giavang.org/trong-nuoc/sjc/lich-su/2015-10-25.html,2287
Lịch sử giá vàng SJC ngày 26/10/2015,https://giavang.org/trong-nuoc/sjc/lich-su/2015-10-26.html,2288
Lịch sử giá vàng SJC ngày 27/10/2015,https://giavang.org/trong-nuoc/sjc/lich-su/2015-10-27.html,2289
Lịch sử giá vàng SJC ngày 28/10/2015,https://giavang.org/trong-nuoc/sjc/lich-su/2015-10-28.html,2290
Lịch sử giá vàng SJC ngày 29/10/2015,https://giavang.org/trong-nuoc/sjc/lich-su/2015-10-29.html,2291
Lịch sử giá vàng SJC ngày 30/10/2015,https://giavang.org/trong-nuoc/sjc/lich-su/2015-10-30.html,2292
Lịch sử giá vàng SJC ngày 31/10/2015,https://giavang.org/trong-nuoc/sjc/lich-su/2015-10-31.html,2293
Lịch sử giá vàng SJC ngày 01/11/2015,https://giavang.org/trong-nuoc/sjc/lich-su/2015-11-01.html,2294
Lịch sử giá vàng SJC ngày 02/11/2015,https://giavang.org/trong-nuoc/sjc/lich-su/2015-11-02.html,2295
Lịch sử giá vàng SJC ngày 03/11/2015,https://giavang.org/trong-nuoc/sjc/lich-su/2015-11-03.html,2296
Lịch sử giá vàng SJC ngày 04/11/2015,https://giavang.org/trong-nuoc/sjc/lich-su/2015-11-04.html,2297
Lịch sử giá vàng SJC ngày 05/11/2015,https://giavang.org/trong-nuoc/sjc/lich-su/2015-11-05.html,2298
Lịch sử giá vàng SJC ngày 06/11/2015,https://giavang.org/trong-nuoc/sjc/lich-su/2015-11-06.html,2299
Lịch sử giá vàng SJC ngày 07/11/2015,https://giavang.org/trong-nuoc/sjc/lich-su/2015-11-07.html,2300
Lịch sử giá vàng SJC ngày 08/11/2015,https://giavang.org/trong-nuoc/sjc/lich-su/2015-11-08.html,2301
Lịch sử giá vàng SJC ngày 09/11/2015,https://giavang.org/trong-nuoc/sjc/lich-su/2015-11-09.html,2302
Lịch sử giá vàng SJC ngày 10/11/2015,https://giavang.org/trong-nuoc/sjc/lich-su/2015-11-10.html,2303
Lịch sử giá vàng SJC ngày 11/11/2015,https://giavang.org/trong-nuoc/sjc/lich-su/2015-11-11.html,2304
Lịch sử giá vàng SJC ngày 12/11/2015,https://giavang.org/trong-nuoc/sjc/lich-su/2015-11-12.html,2305
Lịch sử giá vàng SJC ngày 13/11/2015,https://giavang.org/trong-nuoc/sjc/lich-su/2015-11-13.html,2306
Lịch sử giá vàng SJC ngày 14/11/2015,https://giavang.org/trong-nuoc/sjc/lich-su/2015-11-14.html,2307
Lịch sử giá vàng SJC ngày 15/11/2015,https://giavang.org/trong-nuoc/sjc/lich-su/2015-11-15.html,2308
Lịch sử giá vàng SJC ngày 16/11/2015,https://giavang.org/trong-nuoc/sjc/lich-su/2015-11-16.html,2309
Lịch sử giá vàng SJC ngày 17/11/2015,https://giavang.org/trong-nuoc/sjc/lich-su/2015-11-17.html,2310
Lịch sử giá vàng SJC ngày 18/11/2015,https://giavang.org/trong-nuoc/sjc/lich-su/2015-11-18.html,2311
Lịch sử giá vàng SJC ngày 19/11/2015,https://giavang.org/trong-nuoc/sjc/lich-su/2015-11-19.html,2312
Lịch sử giá vàng SJC ngày 20/11/2015,https://giavang.org/trong-nuoc/sjc/lich-su/2015-11-20.html,2313
Lịch sử giá vàng SJC ngày 21/11/2015,https://giavang.org/trong-nuoc/sjc/lich-su/2015-11-21.html,2314
Lịch sử giá vàng SJC ngày 22/11/2015,https://giavang.org/trong-nuoc/sjc/lich-su/2015-11-22.html,2315
Lịch sử giá vàng SJC ngày 23/11/2015,https://giavang.org/trong-nuoc/sjc/lich-su/2015-11-23.html,2316
Lịch sử giá vàng SJC ngày 24/11/2015,https://giavang.org/trong-nuoc/sjc/lich-su/2015-11-24.html,2317
Lịch sử giá vàng SJC ngày 25/11/2015,https://giavang.org/trong-nuoc/sjc/lich-su/2015-11-25.html,2318
Lịch sử giá vàng SJC ngày 26/11/2015,https://giavang.org/trong-nuoc/sjc/lich-su/2015-11-26.html,2319
Lịch sử giá vàng SJC ngày 27/11/2015,https://giavang.org/trong-nuoc/sjc/lich-su/2015-11-27.html,2320
Lịch sử giá vàng SJC ngày 28/11/2015,https://giavang.org/trong-nuoc/sjc/lich-su/2015-11-28.html,2321
Lịch sử giá vàng SJC ngày 29/11/2015,https://giavang.org/trong-nuoc/sjc/lich-su/2015-11-29.html,2322
Lịch sử giá vàng SJC ngày 30/11/2015,https://giavang.org/trong-nuoc/sjc/lich-su/2015-11-30.html,2323
Lịch sử giá vàng SJC ngày 01/12/2015,https://giavang.org/trong-nuoc/sjc/lich-su/2015-12-01.html,2324
Lịch sử giá vàng SJC ngày 02/12/2015,https://giavang.org/trong-nuoc/sjc/lich-su/2015-12-02.html,2325
Lịch sử giá vàng SJC ngày 03/12/2015,https://giavang.org/trong-nuoc/sjc/lich-su/2015-12-03.html,2326
Lịch sử giá vàng SJC ngày 04/12/2015,https://giavang.org/trong-nuoc/sjc/lich-su/2015-12-04.html,2327
Lịch sử giá vàng SJC ngày 05/12/2015,https://giavang.org/trong-nuoc/sjc/lich-su/2015-12-05.html,2328
Lịch sử giá vàng SJC ngày 06/12/2015,https://giavang.org/trong-nuoc/sjc/lich-su/2015-12-06.html,2329
Lịch sử giá vàng SJC ngày 07/12/2015,https://giavang.org/trong-nuoc/sjc/lich-su/2015-12-07.html,2330
Lịch sử giá vàng SJC ngày 08/12/2015,https://giavang.org/trong-nuoc/sjc/lich-su/2015-12-08.html,2331
Lịch sử giá vàng SJC ngày 09/12/2015,https://giavang.org/trong-nuoc/sjc/lich-su/2015-12-09.html,2332
Lịch sử giá vàng SJC ngày 10/12/2015,https://giavang.org/trong-nuoc/sjc/lich-su/2015-12-10.html,2333
Lịch sử giá vàng SJC ngày 11/12/2015,https://giavang.org/trong-nuoc/sjc/lich-su/2015-12-11.html,2334
Lịch sử giá vàng SJC ngày 12/12/2015,https://giavang.org/trong-nuoc/sjc/lich-su/2015-12-12.html,2335
Lịch sử giá vàng SJC ngày 13/12/2015,https://giavang.org/trong-nuoc/sjc/lich-su/2015-12-13.html,2336
Lịch sử giá vàng SJC ngày 14/12/2015,https://giavang.org/trong-nuoc/sjc/lich-su/2015-12-14.html,2337
Lịch sử giá vàng SJC ngày 15/12/2015,https://giavang.org/trong-nuoc/sjc/lich-su/2015-12-15.html,2338
Lịch sử giá vàng SJC ngày 16/12/2015,https://giavang.org/trong-nuoc/sjc/lich-su/2015-12-16.html,2339
Lịch sử giá vàng SJC ngày 17/12/2015,https://giavang.org/trong-nuoc/sjc/lich-su/2015-12-17.html,2340
Lịch sử giá vàng SJC ngày 18/12/2015,https://giavang.org/trong-nuoc/sjc/lich-su/2015-12-18.html,2341
Lịch sử giá vàng SJC ngày 19/12/2015,https://giavang.org/trong-nuoc/sjc/lich-su/2015-12-19.html,2342
Lịch sử giá vàng SJC ngày 20/12/2015,https://giavang.org/trong-nuoc/sjc/lich-su/2015-12-20.html,2343
Lịch sử giá vàng SJC ngày 21/12/2015,https://giavang.org/trong-nuoc/sjc/lich-su/2015-12-21.html,2344
Lịch sử giá vàng SJC ngày 22/12/2015,https://giavang.org/trong-nuoc/sjc/lich-su/2015-12-22.html,2345
Lịch sử giá vàng SJC ngày 23/12/2015,https://giavang.org/trong-nuoc/sjc/lich-su/2015-12-23.html,2346
Lịch sử giá vàng SJC ngày 24/12/2015,https://giavang.org/trong-nuoc/sjc/lich-su/2015-12-24.html,2347
Lịch sử giá vàng SJC ngày 25/12/2015,https://giavang.org/trong-nuoc/sjc/lich-su/2015-12-25.html,2348
Lịch sử giá vàng SJC ngày 26/12/2015,https://giavang.org/trong-nuoc/sjc/lich-su/2015-12-26.html,2349
Lịch sử giá vàng SJC ngày 27/12/2015,https://giavang.org/trong-nuoc/sjc/lich-su/2015-12-27.html,2350
Lịch sử giá vàng SJC ngày 28/12/2015,https://giavang.org/trong-nuoc/sjc/lich-su/2015-12-28.html,2351
Lịch sử giá vàng SJC ngày 29/12/2015,https://giavang.org/trong-nuoc/sjc/lich-su/2015-12-29.html,2352
Lịch sử giá vàng SJC ngày 30/12/2015,https://giavang.org/trong-nuoc/sjc/lich-su/2015-12-30.html,2353
Lịch sử giá vàng SJC ngày 31/12/2015,https://giavang.org/trong-nuoc/sjc/lich-su/2015-12-31.html,2354
Lịch sử giá vàng SJC ngày 01/01/2016,https://giavang.org/trong-nuoc/sjc/lich-su/2016-01-01.html,2355
Lịch sử giá vàng SJC ngày 02/01/2016,https://giavang.org/trong-nuoc/sjc/lich-su/2016-01-02.html,2356
Lịch sử giá vàng SJC ngày 03/01/2016,https://giavang.org/trong-nuoc/sjc/lich-su/2016-01-03.html,2357
Lịch sử giá vàng SJC ngày 04/01/2016,https://giavang.org/trong-nuoc/sjc/lich-su/2016-01-04.html,2358
Lịch sử giá vàng SJC ngày 05/01/2016,https://giavang.org/trong-nuoc/sjc/lich-su/2016-01-05.html,2359
Lịch sử giá vàng SJC ngày 06/01/2016,https://giavang.org/trong-nuoc/sjc/lich-su/2016-01-06.html,2360
Lịch sử giá vàng SJC ngày 07/01/2016,https://giavang.org/trong-nuoc/sjc/lich-su/2016-01-07.html,2361
Lịch sử giá vàng SJC ngày 08/01/2016,https://giavang.org/trong-nuoc/sjc/lich-su/2016-01-08.html,2362
Lịch sử giá vàng SJC ngày 09/01/2016,https://giavang.org/trong-nuoc/sjc/lich-su/2016-01-09.html,2363
Lịch sử giá vàng SJC ngày 10/01/2016,https://giavang.org/trong-nuoc/sjc/lich-su/2016-01-10.html,2364
Lịch sử giá vàng SJC ngày 11/01/2016,https://giavang.org/trong-nuoc/sjc/lich-su/2016-01-11.html,2365
Lịch sử giá vàng SJC ngày 12/01/2016,https://giavang.org/trong-nuoc/sjc/lich-su/2016-01-12.html,2366
Lịch sử giá vàng SJC ngày 13/01/2016,https://giavang.org/trong-nuoc/sjc/lich-su/2016-01-13.html,2367
Lịch sử giá vàng SJC ngày 14/01/2016,https://giavang.org/trong-nuoc/sjc/lich-su/2016-01-14.html,2368
Lịch sử giá vàng SJC ngày 15/01/2016,https://giavang.org/trong-nuoc/sjc/lich-su/2016-01-15.html,2369
Lịch sử giá vàng SJC ngày 16/01/2016,https://giavang.org/trong-nuoc/sjc/lich-su/2016-01-16.html,2370
Lịch sử giá vàng SJC ngày 17/01/2016,https://giavang.org/trong-nuoc/sjc/lich-su/2016-01-17.html,2371
Lịch sử giá vàng SJC ngày 18/01/2016,https://giavang.org/trong-nuoc/sjc/lich-su/2016-01-18.html,2372
Lịch sử giá vàng SJC ngày 19/01/2016,https://giavang.org/trong-nuoc/sjc/lich-su/2016-01-19.html,2373
Lịch sử giá vàng SJC ngày 20/01/2016,https://giavang.org/trong-nuoc/sjc/lich-su/2016-01-20.html,2374
Lịch sử giá vàng SJC ngày 21/01/2016,https://giavang.org/trong-nuoc/sjc/lich-su/2016-01-21.html,2375
Lịch sử giá vàng SJC ngày 22/01/2016,https://giavang.org/trong-nuoc/sjc/lich-su/2016-01-22.html,2376
Lịch sử giá vàng SJC ngày 23/01/2016,https://giavang.org/trong-nuoc/sjc/lich-su/2016-01-23.html,2377
Lịch sử giá vàng SJC ngày 24/01/2016,https://giavang.org/trong-nuoc/sjc/lich-su/2016-01-24.html,2378
Lịch sử giá vàng SJC ngày 25/01/2016,https://giavang.org/trong-nuoc/sjc/lich-su/2016-01-25.html,2379
Lịch sử giá vàng SJC ngày 26/01/2016,https://giavang.org/trong-nuoc/sjc/lich-su/2016-01-26.html,2380
Lịch sử giá vàng SJC ngày 27/01/2016,https://giavang.org/trong-nuoc/sjc/lich-su/2016-01-27.html,2381
Lịch sử giá vàng SJC ngày 28/01/2016,https://giavang.org/trong-nuoc/sjc/lich-su/2016-01-28.html,2382
Lịch sử giá vàng SJC ngày 29/01/2016,https://giavang.org/trong-nuoc/sjc/lich-su/2016-01-29.html,2383
Lịch sử giá vàng SJC ngày 30/01/2016,https://giavang.org/trong-nuoc/sjc/lich-su/2016-01-30.html,2384
Lịch sử giá vàng SJC ngày 31/01/2016,https://giavang.org/trong-nuoc/sjc/lich-su/2016-01-31.html,2385
Lịch sử giá vàng SJC ngày 01/02/2016,https://giavang.org/trong-nuoc/sjc/lich-su/2016-02-01.html,2386
Lịch sử giá vàng SJC ngày 02/02/2016,https://giavang.org/trong-nuoc/sjc/lich-su/2016-02-02.html,2387
Lịch sử giá vàng SJC ngày 03/02/2016,https://giavang.org/trong-nuoc/sjc/lich-su/2016-02-03.html,2388
Lịch sử giá vàng SJC ngày 04/02/2016,https://giavang.org/trong-nuoc/sjc/lich-su/2016-02-04.html,2389
Lịch sử giá vàng SJC ngày 05/02/2016,https://giavang.org/trong-nuoc/sjc/lich-su/2016-02-05.html,2390
Lịch sử giá vàng SJC ngày 06/02/2016,https://giavang.org/trong-nuoc/sjc/lich-su/2016-02-06.html,2391
Lịch sử giá vàng SJC ngày 07/02/2016,https://giavang.org/trong-nuoc/sjc/lich-su/2016-02-07.html,2392
Lịch sử giá vàng SJC ngày 08/02/2016,https://giavang.org/trong-nuoc/sjc/lich-su/2016-02-08.html,2393
Lịch sử giá vàng SJC ngày 09/02/2016,https://giavang.org/trong-nuoc/sjc/lich-su/2016-02-09.html,2394
Lịch sử giá vàng SJC ngày 10/02/2016,https://giavang.org/trong-nuoc/sjc/lich-su/2016-02-10.html,2395
Lịch sử giá vàng SJC ngày 11/02/2016,https://giavang.org/trong-nuoc/sjc/lich-su/2016-02-11.html,2396
Lịch sử giá vàng SJC ngày 12/02/2016,https://giavang.org/trong-nuoc/sjc/lich-su/2016-02-12.html,2397
Lịch sử giá vàng SJC ngày 13/02/2016,https://giavang.org/trong-nuoc/sjc/lich-su/2016-02-13.html,2398
Lịch sử giá vàng SJC ngày 14/02/2016,https://giavang.org/trong-nuoc/sjc/lich-su/2016-02-14.html,2399
Lịch sử giá vàng SJC ngày 15/02/2016,https://giavang.org/trong-nuoc/sjc/lich-su/2016-02-15.html,2400
Lịch sử giá vàng SJC ngày 16/02/2016,https://giavang.org/trong-nuoc/sjc/lich-su/2016-02-16.html,2401
Lịch sử giá vàng SJC ngày 17/02/2016,https://giavang.org/trong-nuoc/sjc/lich-su/2016-02-17.html,2402
Lịch sử giá vàng SJC ngày 18/02/2016,https://giavang.org/trong-nuoc/sjc/lich-su/2016-02-18.html,2403
Lịch sử giá vàng SJC ngày 19/02/2016,https://giavang.org/trong-nuoc/sjc/lich-su/2016-02-19.html,2404
Lịch sử giá vàng SJC ngày 20/02/2016,https://giavang.org/trong-nuoc/sjc/lich-su/2016-02-20.html,2405
Lịch sử giá vàng SJC ngày 21/02/2016,https://giavang.org/trong-nuoc/sjc/lich-su/2016-02-21.html,2406
Lịch sử giá vàng SJC ngày 22/02/2016,https://giavang.org/trong-nuoc/sjc/lich-su/2016-02-22.html,2407
Lịch sử giá vàng SJC ngày 23/02/2016,https://giavang.org/trong-nuoc/sjc/lich-su/2016-02-23.html,2408
Lịch sử giá vàng SJC ngày 24/02/2016,https://giavang.org/trong-nuoc/sjc/lich-su/2016-02-24.html,2409
Lịch sử giá vàng SJC ngày 25/02/2016,https://giavang.org/trong-nuoc/sjc/lich-su/2016-02-25.html,2410
Lịch sử giá vàng SJC ngày 26/02/2016,https://giavang.org/trong-nuoc/sjc/lich-su/2016-02-26.html,2411
Lịch sử giá vàng SJC ngày 27/02/2016,https://giavang.org/trong-nuoc/sjc/lich-su/2016-02-27.html,2412
Lịch sử giá vàng SJC ngày 28/02/2016,https://giavang.org/trong-nuoc/sjc/lich-su/2016-02-28.html,2413
Lịch sử giá vàng SJC ngày 29/02/2016,https://giavang.org/trong-nuoc/sjc/lich-su/2016-02-29.html,2414
Lịch sử giá vàng SJC ngày 01/03/2016,https://giavang.org/trong-nuoc/sjc/lich-su/2016-03-01.html,2415
Lịch sử giá vàng SJC ngày 02/03/2016,https://giavang.org/trong-nuoc/sjc/lich-su/2016-03-02.html,2416
Lịch sử giá vàng SJC ngày 03/03/2016,https://giavang.org/trong-nuoc/sjc/lich-su/2016-03-03.html,2417
Lịch sử giá vàng SJC ngày 04/03/2016,https://giavang.org/trong-nuoc/sjc/lich-su/2016-03-04.html,2418
Lịch sử giá vàng SJC ngày 05/03/2016,https://giavang.org/trong-nuoc/sjc/lich-su/2016-03-05.html,2419
Lịch sử giá vàng SJC ngày 06/03/2016,https://giavang.org/trong-nuoc/sjc/lich-su/2016-03-06.html,2420
Lịch sử giá vàng SJC ngày 07/03/2016,https://giavang.org/trong-nuoc/sjc/lich-su/2016-03-07.html,2421
Lịch sử giá vàng SJC ngày 08/03/2016,https://giavang.org/trong-nuoc/sjc/lich-su/2016-03-08.html,2422
Lịch sử giá vàng SJC ngày 09/03/2016,https://giavang.org/trong-nuoc/sjc/lich-su/2016-03-09.html,2423
Lịch sử giá vàng SJC ngày 10/03/2016,https://giavang.org/trong-nuoc/sjc/lich-su/2016-03-10.html,2424
Lịch sử giá vàng SJC ngày 11/03/2016,https://giavang.org/trong-nuoc/sjc/lich-su/2016-03-11.html,2425
Lịch sử giá vàng SJC ngày 12/03/2016,https://giavang.org/trong-nuoc/sjc/lich-su/2016-03-12.html,2426
Lịch sử giá vàng SJC ngày 13/03/2016,https://giavang.org/trong-nuoc/sjc/lich-su/2016-03-13.html,2427
Lịch sử giá vàng SJC ngày 14/03/2016,https://giavang.org/trong-nuoc/sjc/lich-su/2016-03-14.html,2428
Lịch sử giá vàng SJC ngày 15/03/2016,https://giavang.org/trong-nuoc/sjc/lich-su/2016-03-15.html,2429
Lịch sử giá vàng SJC ngày 16/03/2016,https://giavang.org/trong-nuoc/sjc/lich-su/2016-03-16.html,2430
Lịch sử giá vàng SJC ngày 17/03/2016,https://giavang.org/trong-nuoc/sjc/lich-su/2016-03-17.html,2431
Lịch sử giá vàng SJC ngày 18/03/2016,https://giavang.org/trong-nuoc/sjc/lich-su/2016-03-18.html,2432
Lịch sử giá vàng SJC ngày 19/03/2016,https://giavang.org/trong-nuoc/sjc/lich-su/2016-03-19.html,2433
Lịch sử giá vàng SJC ngày 20/03/2016,https://giavang.org/trong-nuoc/sjc/lich-su/2016-03-20.html,2434
Lịch sử giá vàng SJC ngày 21/03/2016,https://giavang.org/trong-nuoc/sjc/lich-su/2016-03-21.html,2435
Lịch sử giá vàng SJC ngày 22/03/2016,https://giavang.org/trong-nuoc/sjc/lich-su/2016-03-22.html,2436
Lịch sử giá vàng SJC ngày 23/03/2016,https://giavang.org/trong-nuoc/sjc/lich-su/2016-03-23.html,2437
Lịch sử giá vàng SJC ngày 24/03/2016,https://giavang.org/trong-nuoc/sjc/lich-su/2016-03-24.html,2438
Lịch sử giá vàng SJC ngày 25/03/2016,https://giavang.org/trong-nuoc/sjc/lich-su/2016-03-25.html,2439
Lịch sử giá vàng SJC ngày 26/03/2016,https://giavang.org/trong-nuoc/sjc/lich-su/2016-03-26.html,2440
Lịch sử giá vàng SJC ngày 27/03/2016,https://giavang.org/trong-nuoc/sjc/lich-su/2016-03-27.html,2441
Lịch sử giá vàng SJC ngày 28/03/2016,https://giavang.org/trong-nuoc/sjc/lich-su/2016-03-28.html,2442
Lịch sử giá vàng SJC ngày 29/03/2016,https://giavang.org/trong-nuoc/sjc/lich-su/2016-03-29.html,2443
Lịch sử giá vàng SJC ngày 30/03/2016,https://giavang.org/trong-nuoc/sjc/lich-su/2016-03-30.html,2444
Lịch sử giá vàng SJC ngày 31/03/2016,https://giavang.org/trong-nuoc/sjc/lich-su/2016-03-31.html,2445
Lịch sử giá vàng SJC ngày 01/04/2016,https://giavang.org/trong-nuoc/sjc/lich-su/2016-04-01.html,2446
Lịch sử giá vàng SJC ngày 02/04/2016,https://giavang.org/trong-nuoc/sjc/lich-su/2016-04-02.html,2447
Lịch sử giá vàng SJC ngày 03/04/2016,https://giavang.org/trong-nuoc/sjc/lich-su/2016-04-03.html,2448
Lịch sử giá vàng SJC ngày 04/04/2016,https://giavang.org/trong-nuoc/sjc/lich-su/2016-04-04.html,2449
Lịch sử giá vàng SJC ngày 05/04/2016,https://giavang.org/trong-nuoc/sjc/lich-su/2016-04-05.html,2450
Lịch sử giá vàng SJC ngày 06/04/2016,https://giavang.org/trong-nuoc/sjc/lich-su/2016-04-06.html,2451
Lịch sử giá vàng SJC ngày 07/04/2016,https://giavang.org/trong-nuoc/sjc/lich-su/2016-04-07.html,2452
Lịch sử giá vàng SJC ngày 08/04/2016,https://giavang.org/trong-nuoc/sjc/lich-su/2016-04-08.html,2453
Lịch sử giá vàng SJC ngày 09/04/2016,https://giavang.org/trong-nuoc/sjc/lich-su/2016-04-09.html,2454
Lịch sử giá vàng SJC ngày 10/04/2016,https://giavang.org/trong-nuoc/sjc/lich-su/2016-04-10.html,2455
Lịch sử giá vàng SJC ngày 11/04/2016,https://giavang.org/trong-nuoc/sjc/lich-su/2016-04-11.html,2456
Lịch sử giá vàng SJC ngày 12/04/2016,https://giavang.org/trong-nuoc/sjc/lich-su/2016-04-12.html,2457
Lịch sử giá vàng SJC ngày 13/04/2016,https://giavang.org/trong-nuoc/sjc/lich-su/2016-04-13.html,2458
Lịch sử giá vàng SJC ngày 14/04/2016,https://giavang.org/trong-nuoc/sjc/lich-su/2016-04-14.html,2459
Lịch sử giá vàng SJC ngày 15/04/2016,https://giavang.org/trong-nuoc/sjc/lich-su/2016-04-15.html,2460
Lịch sử giá vàng SJC ngày 16/04/2016,https://giavang.org/trong-nuoc/sjc/lich-su/2016-04-16.html,2461
Lịch sử giá vàng SJC ngày 17/04/2016,https://giavang.org/trong-nuoc/sjc/lich-su/2016-04-17.html,2462
Lịch sử giá vàng SJC ngày 18/04/2016,https://giavang.org/trong-nuoc/sjc/lich-su/2016-04-18.html,2463
Lịch sử giá vàng SJC ngày 19/04/2016,https://giavang.org/trong-nuoc/sjc/lich-su/2016-04-19.html,2464
Lịch sử giá vàng SJC ngày 20/04/2016,https://giavang.org/trong-nuoc/sjc/lich-su/2016-04-20.html,2465
Lịch sử giá vàng SJC ngày 21/04/2016,https://giavang.org/trong-nuoc/sjc/lich-su/2016-04-21.html,2466
Lịch sử giá vàng SJC ngày 22/04/2016,https://giavang.org/trong-nuoc/sjc/lich-su/2016-04-22.html,2467
Lịch sử giá vàng SJC ngày 23/04/2016,https://giavang.org/trong-nuoc/sjc/lich-su/2016-04-23.html,2468
Lịch sử giá vàng SJC ngày 24/04/2016,https://giavang.org/trong-nuoc/sjc/lich-su/2016-04-24.html,2469
Lịch sử giá vàng SJC ngày 25/04/2016,https://giavang.org/trong-nuoc/sjc/lich-su/2016-04-25.html,2470
Lịch sử giá vàng SJC ngày 26/04/2016,https://giavang.org/trong-nuoc/sjc/lich-su/2016-04-26.html,2471
Lịch sử giá vàng SJC ngày 27/04/2016,https://giavang.org/trong-nuoc/sjc/lich-su/2016-04-27.html,2472
Lịch sử giá vàng SJC ngày 28/04/2016,https://giavang.org/trong-nuoc/sjc/lich-su/2016-04-28.html,2473
Lịch sử giá vàng SJC ngày 29/04/2016,https://giavang.org/trong-nuoc/sjc/lich-su/2016-04-29.html,2474
Lịch sử giá vàng SJC ngày 30/04/2016,https://giavang.org/trong-nuoc/sjc/lich-su/2016-04-30.html,2475
Lịch sử giá vàng SJC ngày 01/05/2016,https://giavang.org/trong-nuoc/sjc/lich-su/2016-05-01.html,2476
Lịch sử giá vàng SJC ngày 02/05/2016,https://giavang.org/trong-nuoc/sjc/lich-su/2016-05-02.html,2477
Lịch sử giá vàng SJC ngày 03/05/2016,https://giavang.org/trong-nuoc/sjc/lich-su/2016-05-03.html,2478
Lịch sử giá vàng SJC ngày 04/05/2016,https://giavang.org/trong-nuoc/sjc/lich-su/2016-05-04.html,2479
Lịch sử giá vàng SJC ngày 05/05/2016,https://giavang.org/trong-nuoc/sjc/lich-su/2016-05-05.html,2480
Lịch sử giá vàng SJC ngày 06/05/2016,https://giavang.org/trong-nuoc/sjc/lich-su/2016-05-06.html,2481
Lịch sử giá vàng SJC ngày 07/05/2016,https://giavang.org/trong-nuoc/sjc/lich-su/2016-05-07.html,2482
Lịch sử giá vàng SJC ngày 08/05/2016,https://giavang.org/trong-nuoc/sjc/lich-su/2016-05-08.html,2483
Lịch sử giá vàng SJC ngày 09/05/2016,https://giavang.org/trong-nuoc/sjc/lich-su/2016-05-09.html,2484
Lịch sử giá vàng SJC ngày 10/05/2016,https://giavang.org/trong-nuoc/sjc/lich-su/2016-05-10.html,2485
Lịch sử giá vàng SJC ngày 11/05/2016,https://giavang.org/trong-nuoc/sjc/lich-su/2016-05-11.html,2486
Lịch sử giá vàng SJC ngày 12/05/2016,https://giavang.org/trong-nuoc/sjc/lich-su/2016-05-12.html,2487
Lịch sử giá vàng SJC ngày 13/05/2016,https://giavang.org/trong-nuoc/sjc/lich-su/2016-05-13.html,2488
Lịch sử giá vàng SJC ngày 14/05/2016,https://giavang.org/trong-nuoc/sjc/lich-su/2016-05-14.html,2489
Lịch sử giá vàng SJC ngày 15/05/2016,https://giavang.org/trong-nuoc/sjc/lich-su/2016-05-15.html,2490
Lịch sử giá vàng SJC ngày 16/05/2016,https://giavang.org/trong-nuoc/sjc/lich-su/2016-05-16.html,2491
Lịch sử giá vàng SJC ngày 17/05/2016,https://giavang.org/trong-nuoc/sjc/lich-su/2016-05-17.html,2492
Lịch sử giá vàng SJC ngày 18/05/2016,https://giavang.org/trong-nuoc/sjc/lich-su/2016-05-18.html,2493
Lịch sử giá vàng SJC ngày 19/05/2016,https://giavang.org/trong-nuoc/sjc/lich-su/2016-05-19.html,2494
Lịch sử giá vàng SJC ngày 20/05/2016,https://giavang.org/trong-nuoc/sjc/lich-su/2016-05-20.html,2495
Lịch sử giá vàng SJC ngày 21/05/2016,https://giavang.org/trong-nuoc/sjc/lich-su/2016-05-21.html,2496
Lịch sử giá vàng SJC ngày 22/05/2016,https://giavang.org/trong-nuoc/sjc/lich-su/2016-05-22.html,2497
Lịch sử giá vàng SJC ngày 23/05/2016,https://giavang.org/trong-nuoc/sjc/lich-su/2016-05-23.html,2498
Lịch sử giá vàng SJC ngày 24/05/2016,https://giavang.org/trong-nuoc/sjc/lich-su/2016-05-24.html,2499
Lịch sử giá vàng SJC ngày 25/05/2016,https://giavang.org/trong-nuoc/sjc/lich-su/2016-05-25.html,2500
Lịch sử giá vàng SJC ngày 26/05/2016,https://giavang.org/trong-nuoc/sjc/lich-su/2016-05-26.html,2501
Lịch sử giá vàng SJC ngày 27/05/2016,https://giavang.org/trong-nuoc/sjc/lich-su/2016-05-27.html,2502
Lịch sử giá vàng SJC ngày 28/05/2016,https://giavang.org/trong-nuoc/sjc/lich-su/2016-05-28.html,2503
Lịch sử giá vàng SJC ngày 29/05/2016,https://giavang.org/trong-nuoc/sjc/lich-su/2016-05-29.html,2504
Lịch sử giá vàng SJC ngày 30/05/2016,https://giavang.org/trong-nuoc/sjc/lich-su/2016-05-30.html,2505
Lịch sử giá vàng SJC ngày 31/05/2016,https://giavang.org/trong-nuoc/sjc/lich-su/2016-05-31.html,2506
Lịch sử giá vàng SJC ngày 01/06/2016,https://giavang.org/trong-nuoc/sjc/lich-su/2016-06-01.html,2507
Lịch sử giá vàng SJC ngày 02/06/2016,https://giavang.org/trong-nuoc/sjc/lich-su/2016-06-02.html,2508
Lịch sử giá vàng SJC ngày 03/06/2016,https://giavang.org/trong-nuoc/sjc/lich-su/2016-06-03.html,2509
Lịch sử giá vàng SJC ngày 04/06/2016,https://giavang.org/trong-nuoc/sjc/lich-su/2016-06-04.html,2510
Lịch sử giá vàng SJC ngày 05/06/2016,https://giavang.org/trong-nuoc/sjc/lich-su/2016-06-05.html,2511
Lịch sử giá vàng SJC ngày 06/06/2016,https://giavang.org/trong-nuoc/sjc/lich-su/2016-06-06.html,2512
Lịch sử giá vàng SJC ngày 07/06/2016,https://giavang.org/trong-nuoc/sjc/lich-su/2016-06-07.html,2513
Lịch sử giá vàng SJC ngày 08/06/2016,https://giavang.org/trong-nuoc/sjc/lich-su/2016-06-08.html,2514
Lịch sử giá vàng SJC ngày 09/06/2016,https://giavang.org/trong-nuoc/sjc/lich-su/2016-06-09.html,2515
Lịch sử giá vàng SJC ngày 10/06/2016,https://giavang.org/trong-nuoc/sjc/lich-su/2016-06-10.html,2516
Lịch sử giá vàng SJC ngày 11/06/2016,https://giavang.org/trong-nuoc/sjc/lich-su/2016-06-11.html,2517
Lịch sử giá vàng SJC ngày 12/06/2016,https://giavang.org/trong-nuoc/sjc/lich-su/2016-06-12.html,2518
Lịch sử giá vàng SJC ngày 13/06/2016,https://giavang.org/trong-nuoc/sjc/lich-su/2016-06-13.html,2519
Lịch sử giá vàng SJC ngày 14/06/2016,https://giavang.org/trong-nuoc/sjc/lich-su/2016-06-14.html,2520
Lịch sử giá vàng SJC ngày 15/06/2016,https://giavang.org/trong-nuoc/sjc/lich-su/2016-06-15.html,2521
Lịch sử giá vàng SJC ngày 16/06/2016,https://giavang.org/trong-nuoc/sjc/lich-su/2016-06-16.html,2522
Lịch sử giá vàng SJC ngày 17/06/2016,https://giavang.org/trong-nuoc/sjc/lich-su/2016-06-17.html,2523
Lịch sử giá vàng SJC ngày 18/06/2016,https://giavang.org/trong-nuoc/sjc/lich-su/2016-06-18.html,2524
Lịch sử giá vàng SJC ngày 19/06/2016,https://giavang.org/trong-nuoc/sjc/lich-su/2016-06-19.html,2525
Lịch sử giá vàng SJC ngày 20/06/2016,https://giavang.org/trong-nuoc/sjc/lich-su/2016-06-20.html,2526
Lịch sử giá vàng SJC ngày 21/06/2016,https://giavang.org/trong-nuoc/sjc/lich-su/2016-06-21.html,2527
Lịch sử giá vàng SJC ngày 22/06/2016,https://giavang.org/trong-nuoc/sjc/lich-su/2016-06-22.html,2528
Lịch sử giá vàng SJC ngày 23/06/2016,https://giavang.org/trong-nuoc/sjc/lich-su/2016-06-23.html,2529
Lịch sử giá vàng SJC ngày 24/06/2016,https://giavang.org/trong-nuoc/sjc/lich-su/2016-06-24.html,2530
Lịch sử giá vàng SJC ngày 25/06/2016,https://giavang.org/trong-nuoc/sjc/lich-su/2016-06-25.html,2531
Lịch sử giá vàng SJC ngày 26/06/2016,https://giavang.org/trong-nuoc/sjc/lich-su/2016-06-26.html,2532
Lịch sử giá vàng SJC ngày 27/06/2016,https://giavang.org/trong-nuoc/sjc/lich-su/2016-06-27.html,2533
Lịch sử giá vàng SJC ngày 28/06/2016,https://giavang.org/trong-nuoc/sjc/lich-su/2016-06-28.html,2534
Lịch sử giá vàng SJC ngày 29/06/2016,https://giavang.org/trong-nuoc/sjc/lich-su/2016-06-29.html,2535
Lịch sử giá vàng SJC ngày 30/06/2016,https://giavang.org/trong-nuoc/sjc/lich-su/2016-06-30.html,2536
Lịch sử giá vàng SJC ngày 01/07/2016,https://giavang.org/trong-nuoc/sjc/lich-su/2016-07-01.html,2537
Lịch sử giá vàng SJC ngày 02/07/2016,https://giavang.org/trong-nuoc/sjc/lich-su/2016-07-02.html,2538
Lịch sử giá vàng SJC ngày 03/07/2016,https://giavang.org/trong-nuoc/sjc/lich-su/2016-07-03.html,2539
Lịch sử giá vàng SJC ngày 04/07/2016,https://giavang.org/trong-nuoc/sjc/lich-su/2016-07-04.html,2540
Lịch sử giá vàng SJC ngày 05/07/2016,https://giavang.org/trong-nuoc/sjc/lich-su/2016-07-05.html,2541
Lịch sử giá vàng SJC ngày 06/07/2016,https://giavang.org/trong-nuoc/sjc/lich-su/2016-07-06.html,2542
Lịch sử giá vàng SJC ngày 07/07/2016,https://giavang.org/trong-nuoc/sjc/lich-su/2016-07-07.html,2543
Lịch sử giá vàng SJC ngày 08/07/2016,https://giavang.org/trong-nuoc/sjc/lich-su/2016-07-08.html,2544
Lịch sử giá vàng SJC ngày 09/07/2016,https://giavang.org/trong-nuoc/sjc/lich-su/2016-07-09.html,2545
Lịch sử giá vàng SJC ngày 10/07/2016,https://giavang.org/trong-nuoc/sjc/lich-su/2016-07-10.html,2546
Lịch sử giá vàng SJC ngày 11/07/2016,https://giavang.org/trong-nuoc/sjc/lich-su/2016-07-11.html,2547
Lịch sử giá vàng SJC ngày 12/07/2016,https://giavang.org/trong-nuoc/sjc/lich-su/2016-07-12.html,2548
Lịch sử giá vàng SJC ngày 13/07/2016,https://giavang.org/trong-nuoc/sjc/lich-su/2016-07-13.html,2549
Lịch sử giá vàng SJC ngày 14/07/2016,https://giavang.org/trong-nuoc/sjc/lich-su/2016-07-14.html,2550
Lịch sử giá vàng SJC ngày 15/07/2016,https://giavang.org/trong-nuoc/sjc/lich-su/2016-07-15.html,2551
Lịch sử giá vàng SJC ngày 16/07/2016,https://giavang.org/trong-nuoc/sjc/lich-su/2016-07-16.html,2552
Lịch sử giá vàng SJC ngày 17/07/2016,https://giavang.org/trong-nuoc/sjc/lich-su/2016-07-17.html,2553
Lịch sử giá vàng SJC ngày 18/07/2016,https://giavang.org/trong-nuoc/sjc/lich-su/2016-07-18.html,2554
Lịch sử giá vàng SJC ngày 19/07/2016,https://giavang.org/trong-nuoc/sjc/lich-su/2016-07-19.html,2555
Lịch sử giá vàng SJC ngày 20/07/2016,https://giavang.org/trong-nuoc/sjc/lich-su/2016-07-20.html,2556
Lịch sử giá vàng SJC ngày 21/07/2016,https://giavang.org/trong-nuoc/sjc/lich-su/2016-07-21.html,2557
Lịch sử giá vàng SJC ngày 22/07/2016,https://giavang.org/trong-nuoc/sjc/lich-su/2016-07-22.html,2558
Lịch sử giá vàng SJC ngày 23/07/2016,https://giavang.org/trong-nuoc/sjc/lich-su/2016-07-23.html,2559
Lịch sử giá vàng SJC ngày 24/07/2016,https://giavang.org/trong-nuoc/sjc/lich-su/2016-07-24.html,2560
Lịch sử giá vàng SJC ngày 25/07/2016,https://giavang.org/trong-nuoc/sjc/lich-su/2016-07-25.html,2561
Lịch sử giá vàng SJC ngày 26/07/2016,https://giavang.org/trong-nuoc/sjc/lich-su/2016-07-26.html,2562
Lịch sử giá vàng SJC ngày 27/07/2016,https://giavang.org/trong-nuoc/sjc/lich-su/2016-07-27.html,2563
Lịch sử giá vàng SJC ngày 28/07/2016,https://giavang.org/trong-nuoc/sjc/lich-su/2016-07-28.html,2564
Lịch sử giá vàng SJC ngày 29/07/2016,https://giavang.org/trong-nuoc/sjc/lich-su/2016-07-29.html,2565
Lịch sử giá vàng SJC ngày 30/07/2016,https://giavang.org/trong-nuoc/sjc/lich-su/2016-07-30.html,2566
Lịch sử giá vàng SJC ngày 31/07/2016,https://giavang.org/trong-nuoc/sjc/lich-su/2016-07-31.html,2567
Lịch sử giá vàng SJC ngày 01/08/2016,https://giavang.org/trong-nuoc/sjc/lich-su/2016-08-01.html,2568
Lịch sử giá vàng SJC ngày 02/08/2016,https://giavang.org/trong-nuoc/sjc/lich-su/2016-08-02.html,2569
Lịch sử giá vàng SJC ngày 03/08/2016,https://giavang.org/trong-nuoc/sjc/lich-su/2016-08-03.html,2570
Lịch sử giá vàng SJC ngày 04/08/2016,https://giavang.org/trong-nuoc/sjc/lich-su/2016-08-04.html,2571
Lịch sử giá vàng SJC ngày 05/08/2016,https://giavang.org/trong-nuoc/sjc/lich-su/2016-08-05.html,2572
Lịch sử giá vàng SJC ngày 06/08/2016,https://giavang.org/trong-nuoc/sjc/lich-su/2016-08-06.html,2573
Lịch sử giá vàng SJC ngày 07/08/2016,https://giavang.org/trong-nuoc/sjc/lich-su/2016-08-07.html,2574
Lịch sử giá vàng SJC ngày 08/08/2016,https://giavang.org/trong-nuoc/sjc/lich-su/2016-08-08.html,2575
Lịch sử giá vàng SJC ngày 09/08/2016,https://giavang.org/trong-nuoc/sjc/lich-su/2016-08-09.html,2576
Lịch sử giá vàng SJC ngày 10/08/2016,https://giavang.org/trong-nuoc/sjc/lich-su/2016-08-10.html,2577
Lịch sử giá vàng SJC ngày 11/08/2016,https://giavang.org/trong-nuoc/sjc/lich-su/2016-08-11.html,2578
Lịch sử giá vàng SJC ngày 12/08/2016,https://giavang.org/trong-nuoc/sjc/lich-su/2016-08-12.html,2579
Lịch sử giá vàng SJC ngày 13/08/2016,https://giavang.org/trong-nuoc/sjc/lich-su/2016-08-13.html,2580
Lịch sử giá vàng SJC ngày 14/08/2016,https://giavang.org/trong-nuoc/sjc/lich-su/2016-08-14.html,2581
Lịch sử giá vàng SJC ngày 15/08/2016,https://giavang.org/trong-nuoc/sjc/lich-su/2016-08-15.html,2582
Lịch sử giá vàng SJC ngày 16/08/2016,https://giavang.org/trong-nuoc/sjc/lich-su/2016-08-16.html,2583
Lịch sử giá vàng SJC ngày 17/08/2016,https://giavang.org/trong-nuoc/sjc/lich-su/2016-08-17.html,2584
Lịch sử giá vàng SJC ngày 18/08/2016,https://giavang.org/trong-nuoc/sjc/lich-su/2016-08-18.html,2585
Lịch sử giá vàng SJC ngày 19/08/2016,https://giavang.org/trong-nuoc/sjc/lich-su/2016-08-19.html,2586
Lịch sử giá vàng SJC ngày 20/08/2016,https://giavang.org/trong-nuoc/sjc/lich-su/2016-08-20.html,2587
Lịch sử giá vàng SJC ngày 21/08/2016,https://giavang.org/trong-nuoc/sjc/lich-su/2016-08-21.html,2588
Lịch sử giá vàng SJC ngày 22/08/2016,https://giavang.org/trong-nuoc/sjc/lich-su/2016-08-22.html,2589
Lịch sử giá vàng SJC ngày 23/08/2016,https://giavang.org/trong-nuoc/sjc/lich-su/2016-08-23.html,2590
Lịch sử giá vàng SJC ngày 24/08/2016,https://giavang.org/trong-nuoc/sjc/lich-su/2016-08-24.html,2591
Lịch sử giá vàng SJC ngày 25/08/2016,https://giavang.org/trong-nuoc/sjc/lich-su/2016-08-25.html,2592
Lịch sử giá vàng SJC ngày 26/08/2016,https://giavang.org/trong-nuoc/sjc/lich-su/2016-08-26.html,2593
Lịch sử giá vàng SJC ngày 27/08/2016,https://giavang.org/trong-nuoc/sjc/lich-su/2016-08-27.html,2594
Lịch sử giá vàng SJC ngày 28/08/2016,https://giavang.org/trong-nuoc/sjc/lich-su/2016-08-28.html,2595
Lịch sử giá vàng SJC ngày 29/08/2016,https://giavang.org/trong-nuoc/sjc/lich-su/2016-08-29.html,2596
Lịch sử giá vàng SJC ngày 30/08/2016,https://giavang.org/trong-nuoc/sjc/lich-su/2016-08-30.html,2597
Lịch sử giá vàng SJC ngày 31/08/2016,https://giavang.org/trong-nuoc/sjc/lich-su/2016-08-31.html,2598
Lịch sử giá vàng SJC ngày 01/09/2016,https://giavang.org/trong-nuoc/sjc/lich-su/2016-09-01.html,2599
Lịch sử giá vàng SJC ngày 02/09/2016,https://giavang.org/trong-nuoc/sjc/lich-su/2016-09-02.html,2600
Lịch sử giá vàng SJC ngày 03/09/2016,https://giavang.org/trong-nuoc/sjc/lich-su/2016-09-03.html,2601
Lịch sử giá vàng SJC ngày 04/09/2016,https://giavang.org/trong-nuoc/sjc/lich-su/2016-09-04.html,2602
Lịch sử giá vàng SJC ngày 05/09/2016,https://giavang.org/trong-nuoc/sjc/lich-su/2016-09-05.html,2603
Lịch sử giá vàng SJC ngày 06/09/2016,https://giavang.org/trong-nuoc/sjc/lich-su/2016-09-06.html,2604
Lịch sử giá vàng SJC ngày 07/09/2016,https://giavang.org/trong-nuoc/sjc/lich-su/2016-09-07.html,2605
Lịch sử giá vàng SJC ngày 08/09/2016,https://giavang.org/trong-nuoc/sjc/lich-su/2016-09-08.html,2606
Lịch sử giá vàng SJC ngày 09/09/2016,https://giavang.org/trong-nuoc/sjc/lich-su/2016-09-09.html,2607
Lịch sử giá vàng SJC ngày 10/09/2016,https://giavang.org/trong-nuoc/sjc/lich-su/2016-09-10.html,2608
Lịch sử giá vàng SJC ngày 11/09/2016,https://giavang.org/trong-nuoc/sjc/lich-su/2016-09-11.html,2609
Lịch sử giá vàng SJC ngày 12/09/2016,https://giavang.org/trong-nuoc/sjc/lich-su/2016-09-12.html,2610
Lịch sử giá vàng SJC ngày 13/09/2016,https://giavang.org/trong-nuoc/sjc/lich-su/2016-09-13.html,2611
Lịch sử giá vàng SJC ngày 14/09/2016,https://giavang.org/trong-nuoc/sjc/lich-su/2016-09-14.html,2612
Lịch sử giá vàng SJC ngày 15/09/2016,https://giavang.org/trong-nuoc/sjc/lich-su/2016-09-15.html,2613
Lịch sử giá vàng SJC ngày 16/09/2016,https://giavang.org/trong-nuoc/sjc/lich-su/2016-09-16.html,2614
Lịch sử giá vàng SJC ngày 17/09/2016,https://giavang.org/trong-nuoc/sjc/lich-su/2016-09-17.html,2615
Lịch sử giá vàng SJC ngày 18/09/2016,https://giavang.org/trong-nuoc/sjc/lich-su/2016-09-18.html,2616
Lịch sử giá vàng SJC ngày 19/09/2016,https://giavang.org/trong-nuoc/sjc/lich-su/2016-09-19.html,2617
Lịch sử giá vàng SJC ngày 20/09/2016,https://giavang.org/trong-nuoc/sjc/lich-su/2016-09-20.html,2618
Lịch sử giá vàng SJC ngày 21/09/2016,https://giavang.org/trong-nuoc/sjc/lich-su/2016-09-21.html,2619
Lịch sử giá vàng SJC ngày 22/09/2016,https://giavang.org/trong-nuoc/sjc/lich-su/2016-09-22.html,2620
Lịch sử giá vàng SJC ngày 23/09/2016,https://giavang.org/trong-nuoc/sjc/lich-su/2016-09-23.html,2621
Lịch sử giá vàng SJC ngày 24/09/2016,https://giavang.org/trong-nuoc/sjc/lich-su/2016-09-24.html,2622
Lịch sử giá vàng SJC ngày 25/09/2016,https://giavang.org/trong-nuoc/sjc/lich-su/2016-09-25.html,2623
Lịch sử giá vàng SJC ngày 26/09/2016,https://giavang.org/trong-nuoc/sjc/lich-su/2016-09-26.html,2624
Lịch sử giá vàng SJC ngày 27/09/2016,https://giavang.org/trong-nuoc/sjc/lich-su/2016-09-27.html,2625
Lịch sử giá vàng SJC ngày 28/09/2016,https://giavang.org/trong-nuoc/sjc/lich-su/2016-09-28.html,2626
Lịch sử giá vàng SJC ngày 29/09/2016,https://giavang.org/trong-nuoc/sjc/lich-su/2016-09-29.html,2627
Lịch sử giá vàng SJC ngày 30/09/2016,https://giavang.org/trong-nuoc/sjc/lich-su/2016-09-30.html,2628
Lịch sử giá vàng SJC ngày 01/10/2016,https://giavang.org/trong-nuoc/sjc/lich-su/2016-10-01.html,2629
Lịch sử giá vàng SJC ngày 02/10/2016,https://giavang.org/trong-nuoc/sjc/lich-su/2016-10-02.html,2630
Lịch sử giá vàng SJC ngày 03/10/2016,https://giavang.org/trong-nuoc/sjc/lich-su/2016-10-03.html,2631
Lịch sử giá vàng SJC ngày 04/10/2016,https://giavang.org/trong-nuoc/sjc/lich-su/2016-10-04.html,2632
Lịch sử giá vàng SJC ngày 05/10/2016,https://giavang.org/trong-nuoc/sjc/lich-su/2016-10-05.html,2633
Lịch sử giá vàng SJC ngày 06/10/2016,https://giavang.org/trong-nuoc/sjc/lich-su/2016-10-06.html,2634
Lịch sử giá vàng SJC ngày 07/10/2016,https://giavang.org/trong-nuoc/sjc/lich-su/2016-10-07.html,2635
Lịch sử giá vàng SJC ngày 08/10/2016,https://giavang.org/trong-nuoc/sjc/lich-su/2016-10-08.html,2636
Lịch sử giá vàng SJC ngày 09/10/2016,https://giavang.org/trong-nuoc/sjc/lich-su/2016-10-09.html,2637
Lịch sử giá vàng SJC ngày 10/10/2016,https://giavang.org/trong-nuoc/sjc/lich-su/2016-10-10.html,2638
Lịch sử giá vàng SJC ngày 11/10/2016,https://giavang.org/trong-nuoc/sjc/lich-su/2016-10-11.html,2639
Lịch sử giá vàng SJC ngày 12/10/2016,https://giavang.org/trong-nuoc/sjc/lich-su/2016-10-12.html,2640
Lịch sử giá vàng SJC ngày 13/10/2016,https://giavang.org/trong-nuoc/sjc/lich-su/2016-10-13.html,2641
Lịch sử giá vàng SJC ngày 14/10/2016,https://giavang.org/trong-nuoc/sjc/lich-su/2016-10-14.html,2642
Lịch sử giá vàng SJC ngày 15/10/2016,https://giavang.org/trong-nuoc/sjc/lich-su/2016-10-15.html,2643
Lịch sử giá vàng SJC ngày 16/10/2016,https://giavang.org/trong-nuoc/sjc/lich-su/2016-10-16.html,2644
Lịch sử giá vàng SJC ngày 17/10/2016,https://giavang.org/trong-nuoc/sjc/lich-su/2016-10-17.html,2645
Lịch sử giá vàng SJC ngày 18/10/2016,https://giavang.org/trong-nuoc/sjc/lich-su/2016-10-18.html,2646
Lịch sử giá vàng SJC ngày 19/10/2016,https://giavang.org/trong-nuoc/sjc/lich-su/2016-10-19.html,2647
Lịch sử giá vàng SJC ngày 20/10/2016,https://giavang.org/trong-nuoc/sjc/lich-su/2016-10-20.html,2648
Lịch sử giá vàng SJC ngày 21/10/2016,https://giavang.org/trong-nuoc/sjc/lich-su/2016-10-21.html,2649
Lịch sử giá vàng SJC ngày 22/10/2016,https://giavang.org/trong-nuoc/sjc/lich-su/2016-10-22.html,2650
Lịch sử giá vàng SJC ngày 23/10/2016,https://giavang.org/trong-nuoc/sjc/lich-su/2016-10-23.html,2651
Lịch sử giá vàng SJC ngày 24/10/2016,https://giavang.org/trong-nuoc/sjc/lich-su/2016-10-24.html,2652
Lịch sử giá vàng SJC ngày 25/10/2016,https://giavang.org/trong-nuoc/sjc/lich-su/2016-10-25.html,2653
Lịch sử giá vàng SJC ngày 26/10/2016,https://giavang.org/trong-nuoc/sjc/lich-su/2016-10-26.html,2654
Lịch sử giá vàng SJC ngày 27/10/2016,https://giavang.org/trong-nuoc/sjc/lich-su/2016-10-27.html,2655
Lịch sử giá vàng SJC ngày 28/10/2016,https://giavang.org/trong-nuoc/sjc/lich-su/2016-10-28.html,2656
Lịch sử giá vàng SJC ngày 29/10/2016,https://giavang.org/trong-nuoc/sjc/lich-su/2016-10-29.html,2657
Lịch sử giá vàng SJC ngày 30/10/2016,https://giavang.org/trong-nuoc/sjc/lich-su/2016-10-30.html,2658
Lịch sử giá vàng SJC ngày 31/10/2016,https://giavang.org/trong-nuoc/sjc/lich-su/2016-10-31.html,2659
Lịch sử giá vàng SJC ngày 01/11/2016,https://giavang.org/trong-nuoc/sjc/lich-su/2016-11-01.html,2660
Lịch sử giá vàng SJC ngày 02/11/2016,https://giavang.org/trong-nuoc/sjc/lich-su/2016-11-02.html,2661
Lịch sử giá vàng SJC ngày 03/11/2016,https://giavang.org/trong-nuoc/sjc/lich-su/2016-11-03.html,2662
Lịch sử giá vàng SJC ngày 04/11/2016,https://giavang.org/trong-nuoc/sjc/lich-su/2016-11-04.html,2663
Lịch sử giá vàng SJC ngày 05/11/2016,https://giavang.org/trong-nuoc/sjc/lich-su/2016-11-05.html,2664
Lịch sử giá vàng SJC ngày 06/11/2016,https://giavang.org/trong-nuoc/sjc/lich-su/2016-11-06.html,2665
Lịch sử giá vàng SJC ngày 07/11/2016,https://giavang.org/trong-nuoc/sjc/lich-su/2016-11-07.html,2666
Lịch sử giá vàng SJC ngày 08/11/2016,https://giavang.org/trong-nuoc/sjc/lich-su/2016-11-08.html,2667
Lịch sử giá vàng SJC ngày 09/11/2016,https://giavang.org/trong-nuoc/sjc/lich-su/2016-11-09.html,2668
Lịch sử giá vàng SJC ngày 10/11/2016,https://giavang.org/trong-nuoc/sjc/lich-su/2016-11-10.html,2669
Lịch sử giá vàng SJC ngày 11/11/2016,https://giavang.org/trong-nuoc/sjc/lich-su/2016-11-11.html,2670
Lịch sử giá vàng SJC ngày 12/11/2016,https://giavang.org/trong-nuoc/sjc/lich-su/2016-11-12.html,2671
Lịch sử giá vàng SJC ngày 13/11/2016,https://giavang.org/trong-nuoc/sjc/lich-su/2016-11-13.html,2672
Lịch sử giá vàng SJC ngày 14/11/2016,https://giavang.org/trong-nuoc/sjc/lich-su/2016-11-14.html,2673
Lịch sử giá vàng SJC ngày 15/11/2016,https://giavang.org/trong-nuoc/sjc/lich-su/2016-11-15.html,2674
Lịch sử giá vàng SJC ngày 16/11/2016,https://giavang.org/trong-nuoc/sjc/lich-su/2016-11-16.html,2675
Lịch sử giá vàng SJC ngày 17/11/2016,https://giavang.org/trong-nuoc/sjc/lich-su/2016-11-17.html,2676
Lịch sử giá vàng SJC ngày 18/11/2016,https://giavang.org/trong-nuoc/sjc/lich-su/2016-11-18.html,2677
Lịch sử giá vàng SJC ngày 19/11/2016,https://giavang.org/trong-nuoc/sjc/lich-su/2016-11-19.html,2678
Lịch sử giá vàng SJC ngày 20/11/2016,https://giavang.org/trong-nuoc/sjc/lich-su/2016-11-20.html,2679
Lịch sử giá vàng SJC ngày 21/11/2016,https://giavang.org/trong-nuoc/sjc/lich-su/2016-11-21.html,2680
Lịch sử giá vàng SJC ngày 22/11/2016,https://giavang.org/trong-nuoc/sjc/lich-su/2016-11-22.html,2681
Lịch sử giá vàng SJC ngày 23/11/2016,https://giavang.org/trong-nuoc/sjc/lich-su/2016-11-23.html,2682
Lịch sử giá vàng SJC ngày 24/11/2016,https://giavang.org/trong-nuoc/sjc/lich-su/2016-11-24.html,2683
Lịch sử giá vàng SJC ngày 25/11/2016,https://giavang.org/trong-nuoc/sjc/lich-su/2016-11-25.html,2684
Lịch sử giá vàng SJC ngày 26/11/2016,https://giavang.org/trong-nuoc/sjc/lich-su/2016-11-26.html,2685
Lịch sử giá vàng SJC ngày 27/11/2016,https://giavang.org/trong-nuoc/sjc/lich-su/2016-11-27.html,2686
Lịch sử giá vàng SJC ngày 28/11/2016,https://giavang.org/trong-nuoc/sjc/lich-su/2016-11-28.html,2687
Lịch sử giá vàng SJC ngày 29/11/2016,https://giavang.org/trong-nuoc/sjc/lich-su/2016-11-29.html,2688
Lịch sử giá vàng SJC ngày 30/11/2016,https://giavang.org/trong-nuoc/sjc/lich-su/2016-11-30.html,2689
Lịch sử giá vàng SJC ngày 01/12/2016,https://giavang.org/trong-nuoc/sjc/lich-su/2016-12-01.html,2690
Lịch sử giá vàng SJC ngày 02/12/2016,https://giavang.org/trong-nuoc/sjc/lich-su/2016-12-02.html,2691
Lịch sử giá vàng SJC ngày 03/12/2016,https://giavang.org/trong-nuoc/sjc/lich-su/2016-12-03.html,2692
Lịch sử giá vàng SJC ngày 04/12/2016,https://giavang.org/trong-nuoc/sjc/lich-su/2016-12-04.html,2693
Lịch sử giá vàng SJC ngày 05/12/2016,https://giavang.org/trong-nuoc/sjc/lich-su/2016-12-05.html,2694
Lịch sử giá vàng SJC ngày 06/12/2016,https://giavang.org/trong-nuoc/sjc/lich-su/2016-12-06.html,2695
Lịch sử giá vàng SJC ngày 07/12/2016,https://giavang.org/trong-nuoc/sjc/lich-su/2016-12-07.html,2696
Lịch sử giá vàng SJC ngày 08/12/2016,https://giavang.org/trong-nuoc/sjc/lich-su/2016-12-08.html,2697
Lịch sử giá vàng SJC ngày 09/12/2016,https://giavang.org/trong-nuoc/sjc/lich-su/2016-12-09.html,2698
Lịch sử giá vàng SJC ngày 10/12/2016,https://giavang.org/trong-nuoc/sjc/lich-su/2016-12-10.html,2699
Lịch sử giá vàng SJC ngày 11/12/2016,https://giavang.org/trong-nuoc/sjc/lich-su/2016-12-11.html,2700
Lịch sử giá vàng SJC ngày 12/12/2016,https://giavang.org/trong-nuoc/sjc/lich-su/2016-12-12.html,2701
Lịch sử giá vàng SJC ngày 13/12/2016,https://giavang.org/trong-nuoc/sjc/lich-su/2016-12-13.html,2702
Lịch sử giá vàng SJC ngày 14/12/2016,https://giavang.org/trong-nuoc/sjc/lich-su/2016-12-14.html,2703
Lịch sử giá vàng SJC ngày 15/12/2016,https://giavang.org/trong-nuoc/sjc/lich-su/2016-12-15.html,2704
Lịch sử giá vàng SJC ngày 16/12/2016,https://giavang.org/trong-nuoc/sjc/lich-su/2016-12-16.html,2705
Lịch sử giá vàng SJC ngày 17/12/2016,https://giavang.org/trong-nuoc/sjc/lich-su/2016-12-17.html,2706
Lịch sử giá vàng SJC ngày 18/12/2016,https://giavang.org/trong-nuoc/sjc/lich-su/2016-12-18.html,2707
Lịch sử giá vàng SJC ngày 19/12/2016,https://giavang.org/trong-nuoc/sjc/lich-su/2016-12-19.html,2708
Lịch sử giá vàng SJC ngày 20/12/2016,https://giavang.org/trong-nuoc/sjc/lich-su/2016-12-20.html,2709
Lịch sử giá vàng SJC ngày 21/12/2016,https://giavang.org/trong-nuoc/sjc/lich-su/2016-12-21.html,2710
Lịch sử giá vàng SJC ngày 22/12/2016,https://giavang.org/trong-nuoc/sjc/lich-su/2016-12-22.html,2711
Lịch sử giá vàng SJC ngày 23/12/2016,https://giavang.org/trong-nuoc/sjc/lich-su/2016-12-23.html,2712
Lịch sử giá vàng SJC ngày 24/12/2016,https://giavang.org/trong-nuoc/sjc/lich-su/2016-12-24.html,2713
Lịch sử giá vàng SJC ngày 25/12/2016,https://giavang.org/trong-nuoc/sjc/lich-su/2016-12-25.html,2714
Lịch sử giá vàng SJC ngày 26/12/2016,https://giavang.org/trong-nuoc/sjc/lich-su/2016-12-26.html,2715
Lịch sử giá vàng SJC ngày 27/12/2016,https://giavang.org/trong-nuoc/sjc/lich-su/2016-12-27.html,2716
Lịch sử giá vàng SJC ngày 28/12/2016,https://giavang.org/trong-nuoc/sjc/lich-su/2016-12-28.html,2717
Lịch sử giá vàng SJC ngày 29/12/2016,https://giavang.org/trong-nuoc/sjc/lich-su/2016-12-29.html,2718
Lịch sử giá vàng SJC ngày 30/12/2016,https://giavang.org/trong-nuoc/sjc/lich-su/2016-12-30.html,2719
Lịch sử giá vàng SJC ngày 31/12/2016,https://giavang.org/trong-nuoc/sjc/lich-su/2016-12-31.html,2720
Lịch sử giá vàng SJC ngày 01/01/2017,https://giavang.org/trong-nuoc/sjc/lich-su/2017-01-01.html,2721
Lịch sử giá vàng SJC ngày 02/01/2017,https://giavang.org/trong-nuoc/sjc/lich-su/2017-01-02.html,2722
Lịch sử giá vàng SJC ngày 03/01/2017,https://giavang.org/trong-nuoc/sjc/lich-su/2017-01-03.html,2723
Lịch sử giá vàng SJC ngày 04/01/2017,https://giavang.org/trong-nuoc/sjc/lich-su/2017-01-04.html,2724
Lịch sử giá vàng SJC ngày 05/01/2017,https://giavang.org/trong-nuoc/sjc/lich-su/2017-01-05.html,2725
Lịch sử giá vàng SJC ngày 06/01/2017,https://giavang.org/trong-nuoc/sjc/lich-su/2017-01-06.html,2726
Lịch sử giá vàng SJC ngày 07/01/2017,https://giavang.org/trong-nuoc/sjc/lich-su/2017-01-07.html,2727
Lịch sử giá vàng SJC ngày 08/01/2017,https://giavang.org/trong-nuoc/sjc/lich-su/2017-01-08.html,2728
Lịch sử giá vàng SJC ngày 09/01/2017,https://giavang.org/trong-nuoc/sjc/lich-su/2017-01-09.html,2729
Lịch sử giá vàng SJC ngày 10/01/2017,https://giavang.org/trong-nuoc/sjc/lich-su/2017-01-10.html,2730
Lịch sử giá vàng SJC ngày 11/01/2017,https://giavang.org/trong-nuoc/sjc/lich-su/2017-01-11.html,2731
Lịch sử giá vàng SJC ngày 12/01/2017,https://giavang.org/trong-nuoc/sjc/lich-su/2017-01-12.html,2732
Lịch sử giá vàng SJC ngày 13/01/2017,https://giavang.org/trong-nuoc/sjc/lich-su/2017-01-13.html,2733
Lịch sử giá vàng SJC ngày 14/01/2017,https://giavang.org/trong-nuoc/sjc/lich-su/2017-01-14.html,2734
Lịch sử giá vàng SJC ngày 15/01/2017,https://giavang.org/trong-nuoc/sjc/lich-su/2017-01-15.html,2735
Lịch sử giá vàng SJC ngày 16/01/2017,https://giavang.org/trong-nuoc/sjc/lich-su/2017-01-16.html,2736
Lịch sử giá vàng SJC ngày 17/01/2017,https://giavang.org/trong-nuoc/sjc/lich-su/2017-01-17.html,2737
Lịch sử giá vàng SJC ngày 18/01/2017,https://giavang.org/trong-nuoc/sjc/lich-su/2017-01-18.html,2738
Lịch sử giá vàng SJC ngày 19/01/2017,https://giavang.org/trong-nuoc/sjc/lich-su/2017-01-19.html,2739
Lịch sử giá vàng SJC ngày 20/01/2017,https://giavang.org/trong-nuoc/sjc/lich-su/2017-01-20.html,2740
Lịch sử giá vàng SJC ngày 21/01/2017,https://giavang.org/trong-nuoc/sjc/lich-su/2017-01-21.html,2741
Lịch sử giá vàng SJC ngày 22/01/2017,https://giavang.org/trong-nuoc/sjc/lich-su/2017-01-22.html,2742
Lịch sử giá vàng SJC ngày 23/01/2017,https://giavang.org/trong-nuoc/sjc/lich-su/2017-01-23.html,2743
Lịch sử giá vàng SJC ngày 24/01/2017,https://giavang.org/trong-nuoc/sjc/lich-su/2017-01-24.html,2744
Lịch sử giá vàng SJC ngày 25/01/2017,https://giavang.org/trong-nuoc/sjc/lich-su/2017-01-25.html,2745
Lịch sử giá vàng SJC ngày 26/01/2017,https://giavang.org/trong-nuoc/sjc/lich-su/2017-01-26.html,2746
Lịch sử giá vàng SJC ngày 27/01/2017,https://giavang.org/trong-nuoc/sjc/lich-su/2017-01-27.html,2747
Lịch sử giá vàng SJC ngày 28/01/2017,https://giavang.org/trong-nuoc/sjc/lich-su/2017-01-28.html,2748
Lịch sử giá vàng SJC ngày 29/01/2017,https://giavang.org/trong-nuoc/sjc/lich-su/2017-01-29.html,2749
Lịch sử giá vàng SJC ngày 30/01/2017,https://giavang.org/trong-nuoc/sjc/lich-su/2017-01-30.html,2750
Lịch sử giá vàng SJC ngày 31/01/2017,https://giavang.org/trong-nuoc/sjc/lich-su/2017-01-31.html,2751
Lịch sử giá vàng SJC ngày 01/02/2017,https://giavang.org/trong-nuoc/sjc/lich-su/2017-02-01.html,2752
Lịch sử giá vàng SJC ngày 02/02/2017,https://giavang.org/trong-nuoc/sjc/lich-su/2017-02-02.html,2753
Lịch sử giá vàng SJC ngày 03/02/2017,https://giavang.org/trong-nuoc/sjc/lich-su/2017-02-03.html,2754
Lịch sử giá vàng SJC ngày 04/02/2017,https://giavang.org/trong-nuoc/sjc/lich-su/2017-02-04.html,2755
Lịch sử giá vàng SJC ngày 05/02/2017,https://giavang.org/trong-nuoc/sjc/lich-su/2017-02-05.html,2756
Lịch sử giá vàng SJC ngày 06/02/2017,https://giavang.org/trong-nuoc/sjc/lich-su/2017-02-06.html,2757
Lịch sử giá vàng SJC ngày 07/02/2017,https://giavang.org/trong-nuoc/sjc/lich-su/2017-02-07.html,2758
Lịch sử giá vàng SJC ngày 08/02/2017,https://giavang.org/trong-nuoc/sjc/lich-su/2017-02-08.html,2759
Lịch sử giá vàng SJC ngày 09/02/2017,https://giavang.org/trong-nuoc/sjc/lich-su/2017-02-09.html,2760
Lịch sử giá vàng SJC ngày 10/02/2017,https://giavang.org/trong-nuoc/sjc/lich-su/2017-02-10.html,2761
Lịch sử giá vàng SJC ngày 11/02/2017,https://giavang.org/trong-nuoc/sjc/lich-su/2017-02-11.html,2762
Lịch sử giá vàng SJC ngày 12/02/2017,https://giavang.org/trong-nuoc/sjc/lich-su/2017-02-12.html,2763
Lịch sử giá vàng SJC ngày 13/02/2017,https://giavang.org/trong-nuoc/sjc/lich-su/2017-02-13.html,2764
Lịch sử giá vàng SJC ngày 14/02/2017,https://giavang.org/trong-nuoc/sjc/lich-su/2017-02-14.html,2765
Lịch sử giá vàng SJC ngày 15/02/2017,https://giavang.org/trong-nuoc/sjc/lich-su/2017-02-15.html,2766
Lịch sử giá vàng SJC ngày 16/02/2017,https://giavang.org/trong-nuoc/sjc/lich-su/2017-02-16.html,2767
Lịch sử giá vàng SJC ngày 17/02/2017,https://giavang.org/trong-nuoc/sjc/lich-su/2017-02-17.html,2768
Lịch sử giá vàng SJC ngày 18/02/2017,https://giavang.org/trong-nuoc/sjc/lich-su/2017-02-18.html,2769
Lịch sử giá vàng SJC ngày 19/02/2017,https://giavang.org/trong-nuoc/sjc/lich-su/2017-02-19.html,2770
Lịch sử giá vàng SJC ngày 20/02/2017,https://giavang.org/trong-nuoc/sjc/lich-su/2017-02-20.html,2771
Lịch sử giá vàng SJC ngày 21/02/2017,https://giavang.org/trong-nuoc/sjc/lich-su/2017-02-21.html,2772
Lịch sử giá vàng SJC ngày 22/02/2017,https://giavang.org/trong-nuoc/sjc/lich-su/2017-02-22.html,2773
Lịch sử giá vàng SJC ngày 23/02/2017,https://giavang.org/trong-nuoc/sjc/lich-su/2017-02-23.html,2774
Lịch sử giá vàng SJC ngày 24/02/2017,https://giavang.org/trong-nuoc/sjc/lich-su/2017-02-24.html,2775
Lịch sử giá vàng SJC ngày 25/02/2017,https://giavang.org/trong-nuoc/sjc/lich-su/2017-02-25.html,2776
Lịch sử giá vàng SJC ngày 26/02/2017,https://giavang.org/trong-nuoc/sjc/lich-su/2017-02-26.html,2777
Lịch sử giá vàng SJC ngày 27/02/2017,https://giavang.org/trong-nuoc/sjc/lich-su/2017-02-27.html,2778
Lịch sử giá vàng SJC ngày 28/02/2017,https://giavang.org/trong-nuoc/sjc/lich-su/2017-02-28.html,2779
Lịch sử giá vàng SJC ngày 01/03/2017,https://giavang.org/trong-nuoc/sjc/lich-su/2017-03-01.html,2780
Lịch sử giá vàng SJC ngày 02/03/2017,https://giavang.org/trong-nuoc/sjc/lich-su/2017-03-02.html,2781
Lịch sử giá vàng SJC ngày 03/03/2017,https://giavang.org/trong-nuoc/sjc/lich-su/2017-03-03.html,2782
Lịch sử giá vàng SJC ngày 04/03/2017,https://giavang.org/trong-nuoc/sjc/lich-su/2017-03-04.html,2783
Lịch sử giá vàng SJC ngày 05/03/2017,https://giavang.org/trong-nuoc/sjc/lich-su/2017-03-05.html,2784
Lịch sử giá vàng SJC ngày 06/03/2017,https://giavang.org/trong-nuoc/sjc/lich-su/2017-03-06.html,2785
Lịch sử giá vàng SJC ngày 07/03/2017,https://giavang.org/trong-nuoc/sjc/lich-su/2017-03-07.html,2786
Lịch sử giá vàng SJC ngày 08/03/2017,https://giavang.org/trong-nuoc/sjc/lich-su/2017-03-08.html,2787
Lịch sử giá vàng SJC ngày 09/03/2017,https://giavang.org/trong-nuoc/sjc/lich-su/2017-03-09.html,2788
Lịch sử giá vàng SJC ngày 10/03/2017,https://giavang.org/trong-nuoc/sjc/lich-su/2017-03-10.html,2789
Lịch sử giá vàng SJC ngày 11/03/2017,https://giavang.org/trong-nuoc/sjc/lich-su/2017-03-11.html,2790
Lịch sử giá vàng SJC ngày 12/03/2017,https://giavang.org/trong-nuoc/sjc/lich-su/2017-03-12.html,2791
Lịch sử giá vàng SJC ngày 13/03/2017,https://giavang.org/trong-nuoc/sjc/lich-su/2017-03-13.html,2792
Lịch sử giá vàng SJC ngày 14/03/2017,https://giavang.org/trong-nuoc/sjc/lich-su/2017-03-14.html,2793
Lịch sử giá vàng SJC ngày 15/03/2017,https://giavang.org/trong-nuoc/sjc/lich-su/2017-03-15.html,2794
Lịch sử giá vàng SJC ngày 16/03/2017,https://giavang.org/trong-nuoc/sjc/lich-su/2017-03-16.html,2795
Lịch sử giá vàng SJC ngày 17/03/2017,https://giavang.org/trong-nuoc/sjc/lich-su/2017-03-17.html,2796
Lịch sử giá vàng SJC ngày 18/03/2017,https://giavang.org/trong-nuoc/sjc/lich-su/2017-03-18.html,2797
Lịch sử giá vàng SJC ngày 19/03/2017,https://giavang.org/trong-nuoc/sjc/lich-su/2017-03-19.html,2798
Lịch sử giá vàng SJC ngày 20/03/2017,https://giavang.org/trong-nuoc/sjc/lich-su/2017-03-20.html,2799
Lịch sử giá vàng SJC ngày 21/03/2017,https://giavang.org/trong-nuoc/sjc/lich-su/2017-03-21.html,2800
Lịch sử giá vàng SJC ngày 22/03/2017,https://giavang.org/trong-nuoc/sjc/lich-su/2017-03-22.html,2801
Lịch sử giá vàng SJC ngày 23/03/2017,https://giavang.org/trong-nuoc/sjc/lich-su/2017-03-23.html,2802
Lịch sử giá vàng SJC ngày 24/03/2017,https://giavang.org/trong-nuoc/sjc/lich-su/2017-03-24.html,2803
Lịch sử giá vàng SJC ngày 25/03/2017,https://giavang.org/trong-nuoc/sjc/lich-su/2017-03-25.html,2804
Lịch sử giá vàng SJC ngày 26/03/2017,https://giavang.org/trong-nuoc/sjc/lich-su/2017-03-26.html,2805
Lịch sử giá vàng SJC ngày 27/03/2017,https://giavang.org/trong-nuoc/sjc/lich-su/2017-03-27.html,2806
Lịch sử giá vàng SJC ngày 28/03/2017,https://giavang.org/trong-nuoc/sjc/lich-su/2017-03-28.html,2807
Lịch sử giá vàng SJC ngày 29/03/2017,https://giavang.org/trong-nuoc/sjc/lich-su/2017-03-29.html,2808
Lịch sử giá vàng SJC ngày 30/03/2017,https://giavang.org/trong-nuoc/sjc/lich-su/2017-03-30.html,2809
Lịch sử giá vàng SJC ngày 31/03/2017,https://giavang.org/trong-nuoc/sjc/lich-su/2017-03-31.html,2810
Lịch sử giá vàng SJC ngày 01/04/2017,https://giavang.org/trong-nuoc/sjc/lich-su/2017-04-01.html,2811
Lịch sử giá vàng SJC ngày 02/04/2017,https://giavang.org/trong-nuoc/sjc/lich-su/2017-04-02.html,2812
Lịch sử giá vàng SJC ngày 03/04/2017,https://giavang.org/trong-nuoc/sjc/lich-su/2017-04-03.html,2813
Lịch sử giá vàng SJC ngày 04/04/2017,https://giavang.org/trong-nuoc/sjc/lich-su/2017-04-04.html,2814
Lịch sử giá vàng SJC ngày 05/04/2017,https://giavang.org/trong-nuoc/sjc/lich-su/2017-04-05.html,2815
Lịch sử giá vàng SJC ngày 06/04/2017,https://giavang.org/trong-nuoc/sjc/lich-su/2017-04-06.html,2816
Lịch sử giá vàng SJC ngày 07/04/2017,https://giavang.org/trong-nuoc/sjc/lich-su/2017-04-07.html,2817
Lịch sử giá vàng SJC ngày 08/04/2017,https://giavang.org/trong-nuoc/sjc/lich-su/2017-04-08.html,2818
Lịch sử giá vàng SJC ngày 09/04/2017,https://giavang.org/trong-nuoc/sjc/lich-su/2017-04-09.html,2819
Lịch sử giá vàng SJC ngày 10/04/2017,https://giavang.org/trong-nuoc/sjc/lich-su/2017-04-10.html,2820
Lịch sử giá vàng SJC ngày 11/04/2017,https://giavang.org/trong-nuoc/sjc/lich-su/2017-04-11.html,2821
Lịch sử giá vàng SJC ngày 12/04/2017,https://giavang.org/trong-nuoc/sjc/lich-su/2017-04-12.html,2822
Lịch sử giá vàng SJC ngày 13/04/2017,https://giavang.org/trong-nuoc/sjc/lich-su/2017-04-13.html,2823
Lịch sử giá vàng SJC ngày 14/04/2017,https://giavang.org/trong-nuoc/sjc/lich-su/2017-04-14.html,2824
Lịch sử giá vàng SJC ngày 15/04/2017,https://giavang.org/trong-nuoc/sjc/lich-su/2017-04-15.html,2825
Lịch sử giá vàng SJC ngày 16/04/2017,https://giavang.org/trong-nuoc/sjc/lich-su/2017-04-16.html,2826
Lịch sử giá vàng SJC ngày 17/04/2017,https://giavang.org/trong-nuoc/sjc/lich-su/2017-04-17.html,2827
Lịch sử giá vàng SJC ngày 18/04/2017,https://giavang.org/trong-nuoc/sjc/lich-su/2017-04-18.html,2828
Lịch sử giá vàng SJC ngày 19/04/2017,https://giavang.org/trong-nuoc/sjc/lich-su/2017-04-19.html,2829
Lịch sử giá vàng SJC ngày 20/04/2017,https://giavang.org/trong-nuoc/sjc/lich-su/2017-04-20.html,2830
Lịch sử giá vàng SJC ngày 21/04/2017,https://giavang.org/trong-nuoc/sjc/lich-su/2017-04-21.html,2831
Lịch sử giá vàng SJC ngày 22/04/2017,https://giavang.org/trong-nuoc/sjc/lich-su/2017-04-22.html,2832
Lịch sử giá vàng SJC ngày 23/04/2017,https://giavang.org/trong-nuoc/sjc/lich-su/2017-04-23.html,2833
Lịch sử giá vàng SJC ngày 24/04/2017,https://giavang.org/trong-nuoc/sjc/lich-su/2017-04-24.html,2834
Lịch sử giá vàng SJC ngày 25/04/2017,https://giavang.org/trong-nuoc/sjc/lich-su/2017-04-25.html,2835
Lịch sử giá vàng SJC ngày 26/04/2017,https://giavang.org/trong-nuoc/sjc/lich-su/2017-04-26.html,2836
Lịch sử giá vàng SJC ngày 27/04/2017,https://giavang.org/trong-nuoc/sjc/lich-su/2017-04-27.html,2837
Lịch sử giá vàng SJC ngày 28/04/2017,https://giavang.org/trong-nuoc/sjc/lich-su/2017-04-28.html,2838
Lịch sử giá vàng SJC ngày 29/04/2017,https://giavang.org/trong-nuoc/sjc/lich-su/2017-04-29.html,2839
Lịch sử giá vàng SJC ngày 30/04/2017,https://giavang.org/trong-nuoc/sjc/lich-su/2017-04-30.html,2840
Lịch sử giá vàng SJC ngày 01/05/2017,https://giavang.org/trong-nuoc/sjc/lich-su/2017-05-01.html,2841
Lịch sử giá vàng SJC ngày 02/05/2017,https://giavang.org/trong-nuoc/sjc/lich-su/2017-05-02.html,2842
Lịch sử giá vàng SJC ngày 03/05/2017,https://giavang.org/trong-nuoc/sjc/lich-su/2017-05-03.html,2843
Lịch sử giá vàng SJC ngày 04/05/2017,https://giavang.org/trong-nuoc/sjc/lich-su/2017-05-04.html,2844
Lịch sử giá vàng SJC ngày 05/05/2017,https://giavang.org/trong-nuoc/sjc/lich-su/2017-05-05.html,2845
Lịch sử giá vàng SJC ngày 06/05/2017,https://giavang.org/trong-nuoc/sjc/lich-su/2017-05-06.html,2846
Lịch sử giá vàng SJC ngày 07/05/2017,https://giavang.org/trong-nuoc/sjc/lich-su/2017-05-07.html,2847
Lịch sử giá vàng SJC ngày 08/05/2017,https://giavang.org/trong-nuoc/sjc/lich-su/2017-05-08.html,2848
Lịch sử giá vàng SJC ngày 09/05/2017,https://giavang.org/trong-nuoc/sjc/lich-su/2017-05-09.html,2849
Lịch sử giá vàng SJC ngày 10/05/2017,https://giavang.org/trong-nuoc/sjc/lich-su/2017-05-10.html,2850
Lịch sử giá vàng SJC ngày 11/05/2017,https://giavang.org/trong-nuoc/sjc/lich-su/2017-05-11.html,2851
Lịch sử giá vàng SJC ngày 12/05/2017,https://giavang.org/trong-nuoc/sjc/lich-su/2017-05-12.html,2852
Lịch sử giá vàng SJC ngày 13/05/2017,https://giavang.org/trong-nuoc/sjc/lich-su/2017-05-13.html,2853
Lịch sử giá vàng SJC ngày 14/05/2017,https://giavang.org/trong-nuoc/sjc/lich-su/2017-05-14.html,2854
Lịch sử giá vàng SJC ngày 15/05/2017,https://giavang.org/trong-nuoc/sjc/lich-su/2017-05-15.html,2855
Lịch sử giá vàng SJC ngày 16/05/2017,https://giavang.org/trong-nuoc/sjc/lich-su/2017-05-16.html,2856
Lịch sử giá vàng SJC ngày 17/05/2017,https://giavang.org/trong-nuoc/sjc/lich-su/2017-05-17.html,2857
Lịch sử giá vàng SJC ngày 18/05/2017,https://giavang.org/trong-nuoc/sjc/lich-su/2017-05-18.html,2858
Lịch sử giá vàng SJC ngày 19/05/2017,https://giavang.org/trong-nuoc/sjc/lich-su/2017-05-19.html,2859
Lịch sử giá vàng SJC ngày 20/05/2017,https://giavang.org/trong-nuoc/sjc/lich-su/2017-05-20.html,2860
Lịch sử giá vàng SJC ngày 21/05/2017,https://giavang.org/trong-nuoc/sjc/lich-su/2017-05-21.html,2861
Lịch sử giá vàng SJC ngày 22/05/2017,https://giavang.org/trong-nuoc/sjc/lich-su/2017-05-22.html,2862
Lịch sử giá vàng SJC ngày 23/05/2017,https://giavang.org/trong-nuoc/sjc/lich-su/2017-05-23.html,2863
Lịch sử giá vàng SJC ngày 24/05/2017,https://giavang.org/trong-nuoc/sjc/lich-su/2017-05-24.html,2864
Lịch sử giá vàng SJC ngày 25/05/2017,https://giavang.org/trong-nuoc/sjc/lich-su/2017-05-25.html,2865
Lịch sử giá vàng SJC ngày 26/05/2017,https://giavang.org/trong-nuoc/sjc/lich-su/2017-05-26.html,2866
Lịch sử giá vàng SJC ngày 27/05/2017,https://giavang.org/trong-nuoc/sjc/lich-su/2017-05-27.html,2867
Lịch sử giá vàng SJC ngày 28/05/2017,https://giavang.org/trong-nuoc/sjc/lich-su/2017-05-28.html,2868
Lịch sử giá vàng SJC ngày 29/05/2017,https://giavang.org/trong-nuoc/sjc/lich-su/2017-05-29.html,2869
Lịch sử giá vàng SJC ngày 30/05/2017,https://giavang.org/trong-nuoc/sjc/lich-su/2017-05-30.html,2870
Lịch sử giá vàng SJC ngày 31/05/2017,https://giavang.org/trong-nuoc/sjc/lich-su/2017-05-31.html,2871
Lịch sử giá vàng SJC ngày 01/06/2017,https://giavang.org/trong-nuoc/sjc/lich-su/2017-06-01.html,2872
Lịch sử giá vàng SJC ngày 02/06/2017,https://giavang.org/trong-nuoc/sjc/lich-su/2017-06-02.html,2873
Lịch sử giá vàng SJC ngày 03/06/2017,https://giavang.org/trong-nuoc/sjc/lich-su/2017-06-03.html,2874
Lịch sử giá vàng SJC ngày 04/06/2017,https://giavang.org/trong-nuoc/sjc/lich-su/2017-06-04.html,2875
Lịch sử giá vàng SJC ngày 05/06/2017,https://giavang.org/trong-nuoc/sjc/lich-su/2017-06-05.html,2876
Lịch sử giá vàng SJC ngày 06/06/2017,https://giavang.org/trong-nuoc/sjc/lich-su/2017-06-06.html,2877
Lịch sử giá vàng SJC ngày 07/06/2017,https://giavang.org/trong-nuoc/sjc/lich-su/2017-06-07.html,2878
Lịch sử giá vàng SJC ngày 08/06/2017,https://giavang.org/trong-nuoc/sjc/lich-su/2017-06-08.html,2879
Lịch sử giá vàng SJC ngày 09/06/2017,https://giavang.org/trong-nuoc/sjc/lich-su/2017-06-09.html,2880
Lịch sử giá vàng SJC ngày 10/06/2017,https://giavang.org/trong-nuoc/sjc/lich-su/2017-06-10.html,2881
Lịch sử giá vàng SJC ngày 11/06/2017,https://giavang.org/trong-nuoc/sjc/lich-su/2017-06-11.html,2882
Lịch sử giá vàng SJC ngày 12/06/2017,https://giavang.org/trong-nuoc/sjc/lich-su/2017-06-12.html,2883
Lịch sử giá vàng SJC ngày 13/06/2017,https://giavang.org/trong-nuoc/sjc/lich-su/2017-06-13.html,2884
Lịch sử giá vàng SJC ngày 14/06/2017,https://giavang.org/trong-nuoc/sjc/lich-su/2017-06-14.html,2885
Lịch sử giá vàng SJC ngày 15/06/2017,https://giavang.org/trong-nuoc/sjc/lich-su/2017-06-15.html,2886
Lịch sử giá vàng SJC ngày 16/06/2017,https://giavang.org/trong-nuoc/sjc/lich-su/2017-06-16.html,2887
Lịch sử giá vàng SJC ngày 17/06/2017,https://giavang.org/trong-nuoc/sjc/lich-su/2017-06-17.html,2888
Lịch sử giá vàng SJC ngày 18/06/2017,https://giavang.org/trong-nuoc/sjc/lich-su/2017-06-18.html,2889
Lịch sử giá vàng SJC ngày 19/06/2017,https://giavang.org/trong-nuoc/sjc/lich-su/2017-06-19.html,2890
Lịch sử giá vàng SJC ngày 20/06/2017,https://giavang.org/trong-nuoc/sjc/lich-su/2017-06-20.html,2891
Lịch sử giá vàng SJC ngày 21/06/2017,https://giavang.org/trong-nuoc/sjc/lich-su/2017-06-21.html,2892
Lịch sử giá vàng SJC ngày 22/06/2017,https://giavang.org/trong-nuoc/sjc/lich-su/2017-06-22.html,2893
Lịch sử giá vàng SJC ngày 23/06/2017,https://giavang.org/trong-nuoc/sjc/lich-su/2017-06-23.html,2894
Lịch sử giá vàng SJC ngày 24/06/2017,https://giavang.org/trong-nuoc/sjc/lich-su/2017-06-24.html,2895
Lịch sử giá vàng SJC ngày 25/06/2017,https://giavang.org/trong-nuoc/sjc/lich-su/2017-06-25.html,2896
Lịch sử giá vàng SJC ngày 26/06/2017,https://giavang.org/trong-nuoc/sjc/lich-su/2017-06-26.html,2897
Lịch sử giá vàng SJC ngày 27/06/2017,https://giavang.org/trong-nuoc/sjc/lich-su/2017-06-27.html,2898
Lịch sử giá vàng SJC ngày 28/06/2017,https://giavang.org/trong-nuoc/sjc/lich-su/2017-06-28.html,2899
Lịch sử giá vàng SJC ngày 29/06/2017,https://giavang.org/trong-nuoc/sjc/lich-su/2017-06-29.html,2900
Lịch sử giá vàng SJC ngày 30/06/2017,https://giavang.org/trong-nuoc/sjc/lich-su/2017-06-30.html,2901
Lịch sử giá vàng SJC ngày 01/07/2017,https://giavang.org/trong-nuoc/sjc/lich-su/2017-07-01.html,2902
Lịch sử giá vàng SJC ngày 02/07/2017,https://giavang.org/trong-nuoc/sjc/lich-su/2017-07-02.html,2903
Lịch sử giá vàng SJC ngày 03/07/2017,https://giavang.org/trong-nuoc/sjc/lich-su/2017-07-03.html,2904
Lịch sử giá vàng SJC ngày 04/07/2017,https://giavang.org/trong-nuoc/sjc/lich-su/2017-07-04.html,2905
Lịch sử giá vàng SJC ngày 05/07/2017,https://giavang.org/trong-nuoc/sjc/lich-su/2017-07-05.html,2906
Lịch sử giá vàng SJC ngày 06/07/2017,https://giavang.org/trong-nuoc/sjc/lich-su/2017-07-06.html,2907
Lịch sử giá vàng SJC ngày 07/07/2017,https://giavang.org/trong-nuoc/sjc/lich-su/2017-07-07.html,2908
Lịch sử giá vàng SJC ngày 08/07/2017,https://giavang.org/trong-nuoc/sjc/lich-su/2017-07-08.html,2909
Lịch sử giá vàng SJC ngày 09/07/2017,https://giavang.org/trong-nuoc/sjc/lich-su/2017-07-09.html,2910
Lịch sử giá vàng SJC ngày 10/07/2017,https://giavang.org/trong-nuoc/sjc/lich-su/2017-07-10.html,2911
Lịch sử giá vàng SJC ngày 11/07/2017,https://giavang.org/trong-nuoc/sjc/lich-su/2017-07-11.html,2912
Lịch sử giá vàng SJC ngày 12/07/2017,https://giavang.org/trong-nuoc/sjc/lich-su/2017-07-12.html,2913
Lịch sử giá vàng SJC ngày 13/07/2017,https://giavang.org/trong-nuoc/sjc/lich-su/2017-07-13.html,2914
Lịch sử giá vàng SJC ngày 14/07/2017,https://giavang.org/trong-nuoc/sjc/lich-su/2017-07-14.html,2915
Lịch sử giá vàng SJC ngày 15/07/2017,https://giavang.org/trong-nuoc/sjc/lich-su/2017-07-15.html,2916
Lịch sử giá vàng SJC ngày 16/07/2017,https://giavang.org/trong-nuoc/sjc/lich-su/2017-07-16.html,2917
Lịch sử giá vàng SJC ngày 17/07/2017,https://giavang.org/trong-nuoc/sjc/lich-su/2017-07-17.html,2918
Lịch sử giá vàng SJC ngày 18/07/2017,https://giavang.org/trong-nuoc/sjc/lich-su/2017-07-18.html,2919
Lịch sử giá vàng SJC ngày 19/07/2017,https://giavang.org/trong-nuoc/sjc/lich-su/2017-07-19.html,2920
Lịch sử giá vàng SJC ngày 20/07/2017,https://giavang.org/trong-nuoc/sjc/lich-su/2017-07-20.html,2921
Lịch sử giá vàng SJC ngày 21/07/2017,https://giavang.org/trong-nuoc/sjc/lich-su/2017-07-21.html,2922
Lịch sử giá vàng SJC ngày 22/07/2017,https://giavang.org/trong-nuoc/sjc/lich-su/2017-07-22.html,2923
Lịch sử giá vàng SJC ngày 23/07/2017,https://giavang.org/trong-nuoc/sjc/lich-su/2017-07-23.html,2924
Lịch sử giá vàng SJC ngày 24/07/2017,https://giavang.org/trong-nuoc/sjc/lich-su/2017-07-24.html,2925
Lịch sử giá vàng SJC ngày 25/07/2017,https://giavang.org/trong-nuoc/sjc/lich-su/2017-07-25.html,2926
Lịch sử giá vàng SJC ngày 26/07/2017,https://giavang.org/trong-nuoc/sjc/lich-su/2017-07-26.html,2927
Lịch sử giá vàng SJC ngày 27/07/2017,https://giavang.org/trong-nuoc/sjc/lich-su/2017-07-27.html,2928
Lịch sử giá vàng SJC ngày 28/07/2017,https://giavang.org/trong-nuoc/sjc/lich-su/2017-07-28.html,2929
Lịch sử giá vàng SJC ngày 29/07/2017,https://giavang.org/trong-nuoc/sjc/lich-su/2017-07-29.html,2930
Lịch sử giá vàng SJC ngày 30/07/2017,https://giavang.org/trong-nuoc/sjc/lich-su/2017-07-30.html,2931
Lịch sử giá vàng SJC ngày 31/07/2017,https://giavang.org/trong-nuoc/sjc/lich-su/2017-07-31.html,2932
Lịch sử giá vàng SJC ngày 01/08/2017,https://giavang.org/trong-nuoc/sjc/lich-su/2017-08-01.html,2933
Lịch sử giá vàng SJC ngày 02/08/2017,https://giavang.org/trong-nuoc/sjc/lich-su/2017-08-02.html,2934
Lịch sử giá vàng SJC ngày 03/08/2017,https://giavang.org/trong-nuoc/sjc/lich-su/2017-08-03.html,2935
Lịch sử giá vàng SJC ngày 04/08/2017,https://giavang.org/trong-nuoc/sjc/lich-su/2017-08-04.html,2936
Lịch sử giá vàng SJC ngày 05/08/2017,https://giavang.org/trong-nuoc/sjc/lich-su/2017-08-05.html,2937
Lịch sử giá vàng SJC ngày 06/08/2017,https://giavang.org/trong-nuoc/sjc/lich-su/2017-08-06.html,2938
Lịch sử giá vàng SJC ngày 07/08/2017,https://giavang.org/trong-nuoc/sjc/lich-su/2017-08-07.html,2939
Lịch sử giá vàng SJC ngày 08/08/2017,https://giavang.org/trong-nuoc/sjc/lich-su/2017-08-08.html,2940
Lịch sử giá vàng SJC ngày 09/08/2017,https://giavang.org/trong-nuoc/sjc/lich-su/2017-08-09.html,2941
Lịch sử giá vàng SJC ngày 10/08/2017,https://giavang.org/trong-nuoc/sjc/lich-su/2017-08-10.html,2942
Lịch sử giá vàng SJC ngày 11/08/2017,https://giavang.org/trong-nuoc/sjc/lich-su/2017-08-11.html,2943
Lịch sử giá vàng SJC ngày 12/08/2017,https://giavang.org/trong-nuoc/sjc/lich-su/2017-08-12.html,2944
Lịch sử giá vàng SJC ngày 13/08/2017,https://giavang.org/trong-nuoc/sjc/lich-su/2017-08-13.html,2945
Lịch sử giá vàng SJC ngày 14/08/2017,https://giavang.org/trong-nuoc/sjc/lich-su/2017-08-14.html,2946
Lịch sử giá vàng SJC ngày 15/08/2017,https://giavang.org/trong-nuoc/sjc/lich-su/2017-08-15.html,2947
Lịch sử giá vàng SJC ngày 16/08/2017,https://giavang.org/trong-nuoc/sjc/lich-su/2017-08-16.html,2948
Lịch sử giá vàng SJC ngày 17/08/2017,https://giavang.org/trong-nuoc/sjc/lich-su/2017-08-17.html,2949
Lịch sử giá vàng SJC ngày 18/08/2017,https://giavang.org/trong-nuoc/sjc/lich-su/2017-08-18.html,2950
Lịch sử giá vàng SJC ngày 19/08/2017,https://giavang.org/trong-nuoc/sjc/lich-su/2017-08-19.html,2951
Lịch sử giá vàng SJC ngày 20/08/2017,https://giavang.org/trong-nuoc/sjc/lich-su/2017-08-20.html,2952
Lịch sử giá vàng SJC ngày 21/08/2017,https://giavang.org/trong-nuoc/sjc/lich-su/2017-08-21.html,2953
Lịch sử giá vàng SJC ngày 22/08/2017,https://giavang.org/trong-nuoc/sjc/lich-su/2017-08-22.html,2954
Lịch sử giá vàng SJC ngày 23/08/2017,https://giavang.org/trong-nuoc/sjc/lich-su/2017-08-23.html,2955
Lịch sử giá vàng SJC ngày 24/08/2017,https://giavang.org/trong-nuoc/sjc/lich-su/2017-08-24.html,2956
Lịch sử giá vàng SJC ngày 25/08/2017,https://giavang.org/trong-nuoc/sjc/lich-su/2017-08-25.html,2957
Lịch sử giá vàng SJC ngày 26/08/2017,https://giavang.org/trong-nuoc/sjc/lich-su/2017-08-26.html,2958
Lịch sử giá vàng SJC ngày 27/08/2017,https://giavang.org/trong-nuoc/sjc/lich-su/2017-08-27.html,2959
Lịch sử giá vàng SJC ngày 28/08/2017,https://giavang.org/trong-nuoc/sjc/lich-su/2017-08-28.html,2960
Lịch sử giá vàng SJC ngày 29/08/2017,https://giavang.org/trong-nuoc/sjc/lich-su/2017-08-29.html,2961
Lịch sử giá vàng SJC ngày 30/08/2017,https://giavang.org/trong-nuoc/sjc/lich-su/2017-08-30.html,2962
Lịch sử giá vàng SJC ngày 31/08/2017,https://giavang.org/trong-nuoc/sjc/lich-su/2017-08-31.html,2963
Lịch sử giá vàng SJC ngày 01/09/2017,https://giavang.org/trong-nuoc/sjc/lich-su/2017-09-01.html,2964
Lịch sử giá vàng SJC ngày 02/09/2017,https://giavang.org/trong-nuoc/sjc/lich-su/2017-09-02.html,2965
Lịch sử giá vàng SJC ngày 03/09/2017,https://giavang.org/trong-nuoc/sjc/lich-su/2017-09-03.html,2966
Lịch sử giá vàng SJC ngày 04/09/2017,https://giavang.org/trong-nuoc/sjc/lich-su/2017-09-04.html,2967
Lịch sử giá vàng SJC ngày 05/09/2017,https://giavang.org/trong-nuoc/sjc/lich-su/2017-09-05.html,2968
Lịch sử giá vàng SJC ngày 06/09/2017,https://giavang.org/trong-nuoc/sjc/lich-su/2017-09-06.html,2969
Lịch sử giá vàng SJC ngày 07/09/2017,https://giavang.org/trong-nuoc/sjc/lich-su/2017-09-07.html,2970
Lịch sử giá vàng SJC ngày 08/09/2017,https://giavang.org/trong-nuoc/sjc/lich-su/2017-09-08.html,2971
Lịch sử giá vàng SJC ngày 09/09/2017,https://giavang.org/trong-nuoc/sjc/lich-su/2017-09-09.html,2972
Lịch sử giá vàng SJC ngày 10/09/2017,https://giavang.org/trong-nuoc/sjc/lich-su/2017-09-10.html,2973
Lịch sử giá vàng SJC ngày 11/09/2017,https://giavang.org/trong-nuoc/sjc/lich-su/2017-09-11.html,2974
Lịch sử giá vàng SJC ngày 12/09/2017,https://giavang.org/trong-nuoc/sjc/lich-su/2017-09-12.html,2975
Lịch sử giá vàng SJC ngày 13/09/2017,https://giavang.org/trong-nuoc/sjc/lich-su/2017-09-13.html,2976
Lịch sử giá vàng SJC ngày 14/09/2017,https://giavang.org/trong-nuoc/sjc/lich-su/2017-09-14.html,2977
Lịch sử giá vàng SJC ngày 15/09/2017,https://giavang.org/trong-nuoc/sjc/lich-su/2017-09-15.html,2978
Lịch sử giá vàng SJC ngày 16/09/2017,https://giavang.org/trong-nuoc/sjc/lich-su/2017-09-16.html,2979
Lịch sử giá vàng SJC ngày 17/09/2017,https://giavang.org/trong-nuoc/sjc/lich-su/2017-09-17.html,2980
Lịch sử giá vàng SJC ngày 18/09/2017,https://giavang.org/trong-nuoc/sjc/lich-su/2017-09-18.html,2981
Lịch sử giá vàng SJC ngày 19/09/2017,https://giavang.org/trong-nuoc/sjc/lich-su/2017-09-19.html,2982
Lịch sử giá vàng SJC ngày 20/09/2017,https://giavang.org/trong-nuoc/sjc/lich-su/2017-09-20.html,2983
Lịch sử giá vàng SJC ngày 21/09/2017,https://giavang.org/trong-nuoc/sjc/lich-su/2017-09-21.html,2984
Lịch sử giá vàng SJC ngày 22/09/2017,https://giavang.org/trong-nuoc/sjc/lich-su/2017-09-22.html,2985
Lịch sử giá vàng SJC ngày 23/09/2017,https://giavang.org/trong-nuoc/sjc/lich-su/2017-09-23.html,2986
Lịch sử giá vàng SJC ngày 24/09/2017,https://giavang.org/trong-nuoc/sjc/lich-su/2017-09-24.html,2987
Lịch sử giá vàng SJC ngày 25/09/2017,https://giavang.org/trong-nuoc/sjc/lich-su/2017-09-25.html,2988
Lịch sử giá vàng SJC ngày 26/09/2017,https://giavang.org/trong-nuoc/sjc/lich-su/2017-09-26.html,2989
Lịch sử giá vàng SJC ngày 27/09/2017,https://giavang.org/trong-nuoc/sjc/lich-su/2017-09-27.html,2990
Lịch sử giá vàng SJC ngày 28/09/2017,https://giavang.org/trong-nuoc/sjc/lich-su/2017-09-28.html,2991
Lịch sử giá vàng SJC ngày 29/09/2017,https://giavang.org/trong-nuoc/sjc/lich-su/2017-09-29.html,2992
Lịch sử giá vàng SJC ngày 30/09/2017,https://giavang.org/trong-nuoc/sjc/lich-su/2017-09-30.html,2993
Lịch sử giá vàng SJC ngày 01/10/2017,https://giavang.org/trong-nuoc/sjc/lich-su/2017-10-01.html,2994
Lịch sử giá vàng SJC ngày 02/10/2017,https://giavang.org/trong-nuoc/sjc/lich-su/2017-10-02.html,2995
Lịch sử giá vàng SJC ngày 03/10/2017,https://giavang.org/trong-nuoc/sjc/lich-su/2017-10-03.html,2996
Lịch sử giá vàng SJC ngày 04/10/2017,https://giavang.org/trong-nuoc/sjc/lich-su/2017-10-04.html,2997
Lịch sử giá vàng SJC ngày 05/10/2017,https://giavang.org/trong-nuoc/sjc/lich-su/2017-10-05.html,2998
Lịch sử giá vàng SJC ngày 06/10/2017,https://giavang.org/trong-nuoc/sjc/lich-su/2017-10-06.html,2999
Lịch sử giá vàng SJC ngày 07/10/2017,https://giavang.org/trong-nuoc/sjc/lich-su/2017-10-07.html,3000
Lịch sử giá vàng SJC ngày 08/10/2017,https://giavang.org/trong-nuoc/sjc/lich-su/2017-10-08.html,3001
Lịch sử giá vàng SJC ngày 09/10/2017,https://giavang.org/trong-nuoc/sjc/lich-su/2017-10-09.html,3002
Lịch sử giá vàng SJC ngày 10/10/2017,https://giavang.org/trong-nuoc/sjc/lich-su/2017-10-10.html,3003
Lịch sử giá vàng SJC ngày 11/10/2017,https://giavang.org/trong-nuoc/sjc/lich-su/2017-10-11.html,3004
Lịch sử giá vàng SJC ngày 12/10/2017,https://giavang.org/trong-nuoc/sjc/lich-su/2017-10-12.html,3005
Lịch sử giá vàng SJC ngày 13/10/2017,https://giavang.org/trong-nuoc/sjc/lich-su/2017-10-13.html,3006
Lịch sử giá vàng SJC ngày 14/10/2017,https://giavang.org/trong-nuoc/sjc/lich-su/2017-10-14.html,3007
Lịch sử giá vàng SJC ngày 15/10/2017,https://giavang.org/trong-nuoc/sjc/lich-su/2017-10-15.html,3008
Lịch sử giá vàng SJC ngày 16/10/2017,https://giavang.org/trong-nuoc/sjc/lich-su/2017-10-16.html,3009
Lịch sử giá vàng SJC ngày 17/10/2017,https://giavang.org/trong-nuoc/sjc/lich-su/2017-10-17.html,3010
Lịch sử giá vàng SJC ngày 18/10/2017,https://giavang.org/trong-nuoc/sjc/lich-su/2017-10-18.html,3011
Lịch sử giá vàng SJC ngày 19/10/2017,https://giavang.org/trong-nuoc/sjc/lich-su/2017-10-19.html,3012
Lịch sử giá vàng SJC ngày 20/10/2017,https://giavang.org/trong-nuoc/sjc/lich-su/2017-10-20.html,3013
Lịch sử giá vàng SJC ngày 21/10/2017,https://giavang.org/trong-nuoc/sjc/lich-su/2017-10-21.html,3014
Lịch sử giá vàng SJC ngày 22/10/2017,https://giavang.org/trong-nuoc/sjc/lich-su/2017-10-22.html,3015
Lịch sử giá vàng SJC ngày 23/10/2017,https://giavang.org/trong-nuoc/sjc/lich-su/2017-10-23.html,3016
Lịch sử giá vàng SJC ngày 24/10/2017,https://giavang.org/trong-nuoc/sjc/lich-su/2017-10-24.html,3017
Lịch sử giá vàng SJC ngày 25/10/2017,https://giavang.org/trong-nuoc/sjc/lich-su/2017-10-25.html,3018
Lịch sử giá vàng SJC ngày 26/10/2017,https://giavang.org/trong-nuoc/sjc/lich-su/2017-10-26.html,3019
Lịch sử giá vàng SJC ngày 27/10/2017,https://giavang.org/trong-nuoc/sjc/lich-su/2017-10-27.html,3020
Lịch sử giá vàng SJC ngày 28/10/2017,https://giavang.org/trong-nuoc/sjc/lich-su/2017-10-28.html,3021
Lịch sử giá vàng SJC ngày 29/10/2017,https://giavang.org/trong-nuoc/sjc/lich-su/2017-10-29.html,3022
Lịch sử giá vàng SJC ngày 30/10/2017,https://giavang.org/trong-nuoc/sjc/lich-su/2017-10-30.html,3023
Lịch sử giá vàng SJC ngày 31/10/2017,https://giavang.org/trong-nuoc/sjc/lich-su/2017-10-31.html,3024
Lịch sử giá vàng SJC ngày 01/11/2017,https://giavang.org/trong-nuoc/sjc/lich-su/2017-11-01.html,3025
Lịch sử giá vàng SJC ngày 02/11/2017,https://giavang.org/trong-nuoc/sjc/lich-su/2017-11-02.html,3026
Lịch sử giá vàng SJC ngày 03/11/2017,https://giavang.org/trong-nuoc/sjc/lich-su/2017-11-03.html,3027
Lịch sử giá vàng SJC ngày 04/11/2017,https://giavang.org/trong-nuoc/sjc/lich-su/2017-11-04.html,3028
Lịch sử giá vàng SJC ngày 05/11/2017,https://giavang.org/trong-nuoc/sjc/lich-su/2017-11-05.html,3029
Lịch sử giá vàng SJC ngày 06/11/2017,https://giavang.org/trong-nuoc/sjc/lich-su/2017-11-06.html,3030
Lịch sử giá vàng SJC ngày 07/11/2017,https://giavang.org/trong-nuoc/sjc/lich-su/2017-11-07.html,3031
Lịch sử giá vàng SJC ngày 08/11/2017,https://giavang.org/trong-nuoc/sjc/lich-su/2017-11-08.html,3032
Lịch sử giá vàng SJC ngày 09/11/2017,https://giavang.org/trong-nuoc/sjc/lich-su/2017-11-09.html,3033
Lịch sử giá vàng SJC ngày 10/11/2017,https://giavang.org/trong-nuoc/sjc/lich-su/2017-11-10.html,3034
Lịch sử giá vàng SJC ngày 11/11/2017,https://giavang.org/trong-nuoc/sjc/lich-su/2017-11-11.html,3035
Lịch sử giá vàng SJC ngày 12/11/2017,https://giavang.org/trong-nuoc/sjc/lich-su/2017-11-12.html,3036
Lịch sử giá vàng SJC ngày 13/11/2017,https://giavang.org/trong-nuoc/sjc/lich-su/2017-11-13.html,3037
Lịch sử giá vàng SJC ngày 14/11/2017,https://giavang.org/trong-nuoc/sjc/lich-su/2017-11-14.html,3038
Lịch sử giá vàng SJC ngày 15/11/2017,https://giavang.org/trong-nuoc/sjc/lich-su/2017-11-15.html,3039
Lịch sử giá vàng SJC ngày 16/11/2017,https://giavang.org/trong-nuoc/sjc/lich-su/2017-11-16.html,3040
Lịch sử giá vàng SJC ngày 17/11/2017,https://giavang.org/trong-nuoc/sjc/lich-su/2017-11-17.html,3041
Lịch sử giá vàng SJC ngày 18/11/2017,https://giavang.org/trong-nuoc/sjc/lich-su/2017-11-18.html,3042
Lịch sử giá vàng SJC ngày 19/11/2017,https://giavang.org/trong-nuoc/sjc/lich-su/2017-11-19.html,3043
Lịch sử giá vàng SJC ngày 20/11/2017,https://giavang.org/trong-nuoc/sjc/lich-su/2017-11-20.html,3044
Lịch sử giá vàng SJC ngày 21/11/2017,https://giavang.org/trong-nuoc/sjc/lich-su/2017-11-21.html,3045
Lịch sử giá vàng SJC ngày 22/11/2017,https://giavang.org/trong-nuoc/sjc/lich-su/2017-11-22.html,3046
Lịch sử giá vàng SJC ngày 23/11/2017,https://giavang.org/trong-nuoc/sjc/lich-su/2017-11-23.html,3047
Lịch sử giá vàng SJC ngày 24/11/2017,https://giavang.org/trong-nuoc/sjc/lich-su/2017-11-24.html,3048
Lịch sử giá vàng SJC ngày 25/11/2017,https://giavang.org/trong-nuoc/sjc/lich-su/2017-11-25.html,3049
Lịch sử giá vàng SJC ngày 26/11/2017,https://giavang.org/trong-nuoc/sjc/lich-su/2017-11-26.html,3050
Lịch sử giá vàng SJC ngày 27/11/2017,https://giavang.org/trong-nuoc/sjc/lich-su/2017-11-27.html,3051
Lịch sử giá vàng SJC ngày 28/11/2017,https://giavang.org/trong-nuoc/sjc/lich-su/2017-11-28.html,3052
Lịch sử giá vàng SJC ngày 29/11/2017,https://giavang.org/trong-nuoc/sjc/lich-su/2017-11-29.html,3053
Lịch sử giá vàng SJC ngày 30/11/2017,https://giavang.org/trong-nuoc/sjc/lich-su/2017-11-30.html,3054
Lịch sử giá vàng SJC ngày 01/12/2017,https://giavang.org/trong-nuoc/sjc/lich-su/2017-12-01.html,3055
Lịch sử giá vàng SJC ngày 02/12/2017,https://giavang.org/trong-nuoc/sjc/lich-su/2017-12-02.html,3056
Lịch sử giá vàng SJC ngày 03/12/2017,https://giavang.org/trong-nuoc/sjc/lich-su/2017-12-03.html,3057
Lịch sử giá vàng SJC ngày 04/12/2017,https://giavang.org/trong-nuoc/sjc/lich-su/2017-12-04.html,3058
Lịch sử giá vàng SJC ngày 05/12/2017,https://giavang.org/trong-nuoc/sjc/lich-su/2017-12-05.html,3059
Lịch sử giá vàng SJC ngày 06/12/2017,https://giavang.org/trong-nuoc/sjc/lich-su/2017-12-06.html,3060
Lịch sử giá vàng SJC ngày 07/12/2017,https://giavang.org/trong-nuoc/sjc/lich-su/2017-12-07.html,3061
Lịch sử giá vàng SJC ngày 08/12/2017,https://giavang.org/trong-nuoc/sjc/lich-su/2017-12-08.html,3062
Lịch sử giá vàng SJC ngày 09/12/2017,https://giavang.org/trong-nuoc/sjc/lich-su/2017-12-09.html,3063
Lịch sử giá vàng SJC ngày 10/12/2017,https://giavang.org/trong-nuoc/sjc/lich-su/2017-12-10.html,3064
Lịch sử giá vàng SJC ngày 11/12/2017,https://giavang.org/trong-nuoc/sjc/lich-su/2017-12-11.html,3065
Lịch sử giá vàng SJC ngày 12/12/2017,https://giavang.org/trong-nuoc/sjc/lich-su/2017-12-12.html,3066
Lịch sử giá vàng SJC ngày 13/12/2017,https://giavang.org/trong-nuoc/sjc/lich-su/2017-12-13.html,3067
Lịch sử giá vàng SJC ngày 14/12/2017,https://giavang.org/trong-nuoc/sjc/lich-su/2017-12-14.html,3068
Lịch sử giá vàng SJC ngày 15/12/2017,https://giavang.org/trong-nuoc/sjc/lich-su/2017-12-15.html,3069
Lịch sử giá vàng SJC ngày 16/12/2017,https://giavang.org/trong-nuoc/sjc/lich-su/2017-12-16.html,3070
Lịch sử giá vàng SJC ngày 17/12/2017,https://giavang.org/trong-nuoc/sjc/lich-su/2017-12-17.html,3071
Lịch sử giá vàng SJC ngày 18/12/2017,https://giavang.org/trong-nuoc/sjc/lich-su/2017-12-18.html,3072
Lịch sử giá vàng SJC ngày 19/12/2017,https://giavang.org/trong-nuoc/sjc/lich-su/2017-12-19.html,3073
Lịch sử giá vàng SJC ngày 20/12/2017,https://giavang.org/trong-nuoc/sjc/lich-su/2017-12-20.html,3074
Lịch sử giá vàng SJC ngày 21/12/2017,https://giavang.org/trong-nuoc/sjc/lich-su/2017-12-21.html,3075
Lịch sử giá vàng SJC ngày 22/12/2017,https://giavang.org/trong-nuoc/sjc/lich-su/2017-12-22.html,3076
Lịch sử giá vàng SJC ngày 23/12/2017,https://giavang.org/trong-nuoc/sjc/lich-su/2017-12-23.html,3077
Lịch sử giá vàng SJC ngày 24/12/2017,https://giavang.org/trong-nuoc/sjc/lich-su/2017-12-24.html,3078
Lịch sử giá vàng SJC ngày 25/12/2017,https://giavang.org/trong-nuoc/sjc/lich-su/2017-12-25.html,3079
Lịch sử giá vàng SJC ngày 26/12/2017,https://giavang.org/trong-nuoc/sjc/lich-su/2017-12-26.html,3080
Lịch sử giá vàng SJC ngày 27/12/2017,https://giavang.org/trong-nuoc/sjc/lich-su/2017-12-27.html,3081
Lịch sử giá vàng SJC ngày 28/12/2017,https://giavang.org/trong-nuoc/sjc/lich-su/2017-12-28.html,3082
Lịch sử giá vàng SJC ngày 29/12/2017,https://giavang.org/trong-nuoc/sjc/lich-su/2017-12-29.html,3083
Lịch sử giá vàng SJC ngày 30/12/2017,https://giavang.org/trong-nuoc/sjc/lich-su/2017-12-30.html,3084
Lịch sử giá vàng SJC ngày 31/12/2017,https://giavang.org/trong-nuoc/sjc/lich-su/2017-12-31.html,3085
Lịch sử giá vàng SJC ngày 01/01/2018,https://giavang.org/trong-nuoc/sjc/lich-su/2018-01-01.html,3086
Lịch sử giá vàng SJC ngày 02/01/2018,https://giavang.org/trong-nuoc/sjc/lich-su/2018-01-02.html,3087
Lịch sử giá vàng SJC ngày 03/01/2018,https://giavang.org/trong-nuoc/sjc/lich-su/2018-01-03.html,3088
Lịch sử giá vàng SJC ngày 04/01/2018,https://giavang.org/trong-nuoc/sjc/lich-su/2018-01-04.html,3089
Lịch sử giá vàng SJC ngày 05/01/2018,https://giavang.org/trong-nuoc/sjc/lich-su/2018-01-05.html,3090
Lịch sử giá vàng SJC ngày 06/01/2018,https://giavang.org/trong-nuoc/sjc/lich-su/2018-01-06.html,3091
Lịch sử giá vàng SJC ngày 07/01/2018,https://giavang.org/trong-nuoc/sjc/lich-su/2018-01-07.html,3092
Lịch sử giá vàng SJC ngày 08/01/2018,https://giavang.org/trong-nuoc/sjc/lich-su/2018-01-08.html,3093
Lịch sử giá vàng SJC ngày 09/01/2018,https://giavang.org/trong-nuoc/sjc/lich-su/2018-01-09.html,3094
Lịch sử giá vàng SJC ngày 10/01/2018,https://giavang.org/trong-nuoc/sjc/lich-su/2018-01-10.html,3095
Lịch sử giá vàng SJC ngày 11/01/2018,https://giavang.org/trong-nuoc/sjc/lich-su/2018-01-11.html,3096
Lịch sử giá vàng SJC ngày 12/01/2018,https://giavang.org/trong-nuoc/sjc/lich-su/2018-01-12.html,3097
Lịch sử giá vàng SJC ngày 13/01/2018,https://giavang.org/trong-nuoc/sjc/lich-su/2018-01-13.html,3098
Lịch sử giá vàng SJC ngày 14/01/2018,https://giavang.org/trong-nuoc/sjc/lich-su/2018-01-14.html,3099
Lịch sử giá vàng SJC ngày 15/01/2018,https://giavang.org/trong-nuoc/sjc/lich-su/2018-01-15.html,3100
Lịch sử giá vàng SJC ngày 16/01/2018,https://giavang.org/trong-nuoc/sjc/lich-su/2018-01-16.html,3101
Lịch sử giá vàng SJC ngày 17/01/2018,https://giavang.org/trong-nuoc/sjc/lich-su/2018-01-17.html,3102
Lịch sử giá vàng SJC ngày 18/01/2018,https://giavang.org/trong-nuoc/sjc/lich-su/2018-01-18.html,3103
Lịch sử giá vàng SJC ngày 19/01/2018,https://giavang.org/trong-nuoc/sjc/lich-su/2018-01-19.html,3104
Lịch sử giá vàng SJC ngày 20/01/2018,https://giavang.org/trong-nuoc/sjc/lich-su/2018-01-20.html,3105
Lịch sử giá vàng SJC ngày 21/01/2018,https://giavang.org/trong-nuoc/sjc/lich-su/2018-01-21.html,3106
Lịch sử giá vàng SJC ngày 22/01/2018,https://giavang.org/trong-nuoc/sjc/lich-su/2018-01-22.html,3107
Lịch sử giá vàng SJC ngày 23/01/2018,https://giavang.org/trong-nuoc/sjc/lich-su/2018-01-23.html,3108
Lịch sử giá vàng SJC ngày 24/01/2018,https://giavang.org/trong-nuoc/sjc/lich-su/2018-01-24.html,3109
Lịch sử giá vàng SJC ngày 25/01/2018,https://giavang.org/trong-nuoc/sjc/lich-su/2018-01-25.html,3110
Lịch sử giá vàng SJC ngày 26/01/2018,https://giavang.org/trong-nuoc/sjc/lich-su/2018-01-26.html,3111
Lịch sử giá vàng SJC ngày 27/01/2018,https://giavang.org/trong-nuoc/sjc/lich-su/2018-01-27.html,3112
Lịch sử giá vàng SJC ngày 28/01/2018,https://giavang.org/trong-nuoc/sjc/lich-su/2018-01-28.html,3113
Lịch sử giá vàng SJC ngày 29/01/2018,https://giavang.org/trong-nuoc/sjc/lich-su/2018-01-29.html,3114
Lịch sử giá vàng SJC ngày 30/01/2018,https://giavang.org/trong-nuoc/sjc/lich-su/2018-01-30.html,3115
Lịch sử giá vàng SJC ngày 31/01/2018,https://giavang.org/trong-nuoc/sjc/lich-su/2018-01-31.html,3116
Lịch sử giá vàng SJC ngày 01/02/2018,https://giavang.org/trong-nuoc/sjc/lich-su/2018-02-01.html,3117
Lịch sử giá vàng SJC ngày 02/02/2018,https://giavang.org/trong-nuoc/sjc/lich-su/2018-02-02.html,3118
Lịch sử giá vàng SJC ngày 03/02/2018,https://giavang.org/trong-nuoc/sjc/lich-su/2018-02-03.html,3119
Lịch sử giá vàng SJC ngày 04/02/2018,https://giavang.org/trong-nuoc/sjc/lich-su/2018-02-04.html,3120
Lịch sử giá vàng SJC ngày 05/02/2018,https://giavang.org/trong-nuoc/sjc/lich-su/2018-02-05.html,3121
Lịch sử giá vàng SJC ngày 06/02/2018,https://giavang.org/trong-nuoc/sjc/lich-su/2018-02-06.html,3122
Lịch sử giá vàng SJC ngày 07/02/2018,https://giavang.org/trong-nuoc/sjc/lich-su/2018-02-07.html,3123
Lịch sử giá vàng SJC ngày 08/02/2018,https://giavang.org/trong-nuoc/sjc/lich-su/2018-02-08.html,3124
Lịch sử giá vàng SJC ngày 09/02/2018,https://giavang.org/trong-nuoc/sjc/lich-su/2018-02-09.html,3125
Lịch sử giá vàng SJC ngày 10/02/2018,https://giavang.org/trong-nuoc/sjc/lich-su/2018-02-10.html,3126
Lịch sử giá vàng SJC ngày 11/02/2018,https://giavang.org/trong-nuoc/sjc/lich-su/2018-02-11.html,3127
Lịch sử giá vàng SJC ngày 12/02/2018,https://giavang.org/trong-nuoc/sjc/lich-su/2018-02-12.html,3128
Lịch sử giá vàng SJC ngày 13/02/2018,https://giavang.org/trong-nuoc/sjc/lich-su/2018-02-13.html,3129
Lịch sử giá vàng SJC ngày 14/02/2018,https://giavang.org/trong-nuoc/sjc/lich-su/2018-02-14.html,3130
Lịch sử giá vàng SJC ngày 15/02/2018,https://giavang.org/trong-nuoc/sjc/lich-su/2018-02-15.html,3131
Lịch sử giá vàng SJC ngày 16/02/2018,https://giavang.org/trong-nuoc/sjc/lich-su/2018-02-16.html,3132
Lịch sử giá vàng SJC ngày 17/02/2018,https://giavang.org/trong-nuoc/sjc/lich-su/2018-02-17.html,3133
Lịch sử giá vàng SJC ngày 18/02/2018,https://giavang.org/trong-nuoc/sjc/lich-su/2018-02-18.html,3134
Lịch sử giá vàng SJC ngày 19/02/2018,https://giavang.org/trong-nuoc/sjc/lich-su/2018-02-19.html,3135
Lịch sử giá vàng SJC ngày 20/02/2018,https://giavang.org/trong-nuoc/sjc/lich-su/2018-02-20.html,3136
Lịch sử giá vàng SJC ngày 21/02/2018,https://giavang.org/trong-nuoc/sjc/lich-su/2018-02-21.html,3137
Lịch sử giá vàng SJC ngày 22/02/2018,https://giavang.org/trong-nuoc/sjc/lich-su/2018-02-22.html,3138
Lịch sử giá vàng SJC ngày 23/02/2018,https://giavang.org/trong-nuoc/sjc/lich-su/2018-02-23.html,3139
Lịch sử giá vàng SJC ngày 24/02/2018,https://giavang.org/trong-nuoc/sjc/lich-su/2018-02-24.html,3140
Lịch sử giá vàng SJC ngày 25/02/2018,https://giavang.org/trong-nuoc/sjc/lich-su/2018-02-25.html,3141
Lịch sử giá vàng SJC ngày 26/02/2018,https://giavang.org/trong-nuoc/sjc/lich-su/2018-02-26.html,3142
Lịch sử giá vàng SJC ngày 27/02/2018,https://giavang.org/trong-nuoc/sjc/lich-su/2018-02-27.html,3143
Lịch sử giá vàng SJC ngày 28/02/2018,https://giavang.org/trong-nuoc/sjc/lich-su/2018-02-28.html,3144
Lịch sử giá vàng SJC ngày 01/03/2018,https://giavang.org/trong-nuoc/sjc/lich-su/2018-03-01.html,3145
Lịch sử giá vàng SJC ngày 02/03/2018,https://giavang.org/trong-nuoc/sjc/lich-su/2018-03-02.html,3146
Lịch sử giá vàng SJC ngày 03/03/2018,https://giavang.org/trong-nuoc/sjc/lich-su/2018-03-03.html,3147
Lịch sử giá vàng SJC ngày 04/03/2018,https://giavang.org/trong-nuoc/sjc/lich-su/2018-03-04.html,3148
Lịch sử giá vàng SJC ngày 05/03/2018,https://giavang.org/trong-nuoc/sjc/lich-su/2018-03-05.html,3149
Lịch sử giá vàng SJC ngày 06/03/2018,https://giavang.org/trong-nuoc/sjc/lich-su/2018-03-06.html,3150
Lịch sử giá vàng SJC ngày 07/03/2018,https://giavang.org/trong-nuoc/sjc/lich-su/2018-03-07.html,3151
Lịch sử giá vàng SJC ngày 08/03/2018,https://giavang.org/trong-nuoc/sjc/lich-su/2018-03-08.html,3152
Lịch sử giá vàng SJC ngày 09/03/2018,https://giavang.org/trong-nuoc/sjc/lich-su/2018-03-09.html,3153
Lịch sử giá vàng SJC ngày 10/03/2018,https://giavang.org/trong-nuoc/sjc/lich-su/2018-03-10.html,3154
Lịch sử giá vàng SJC ngày 11/03/2018,https://giavang.org/trong-nuoc/sjc/lich-su/2018-03-11.html,3155
Lịch sử giá vàng SJC ngày 12/03/2018,https://giavang.org/trong-nuoc/sjc/lich-su/2018-03-12.html,3156
Lịch sử giá vàng SJC ngày 13/03/2018,https://giavang.org/trong-nuoc/sjc/lich-su/2018-03-13.html,3157
Lịch sử giá vàng SJC ngày 14/03/2018,https://giavang.org/trong-nuoc/sjc/lich-su/2018-03-14.html,3158
Lịch sử giá vàng SJC ngày 15/03/2018,https://giavang.org/trong-nuoc/sjc/lich-su/2018-03-15.html,3159
Lịch sử giá vàng SJC ngày 16/03/2018,https://giavang.org/trong-nuoc/sjc/lich-su/2018-03-16.html,3160
Lịch sử giá vàng SJC ngày 17/03/2018,https://giavang.org/trong-nuoc/sjc/lich-su/2018-03-17.html,3161
Lịch sử giá vàng SJC ngày 18/03/2018,https://giavang.org/trong-nuoc/sjc/lich-su/2018-03-18.html,3162
Lịch sử giá vàng SJC ngày 19/03/2018,https://giavang.org/trong-nuoc/sjc/lich-su/2018-03-19.html,3163
Lịch sử giá vàng SJC ngày 20/03/2018,https://giavang.org/trong-nuoc/sjc/lich-su/2018-03-20.html,3164
Lịch sử giá vàng SJC ngày 21/03/2018,https://giavang.org/trong-nuoc/sjc/lich-su/2018-03-21.html,3165
Lịch sử giá vàng SJC ngày 22/03/2018,https://giavang.org/trong-nuoc/sjc/lich-su/2018-03-22.html,3166
Lịch sử giá vàng SJC ngày 23/03/2018,https://giavang.org/trong-nuoc/sjc/lich-su/2018-03-23.html,3167
Lịch sử giá vàng SJC ngày 24/03/2018,https://giavang.org/trong-nuoc/sjc/lich-su/2018-03-24.html,3168
Lịch sử giá vàng SJC ngày 25/03/2018,https://giavang.org/trong-nuoc/sjc/lich-su/2018-03-25.html,3169
Lịch sử giá vàng SJC ngày 26/03/2018,https://giavang.org/trong-nuoc/sjc/lich-su/2018-03-26.html,3170
Lịch sử giá vàng SJC ngày 27/03/2018,https://giavang.org/trong-nuoc/sjc/lich-su/2018-03-27.html,3171
Lịch sử giá vàng SJC ngày 28/03/2018,https://giavang.org/trong-nuoc/sjc/lich-su/2018-03-28.html,3172
Lịch sử giá vàng SJC ngày 29/03/2018,https://giavang.org/trong-nuoc/sjc/lich-su/2018-03-29.html,3173
Lịch sử giá vàng SJC ngày 30/03/2018,https://giavang.org/trong-nuoc/sjc/lich-su/2018-03-30.html,3174
Lịch sử giá vàng SJC ngày 31/03/2018,https://giavang.org/trong-nuoc/sjc/lich-su/2018-03-31.html,3175
Lịch sử giá vàng SJC ngày 01/04/2018,https://giavang.org/trong-nuoc/sjc/lich-su/2018-04-01.html,3176
Lịch sử giá vàng SJC ngày 02/04/2018,https://giavang.org/trong-nuoc/sjc/lich-su/2018-04-02.html,3177
Lịch sử giá vàng SJC ngày 03/04/2018,https://giavang.org/trong-nuoc/sjc/lich-su/2018-04-03.html,3178
Lịch sử giá vàng SJC ngày 04/04/2018,https://giavang.org/trong-nuoc/sjc/lich-su/2018-04-04.html,3179
Lịch sử giá vàng SJC ngày 05/04/2018,https://giavang.org/trong-nuoc/sjc/lich-su/2018-04-05.html,3180
Lịch sử giá vàng SJC ngày 06/04/2018,https://giavang.org/trong-nuoc/sjc/lich-su/2018-04-06.html,3181
Lịch sử giá vàng SJC ngày 07/04/2018,https://giavang.org/trong-nuoc/sjc/lich-su/2018-04-07.html,3182
Lịch sử giá vàng SJC ngày 08/04/2018,https://giavang.org/trong-nuoc/sjc/lich-su/2018-04-08.html,3183
Lịch sử giá vàng SJC ngày 09/04/2018,https://giavang.org/trong-nuoc/sjc/lich-su/2018-04-09.html,3184
Lịch sử giá vàng SJC ngày 10/04/2018,https://giavang.org/trong-nuoc/sjc/lich-su/2018-04-10.html,3185
Lịch sử giá vàng SJC ngày 11/04/2018,https://giavang.org/trong-nuoc/sjc/lich-su/2018-04-11.html,3186
Lịch sử giá vàng SJC ngày 12/04/2018,https://giavang.org/trong-nuoc/sjc/lich-su/2018-04-12.html,3187
Lịch sử giá vàng SJC ngày 13/04/2018,https://giavang.org/trong-nuoc/sjc/lich-su/2018-04-13.html,3188
Lịch sử giá vàng SJC ngày 14/04/2018,https://giavang.org/trong-nuoc/sjc/lich-su/2018-04-14.html,3189
Lịch sử giá vàng SJC ngày 15/04/2018,https://giavang.org/trong-nuoc/sjc/lich-su/2018-04-15.html,3190
Lịch sử giá vàng SJC ngày 16/04/2018,https://giavang.org/trong-nuoc/sjc/lich-su/2018-04-16.html,3191
Lịch sử giá vàng SJC ngày 17/04/2018,https://giavang.org/trong-nuoc/sjc/lich-su/2018-04-17.html,3192
Lịch sử giá vàng SJC ngày 18/04/2018,https://giavang.org/trong-nuoc/sjc/lich-su/2018-04-18.html,3193
Lịch sử giá vàng SJC ngày 19/04/2018,https://giavang.org/trong-nuoc/sjc/lich-su/2018-04-19.html,3194
Lịch sử giá vàng SJC ngày 20/04/2018,https://giavang.org/trong-nuoc/sjc/lich-su/2018-04-20.html,3195
Lịch sử giá vàng SJC ngày 21/04/2018,https://giavang.org/trong-nuoc/sjc/lich-su/2018-04-21.html,3196
Lịch sử giá vàng SJC ngày 22/04/2018,https://giavang.org/trong-nuoc/sjc/lich-su/2018-04-22.html,3197
Lịch sử giá vàng SJC ngày 23/04/2018,https://giavang.org/trong-nuoc/sjc/lich-su/2018-04-23.html,3198
Lịch sử giá vàng SJC ngày 24/04/2018,https://giavang.org/trong-nuoc/sjc/lich-su/2018-04-24.html,3199
Lịch sử giá vàng SJC ngày 25/04/2018,https://giavang.org/trong-nuoc/sjc/lich-su/2018-04-25.html,3200
Lịch sử giá vàng SJC ngày 26/04/2018,https://giavang.org/trong-nuoc/sjc/lich-su/2018-04-26.html,3201
Lịch sử giá vàng SJC ngày 27/04/2018,https://giavang.org/trong-nuoc/sjc/lich-su/2018-04-27.html,3202
Lịch sử giá vàng SJC ngày 28/04/2018,https://giavang.org/trong-nuoc/sjc/lich-su/2018-04-28.html,3203
Lịch sử giá vàng SJC ngày 29/04/2018,https://giavang.org/trong-nuoc/sjc/lich-su/2018-04-29.html,3204
Lịch sử giá vàng SJC ngày 30/04/2018,https://giavang.org/trong-nuoc/sjc/lich-su/2018-04-30.html,3205
Lịch sử giá vàng SJC ngày 01/05/2018,https://giavang.org/trong-nuoc/sjc/lich-su/2018-05-01.html,3206
Lịch sử giá vàng SJC ngày 02/05/2018,https://giavang.org/trong-nuoc/sjc/lich-su/2018-05-02.html,3207
Lịch sử giá vàng SJC ngày 03/05/2018,https://giavang.org/trong-nuoc/sjc/lich-su/2018-05-03.html,3208
Lịch sử giá vàng SJC ngày 04/05/2018,https://giavang.org/trong-nuoc/sjc/lich-su/2018-05-04.html,3209
Lịch sử giá vàng SJC ngày 05/05/2018,https://giavang.org/trong-nuoc/sjc/lich-su/2018-05-05.html,3210
Lịch sử giá vàng SJC ngày 06/05/2018,https://giavang.org/trong-nuoc/sjc/lich-su/2018-05-06.html,3211
Lịch sử giá vàng SJC ngày 07/05/2018,https://giavang.org/trong-nuoc/sjc/lich-su/2018-05-07.html,3212
Lịch sử giá vàng SJC ngày 08/05/2018,https://giavang.org/trong-nuoc/sjc/lich-su/2018-05-08.html,3213
Lịch sử giá vàng SJC ngày 09/05/2018,https://giavang.org/trong-nuoc/sjc/lich-su/2018-05-09.html,3214
Lịch sử giá vàng SJC ngày 10/05/2018,https://giavang.org/trong-nuoc/sjc/lich-su/2018-05-10.html,3215
Lịch sử giá vàng SJC ngày 11/05/2018,https://giavang.org/trong-nuoc/sjc/lich-su/2018-05-11.html,3216
Lịch sử giá vàng SJC ngày 12/05/2018,https://giavang.org/trong-nuoc/sjc/lich-su/2018-05-12.html,3217
Lịch sử giá vàng SJC ngày 13/05/2018,https://giavang.org/trong-nuoc/sjc/lich-su/2018-05-13.html,3218
Lịch sử giá vàng SJC ngày 14/05/2018,https://giavang.org/trong-nuoc/sjc/lich-su/2018-05-14.html,3219
Lịch sử giá vàng SJC ngày 15/05/2018,https://giavang.org/trong-nuoc/sjc/lich-su/2018-05-15.html,3220
Lịch sử giá vàng SJC ngày 16/05/2018,https://giavang.org/trong-nuoc/sjc/lich-su/2018-05-16.html,3221
Lịch sử giá vàng SJC ngày 17/05/2018,https://giavang.org/trong-nuoc/sjc/lich-su/2018-05-17.html,3222
Lịch sử giá vàng SJC ngày 18/05/2018,https://giavang.org/trong-nuoc/sjc/lich-su/2018-05-18.html,3223
Lịch sử giá vàng SJC ngày 19/05/2018,https://giavang.org/trong-nuoc/sjc/lich-su/2018-05-19.html,3224
Lịch sử giá vàng SJC ngày 20/05/2018,https://giavang.org/trong-nuoc/sjc/lich-su/2018-05-20.html,3225
Lịch sử giá vàng SJC ngày 21/05/2018,https://giavang.org/trong-nuoc/sjc/lich-su/2018-05-21.html,3226
Lịch sử giá vàng SJC ngày 22/05/2018,https://giavang.org/trong-nuoc/sjc/lich-su/2018-05-22.html,3227
Lịch sử giá vàng SJC ngày 23/05/2018,https://giavang.org/trong-nuoc/sjc/lich-su/2018-05-23.html,3228
Lịch sử giá vàng SJC ngày 24/05/2018,https://giavang.org/trong-nuoc/sjc/lich-su/2018-05-24.html,3229
Lịch sử giá vàng SJC ngày 25/05/2018,https://giavang.org/trong-nuoc/sjc/lich-su/2018-05-25.html,3230
Lịch sử giá vàng SJC ngày 26/05/2018,https://giavang.org/trong-nuoc/sjc/lich-su/2018-05-26.html,3231
Lịch sử giá vàng SJC ngày 27/05/2018,https://giavang.org/trong-nuoc/sjc/lich-su/2018-05-27.html,3232
Lịch sử giá vàng SJC ngày 28/05/2018,https://giavang.org/trong-nuoc/sjc/lich-su/2018-05-28.html,3233
Lịch sử giá vàng SJC ngày 29/05/2018,https://giavang.org/trong-nuoc/sjc/lich-su/2018-05-29.html,3234
Lịch sử giá vàng SJC ngày 30/05/2018,https://giavang.org/trong-nuoc/sjc/lich-su/2018-05-30.html,3235
Lịch sử giá vàng SJC ngày 31/05/2018,https://giavang.org/trong-nuoc/sjc/lich-su/2018-05-31.html,3236
Lịch sử giá vàng SJC ngày 01/06/2018,https://giavang.org/trong-nuoc/sjc/lich-su/2018-06-01.html,3237
Lịch sử giá vàng SJC ngày 02/06/2018,https://giavang.org/trong-nuoc/sjc/lich-su/2018-06-02.html,3238
Lịch sử giá vàng SJC ngày 03/06/2018,https://giavang.org/trong-nuoc/sjc/lich-su/2018-06-03.html,3239
Lịch sử giá vàng SJC ngày 04/06/2018,https://giavang.org/trong-nuoc/sjc/lich-su/2018-06-04.html,3240
Lịch sử giá vàng SJC ngày 05/06/2018,https://giavang.org/trong-nuoc/sjc/lich-su/2018-06-05.html,3241
Lịch sử giá vàng SJC ngày 06/06/2018,https://giavang.org/trong-nuoc/sjc/lich-su/2018-06-06.html,3242
Lịch sử giá vàng SJC ngày 07/06/2018,https://giavang.org/trong-nuoc/sjc/lich-su/2018-06-07.html,3243
Lịch sử giá vàng SJC ngày 08/06/2018,https://giavang.org/trong-nuoc/sjc/lich-su/2018-06-08.html,3244
Lịch sử giá vàng SJC ngày 09/06/2018,https://giavang.org/trong-nuoc/sjc/lich-su/2018-06-09.html,3245
Lịch sử giá vàng SJC ngày 10/06/2018,https://giavang.org/trong-nuoc/sjc/lich-su/2018-06-10.html,3246
Lịch sử giá vàng SJC ngày 11/06/2018,https://giavang.org/trong-nuoc/sjc/lich-su/2018-06-11.html,3247
Lịch sử giá vàng SJC ngày 12/06/2018,https://giavang.org/trong-nuoc/sjc/lich-su/2018-06-12.html,3248
Lịch sử giá vàng SJC ngày 13/06/2018,https://giavang.org/trong-nuoc/sjc/lich-su/2018-06-13.html,3249
Lịch sử giá vàng SJC ngày 14/06/2018,https://giavang.org/trong-nuoc/sjc/lich-su/2018-06-14.html,3250
Lịch sử giá vàng SJC ngày 15/06/2018,https://giavang.org/trong-nuoc/sjc/lich-su/2018-06-15.html,3251
Lịch sử giá vàng SJC ngày 16/06/2018,https://giavang.org/trong-nuoc/sjc/lich-su/2018-06-16.html,3252
Lịch sử giá vàng SJC ngày 17/06/2018,https://giavang.org/trong-nuoc/sjc/lich-su/2018-06-17.html,3253
Lịch sử giá vàng SJC ngày 18/06/2018,https://giavang.org/trong-nuoc/sjc/lich-su/2018-06-18.html,3254
Lịch sử giá vàng SJC ngày 19/06/2018,https://giavang.org/trong-nuoc/sjc/lich-su/2018-06-19.html,3255
Lịch sử giá vàng SJC ngày 20/06/2018,https://giavang.org/trong-nuoc/sjc/lich-su/2018-06-20.html,3256
Lịch sử giá vàng SJC ngày 21/06/2018,https://giavang.org/trong-nuoc/sjc/lich-su/2018-06-21.html,3257
Lịch sử giá vàng SJC ngày 22/06/2018,https://giavang.org/trong-nuoc/sjc/lich-su/2018-06-22.html,3258
Lịch sử giá vàng SJC ngày 23/06/2018,https://giavang.org/trong-nuoc/sjc/lich-su/2018-06-23.html,3259
Lịch sử giá vàng SJC ngày 24/06/2018,https://giavang.org/trong-nuoc/sjc/lich-su/2018-06-24.html,3260
Lịch sử giá vàng SJC ngày 25/06/2018,https://giavang.org/trong-nuoc/sjc/lich-su/2018-06-25.html,3261
Lịch sử giá vàng SJC ngày 26/06/2018,https://giavang.org/trong-nuoc/sjc/lich-su/2018-06-26.html,3262
Lịch sử giá vàng SJC ngày 27/06/2018,https://giavang.org/trong-nuoc/sjc/lich-su/2018-06-27.html,3263
Lịch sử giá vàng SJC ngày 28/06/2018,https://giavang.org/trong-nuoc/sjc/lich-su/2018-06-28.html,3264
Lịch sử giá vàng SJC ngày 29/06/2018,https://giavang.org/trong-nuoc/sjc/lich-su/2018-06-29.html,3265
Lịch sử giá vàng SJC ngày 30/06/2018,https://giavang.org/trong-nuoc/sjc/lich-su/2018-06-30.html,3266
Lịch sử giá vàng SJC ngày 01/07/2018,https://giavang.org/trong-nuoc/sjc/lich-su/2018-07-01.html,3267
Lịch sử giá vàng SJC ngày 02/07/2018,https://giavang.org/trong-nuoc/sjc/lich-su/2018-07-02.html,3268
Lịch sử giá vàng SJC ngày 03/07/2018,https://giavang.org/trong-nuoc/sjc/lich-su/2018-07-03.html,3269
Lịch sử giá vàng SJC ngày 04/07/2018,https://giavang.org/trong-nuoc/sjc/lich-su/2018-07-04.html,3270
Lịch sử giá vàng SJC ngày 05/07/2018,https://giavang.org/trong-nuoc/sjc/lich-su/2018-07-05.html,3271
Lịch sử giá vàng SJC ngày 06/07/2018,https://giavang.org/trong-nuoc/sjc/lich-su/2018-07-06.html,3272
Lịch sử giá vàng SJC ngày 07/07/2018,https://giavang.org/trong-nuoc/sjc/lich-su/2018-07-07.html,3273
Lịch sử giá vàng SJC ngày 08/07/2018,https://giavang.org/trong-nuoc/sjc/lich-su/2018-07-08.html,3274
Lịch sử giá vàng SJC ngày 09/07/2018,https://giavang.org/trong-nuoc/sjc/lich-su/2018-07-09.html,3275
Lịch sử giá vàng SJC ngày 10/07/2018,https://giavang.org/trong-nuoc/sjc/lich-su/2018-07-10.html,3276
Lịch sử giá vàng SJC ngày 11/07/2018,https://giavang.org/trong-nuoc/sjc/lich-su/2018-07-11.html,3277
Lịch sử giá vàng SJC ngày 12/07/2018,https://giavang.org/trong-nuoc/sjc/lich-su/2018-07-12.html,3278
Lịch sử giá vàng SJC ngày 13/07/2018,https://giavang.org/trong-nuoc/sjc/lich-su/2018-07-13.html,3279
Lịch sử giá vàng SJC ngày 14/07/2018,https://giavang.org/trong-nuoc/sjc/lich-su/2018-07-14.html,3280
Lịch sử giá vàng SJC ngày 15/07/2018,https://giavang.org/trong-nuoc/sjc/lich-su/2018-07-15.html,3281
Lịch sử giá vàng SJC ngày 16/07/2018,https://giavang.org/trong-nuoc/sjc/lich-su/2018-07-16.html,3282
Lịch sử giá vàng SJC ngày 17/07/2018,https://giavang.org/trong-nuoc/sjc/lich-su/2018-07-17.html,3283
Lịch sử giá vàng SJC ngày 18/07/2018,https://giavang.org/trong-nuoc/sjc/lich-su/2018-07-18.html,3284
Lịch sử giá vàng SJC ngày 19/07/2018,https://giavang.org/trong-nuoc/sjc/lich-su/2018-07-19.html,3285
Lịch sử giá vàng SJC ngày 20/07/2018,https://giavang.org/trong-nuoc/sjc/lich-su/2018-07-20.html,3286
Lịch sử giá vàng SJC ngày 21/07/2018,https://giavang.org/trong-nuoc/sjc/lich-su/2018-07-21.html,3287
Lịch sử giá vàng SJC ngày 22/07/2018,https://giavang.org/trong-nuoc/sjc/lich-su/2018-07-22.html,3288
Lịch sử giá vàng SJC ngày 23/07/2018,https://giavang.org/trong-nuoc/sjc/lich-su/2018-07-23.html,3289
Lịch sử giá vàng SJC ngày 24/07/2018,https://giavang.org/trong-nuoc/sjc/lich-su/2018-07-24.html,3290
Lịch sử giá vàng SJC ngày 25/07/2018,https://giavang.org/trong-nuoc/sjc/lich-su/2018-07-25.html,3291
Lịch sử giá vàng SJC ngày 26/07/2018,https://giavang.org/trong-nuoc/sjc/lich-su/2018-07-26.html,3292
Lịch sử giá vàng SJC ngày 27/07/2018,https://giavang.org/trong-nuoc/sjc/lich-su/2018-07-27.html,3293
Lịch sử giá vàng SJC ngày 28/07/2018,https://giavang.org/trong-nuoc/sjc/lich-su/2018-07-28.html,3294
Lịch sử giá vàng SJC ngày 29/07/2018,https://giavang.org/trong-nuoc/sjc/lich-su/2018-07-29.html,3295
Lịch sử giá vàng SJC ngày 30/07/2018,https://giavang.org/trong-nuoc/sjc/lich-su/2018-07-30.html,3296
Lịch sử giá vàng SJC ngày 31/07/2018,https://giavang.org/trong-nuoc/sjc/lich-su/2018-07-31.html,3297
Lịch sử giá vàng SJC ngày 01/08/2018,https://giavang.org/trong-nuoc/sjc/lich-su/2018-08-01.html,3298
Lịch sử giá vàng SJC ngày 02/08/2018,https://giavang.org/trong-nuoc/sjc/lich-su/2018-08-02.html,3299
Lịch sử giá vàng SJC ngày 03/08/2018,https://giavang.org/trong-nuoc/sjc/lich-su/2018-08-03.html,3300
Lịch sử giá vàng SJC ngày 04/08/2018,https://giavang.org/trong-nuoc/sjc/lich-su/2018-08-04.html,3301
Lịch sử giá vàng SJC ngày 05/08/2018,https://giavang.org/trong-nuoc/sjc/lich-su/2018-08-05.html,3302
Lịch sử giá vàng SJC ngày 06/08/2018,https://giavang.org/trong-nuoc/sjc/lich-su/2018-08-06.html,3303
Lịch sử giá vàng SJC ngày 07/08/2018,https://giavang.org/trong-nuoc/sjc/lich-su/2018-08-07.html,3304
Lịch sử giá vàng SJC ngày 08/08/2018,https://giavang.org/trong-nuoc/sjc/lich-su/2018-08-08.html,3305
Lịch sử giá vàng SJC ngày 09/08/2018,https://giavang.org/trong-nuoc/sjc/lich-su/2018-08-09.html,3306
Lịch sử giá vàng SJC ngày 10/08/2018,https://giavang.org/trong-nuoc/sjc/lich-su/2018-08-10.html,3307
Lịch sử giá vàng SJC ngày 11/08/2018,https://giavang.org/trong-nuoc/sjc/lich-su/2018-08-11.html,3308
Lịch sử giá vàng SJC ngày 12/08/2018,https://giavang.org/trong-nuoc/sjc/lich-su/2018-08-12.html,3309
Lịch sử giá vàng SJC ngày 13/08/2018,https://giavang.org/trong-nuoc/sjc/lich-su/2018-08-13.html,3310
Lịch sử giá vàng SJC ngày 14/08/2018,https://giavang.org/trong-nuoc/sjc/lich-su/2018-08-14.html,3311
Lịch sử giá vàng SJC ngày 15/08/2018,https://giavang.org/trong-nuoc/sjc/lich-su/2018-08-15.html,3312
Lịch sử giá vàng SJC ngày 16/08/2018,https://giavang.org/trong-nuoc/sjc/lich-su/2018-08-16.html,3313
Lịch sử giá vàng SJC ngày 17/08/2018,https://giavang.org/trong-nuoc/sjc/lich-su/2018-08-17.html,3314
Lịch sử giá vàng SJC ngày 18/08/2018,https://giavang.org/trong-nuoc/sjc/lich-su/2018-08-18.html,3315
Lịch sử giá vàng SJC ngày 19/08/2018,https://giavang.org/trong-nuoc/sjc/lich-su/2018-08-19.html,3316
Lịch sử giá vàng SJC ngày 20/08/2018,https://giavang.org/trong-nuoc/sjc/lich-su/2018-08-20.html,3317
Lịch sử giá vàng SJC ngày 21/08/2018,https://giavang.org/trong-nuoc/sjc/lich-su/2018-08-21.html,3318
Lịch sử giá vàng SJC ngày 22/08/2018,https://giavang.org/trong-nuoc/sjc/lich-su/2018-08-22.html,3319
Lịch sử giá vàng SJC ngày 23/08/2018,https://giavang.org/trong-nuoc/sjc/lich-su/2018-08-23.html,3320
Lịch sử giá vàng SJC ngày 24/08/2018,https://giavang.org/trong-nuoc/sjc/lich-su/2018-08-24.html,3321
Lịch sử giá vàng SJC ngày 25/08/2018,https://giavang.org/trong-nuoc/sjc/lich-su/2018-08-25.html,3322
Lịch sử giá vàng SJC ngày 26/08/2018,https://giavang.org/trong-nuoc/sjc/lich-su/2018-08-26.html,3323
Lịch sử giá vàng SJC ngày 27/08/2018,https://giavang.org/trong-nuoc/sjc/lich-su/2018-08-27.html,3324
Lịch sử giá vàng SJC ngày 28/08/2018,https://giavang.org/trong-nuoc/sjc/lich-su/2018-08-28.html,3325
Lịch sử giá vàng SJC ngày 29/08/2018,https://giavang.org/trong-nuoc/sjc/lich-su/2018-08-29.html,3326
Lịch sử giá vàng SJC ngày 30/08/2018,https://giavang.org/trong-nuoc/sjc/lich-su/2018-08-30.html,3327
Lịch sử giá vàng SJC ngày 31/08/2018,https://giavang.org/trong-nuoc/sjc/lich-su/2018-08-31.html,3328
Lịch sử giá vàng SJC ngày 01/09/2018,https://giavang.org/trong-nuoc/sjc/lich-su/2018-09-01.html,3329
Lịch sử giá vàng SJC ngày 02/09/2018,https://giavang.org/trong-nuoc/sjc/lich-su/2018-09-02.html,3330
Lịch sử giá vàng SJC ngày 03/09/2018,https://giavang.org/trong-nuoc/sjc/lich-su/2018-09-03.html,3331
Lịch sử giá vàng SJC ngày 04/09/2018,https://giavang.org/trong-nuoc/sjc/lich-su/2018-09-04.html,3332
Lịch sử giá vàng SJC ngày 05/09/2018,https://giavang.org/trong-nuoc/sjc/lich-su/2018-09-05.html,3333
Lịch sử giá vàng SJC ngày 06/09/2018,https://giavang.org/trong-nuoc/sjc/lich-su/2018-09-06.html,3334
Lịch sử giá vàng SJC ngày 07/09/2018,https://giavang.org/trong-nuoc/sjc/lich-su/2018-09-07.html,3335
Lịch sử giá vàng SJC ngày 08/09/2018,https://giavang.org/trong-nuoc/sjc/lich-su/2018-09-08.html,3336
Lịch sử giá vàng SJC ngày 09/09/2018,https://giavang.org/trong-nuoc/sjc/lich-su/2018-09-09.html,3337
Lịch sử giá vàng SJC ngày 10/09/2018,https://giavang.org/trong-nuoc/sjc/lich-su/2018-09-10.html,3338
Lịch sử giá vàng SJC ngày 11/09/2018,https://giavang.org/trong-nuoc/sjc/lich-su/2018-09-11.html,3339
Lịch sử giá vàng SJC ngày 12/09/2018,https://giavang.org/trong-nuoc/sjc/lich-su/2018-09-12.html,3340
Lịch sử giá vàng SJC ngày 13/09/2018,https://giavang.org/trong-nuoc/sjc/lich-su/2018-09-13.html,3341
Lịch sử giá vàng SJC ngày 14/09/2018,https://giavang.org/trong-nuoc/sjc/lich-su/2018-09-14.html,3342
Lịch sử giá vàng SJC ngày 15/09/2018,https://giavang.org/trong-nuoc/sjc/lich-su/2018-09-15.html,3343
Lịch sử giá vàng SJC ngày 16/09/2018,https://giavang.org/trong-nuoc/sjc/lich-su/2018-09-16.html,3344
Lịch sử giá vàng SJC ngày 17/09/2018,https://giavang.org/trong-nuoc/sjc/lich-su/2018-09-17.html,3345
Lịch sử giá vàng SJC ngày 18/09/2018,https://giavang.org/trong-nuoc/sjc/lich-su/2018-09-18.html,3346
Lịch sử giá vàng SJC ngày 19/09/2018,https://giavang.org/trong-nuoc/sjc/lich-su/2018-09-19.html,3347
Lịch sử giá vàng SJC ngày 20/09/2018,https://giavang.org/trong-nuoc/sjc/lich-su/2018-09-20.html,3348
Lịch sử giá vàng SJC ngày 21/09/2018,https://giavang.org/trong-nuoc/sjc/lich-su/2018-09-21.html,3349
Lịch sử giá vàng SJC ngày 22/09/2018,https://giavang.org/trong-nuoc/sjc/lich-su/2018-09-22.html,3350
Lịch sử giá vàng SJC ngày 23/09/2018,https://giavang.org/trong-nuoc/sjc/lich-su/2018-09-23.html,3351
Lịch sử giá vàng SJC ngày 24/09/2018,https://giavang.org/trong-nuoc/sjc/lich-su/2018-09-24.html,3352
Lịch sử giá vàng SJC ngày 25/09/2018,https://giavang.org/trong-nuoc/sjc/lich-su/2018-09-25.html,3353
Lịch sử giá vàng SJC ngày 26/09/2018,https://giavang.org/trong-nuoc/sjc/lich-su/2018-09-26.html,3354
Lịch sử giá vàng SJC ngày 27/09/2018,https://giavang.org/trong-nuoc/sjc/lich-su/2018-09-27.html,3355
Lịch sử giá vàng SJC ngày 28/09/2018,https://giavang.org/trong-nuoc/sjc/lich-su/2018-09-28.html,3356
Lịch sử giá vàng SJC ngày 29/09/2018,https://giavang.org/trong-nuoc/sjc/lich-su/2018-09-29.html,3357
Lịch sử giá vàng SJC ngày 30/09/2018,https://giavang.org/trong-nuoc/sjc/lich-su/2018-09-30.html,3358
Lịch sử giá vàng SJC ngày 01/10/2018,https://giavang.org/trong-nuoc/sjc/lich-su/2018-10-01.html,3359
Lịch sử giá vàng SJC ngày 02/10/2018,https://giavang.org/trong-nuoc/sjc/lich-su/2018-10-02.html,3360
Lịch sử giá vàng SJC ngày 03/10/2018,https://giavang.org/trong-nuoc/sjc/lich-su/2018-10-03.html,3361
Lịch sử giá vàng SJC ngày 04/10/2018,https://giavang.org/trong-nuoc/sjc/lich-su/2018-10-04.html,3362
Lịch sử giá vàng SJC ngày 05/10/2018,https://giavang.org/trong-nuoc/sjc/lich-su/2018-10-05.html,3363
Lịch sử giá vàng SJC ngày 06/10/2018,https://giavang.org/trong-nuoc/sjc/lich-su/2018-10-06.html,3364
Lịch sử giá vàng SJC ngày 07/10/2018,https://giavang.org/trong-nuoc/sjc/lich-su/2018-10-07.html,3365
Lịch sử giá vàng SJC ngày 08/10/2018,https://giavang.org/trong-nuoc/sjc/lich-su/2018-10-08.html,3366
Lịch sử giá vàng SJC ngày 09/10/2018,https://giavang.org/trong-nuoc/sjc/lich-su/2018-10-09.html,3367
Lịch sử giá vàng SJC ngày 10/10/2018,https://giavang.org/trong-nuoc/sjc/lich-su/2018-10-10.html,3368
Lịch sử giá vàng SJC ngày 11/10/2018,https://giavang.org/trong-nuoc/sjc/lich-su/2018-10-11.html,3369
Lịch sử giá vàng SJC ngày 12/10/2018,https://giavang.org/trong-nuoc/sjc/lich-su/2018-10-12.html,3370
Lịch sử giá vàng SJC ngày 13/10/2018,https://giavang.org/trong-nuoc/sjc/lich-su/2018-10-13.html,3371
Lịch sử giá vàng SJC ngày 14/10/2018,https://giavang.org/trong-nuoc/sjc/lich-su/2018-10-14.html,3372
Lịch sử giá vàng SJC ngày 15/10/2018,https://giavang.org/trong-nuoc/sjc/lich-su/2018-10-15.html,3373
Lịch sử giá vàng SJC ngày 16/10/2018,https://giavang.org/trong-nuoc/sjc/lich-su/2018-10-16.html,3374
Lịch sử giá vàng SJC ngày 17/10/2018,https://giavang.org/trong-nuoc/sjc/lich-su/2018-10-17.html,3375
Lịch sử giá vàng SJC ngày 18/10/2018,https://giavang.org/trong-nuoc/sjc/lich-su/2018-10-18.html,3376
Lịch sử giá vàng SJC ngày 19/10/2018,https://giavang.org/trong-nuoc/sjc/lich-su/2018-10-19.html,3377
Lịch sử giá vàng SJC ngày 20/10/2018,https://giavang.org/trong-nuoc/sjc/lich-su/2018-10-20.html,3378
Lịch sử giá vàng SJC ngày 21/10/2018,https://giavang.org/trong-nuoc/sjc/lich-su/2018-10-21.html,3379
Lịch sử giá vàng SJC ngày 22/10/2018,https://giavang.org/trong-nuoc/sjc/lich-su/2018-10-22.html,3380
Lịch sử giá vàng SJC ngày 23/10/2018,https://giavang.org/trong-nuoc/sjc/lich-su/2018-10-23.html,3381
Lịch sử giá vàng SJC ngày 24/10/2018,https://giavang.org/trong-nuoc/sjc/lich-su/2018-10-24.html,3382
Lịch sử giá vàng SJC ngày 25/10/2018,https://giavang.org/trong-nuoc/sjc/lich-su/2018-10-25.html,3383
Lịch sử giá vàng SJC ngày 26/10/2018,https://giavang.org/trong-nuoc/sjc/lich-su/2018-10-26.html,3384
Lịch sử giá vàng SJC ngày 27/10/2018,https://giavang.org/trong-nuoc/sjc/lich-su/2018-10-27.html,3385
Lịch sử giá vàng SJC ngày 28/10/2018,https://giavang.org/trong-nuoc/sjc/lich-su/2018-10-28.html,3386
Lịch sử giá vàng SJC ngày 29/10/2018,https://giavang.org/trong-nuoc/sjc/lich-su/2018-10-29.html,3387
Lịch sử giá vàng SJC ngày 30/10/2018,https://giavang.org/trong-nuoc/sjc/lich-su/2018-10-30.html,3388
Lịch sử giá vàng SJC ngày 31/10/2018,https://giavang.org/trong-nuoc/sjc/lich-su/2018-10-31.html,3389
Lịch sử giá vàng SJC ngày 01/11/2018,https://giavang.org/trong-nuoc/sjc/lich-su/2018-11-01.html,3390
Lịch sử giá vàng SJC ngày 02/11/2018,https://giavang.org/trong-nuoc/sjc/lich-su/2018-11-02.html,3391
Lịch sử giá vàng SJC ngày 03/11/2018,https://giavang.org/trong-nuoc/sjc/lich-su/2018-11-03.html,3392
Lịch sử giá vàng SJC ngày 04/11/2018,https://giavang.org/trong-nuoc/sjc/lich-su/2018-11-04.html,3393
Lịch sử giá vàng SJC ngày 05/11/2018,https://giavang.org/trong-nuoc/sjc/lich-su/2018-11-05.html,3394
Lịch sử giá vàng SJC ngày 06/11/2018,https://giavang.org/trong-nuoc/sjc/lich-su/2018-11-06.html,3395
Lịch sử giá vàng SJC ngày 07/11/2018,https://giavang.org/trong-nuoc/sjc/lich-su/2018-11-07.html,3396
Lịch sử giá vàng SJC ngày 08/11/2018,https://giavang.org/trong-nuoc/sjc/lich-su/2018-11-08.html,3397
Lịch sử giá vàng SJC ngày 09/11/2018,https://giavang.org/trong-nuoc/sjc/lich-su/2018-11-09.html,3398
Lịch sử giá vàng SJC ngày 10/11/2018,https://giavang.org/trong-nuoc/sjc/lich-su/2018-11-10.html,3399
Lịch sử giá vàng SJC ngày 11/11/2018,https://giavang.org/trong-nuoc/sjc/lich-su/2018-11-11.html,3400
Lịch sử giá vàng SJC ngày 12/11/2018,https://giavang.org/trong-nuoc/sjc/lich-su/2018-11-12.html,3401
Lịch sử giá vàng SJC ngày 13/11/2018,https://giavang.org/trong-nuoc/sjc/lich-su/2018-11-13.html,3402
Lịch sử giá vàng SJC ngày 14/11/2018,https://giavang.org/trong-nuoc/sjc/lich-su/2018-11-14.html,3403
Lịch sử giá vàng SJC ngày 15/11/2018,https://giavang.org/trong-nuoc/sjc/lich-su/2018-11-15.html,3404
Lịch sử giá vàng SJC ngày 16/11/2018,https://giavang.org/trong-nuoc/sjc/lich-su/2018-11-16.html,3405
Lịch sử giá vàng SJC ngày 17/11/2018,https://giavang.org/trong-nuoc/sjc/lich-su/2018-11-17.html,3406
Lịch sử giá vàng SJC ngày 18/11/2018,https://giavang.org/trong-nuoc/sjc/lich-su/2018-11-18.html,3407
Lịch sử giá vàng SJC ngày 19/11/2018,https://giavang.org/trong-nuoc/sjc/lich-su/2018-11-19.html,3408
Lịch sử giá vàng SJC ngày 20/11/2018,https://giavang.org/trong-nuoc/sjc/lich-su/2018-11-20.html,3409
Lịch sử giá vàng SJC ngày 21/11/2018,https://giavang.org/trong-nuoc/sjc/lich-su/2018-11-21.html,3410
Lịch sử giá vàng SJC ngày 22/11/2018,https://giavang.org/trong-nuoc/sjc/lich-su/2018-11-22.html,3411
Lịch sử giá vàng SJC ngày 23/11/2018,https://giavang.org/trong-nuoc/sjc/lich-su/2018-11-23.html,3412
Lịch sử giá vàng SJC ngày 24/11/2018,https://giavang.org/trong-nuoc/sjc/lich-su/2018-11-24.html,3413
Lịch sử giá vàng SJC ngày 25/11/2018,https://giavang.org/trong-nuoc/sjc/lich-su/2018-11-25.html,3414
Lịch sử giá vàng SJC ngày 26/11/2018,https://giavang.org/trong-nuoc/sjc/lich-su/2018-11-26.html,3415
Lịch sử giá vàng SJC ngày 27/11/2018,https://giavang.org/trong-nuoc/sjc/lich-su/2018-11-27.html,3416
Lịch sử giá vàng SJC ngày 28/11/2018,https://giavang.org/trong-nuoc/sjc/lich-su/2018-11-28.html,3417
Lịch sử giá vàng SJC ngày 29/11/2018,https://giavang.org/trong-nuoc/sjc/lich-su/2018-11-29.html,3418
Lịch sử giá vàng SJC ngày 30/11/2018,https://giavang.org/trong-nuoc/sjc/lich-su/2018-11-30.html,3419
Lịch sử giá vàng SJC ngày 01/12/2018,https://giavang.org/trong-nuoc/sjc/lich-su/2018-12-01.html,3420
Lịch sử giá vàng SJC ngày 02/12/2018,https://giavang.org/trong-nuoc/sjc/lich-su/2018-12-02.html,3421
Lịch sử giá vàng SJC ngày 03/12/2018,https://giavang.org/trong-nuoc/sjc/lich-su/2018-12-03.html,3422
Lịch sử giá vàng SJC ngày 04/12/2018,https://giavang.org/trong-nuoc/sjc/lich-su/2018-12-04.html,3423
Lịch sử giá vàng SJC ngày 05/12/2018,https://giavang.org/trong-nuoc/sjc/lich-su/2018-12-05.html,3424
Lịch sử giá vàng SJC ngày 06/12/2018,https://giavang.org/trong-nuoc/sjc/lich-su/2018-12-06.html,3425
Lịch sử giá vàng SJC ngày 07/12/2018,https://giavang.org/trong-nuoc/sjc/lich-su/2018-12-07.html,3426
Lịch sử giá vàng SJC ngày 08/12/2018,https://giavang.org/trong-nuoc/sjc/lich-su/2018-12-08.html,3427
Lịch sử giá vàng SJC ngày 09/12/2018,https://giavang.org/trong-nuoc/sjc/lich-su/2018-12-09.html,3428
Lịch sử giá vàng SJC ngày 10/12/2018,https://giavang.org/trong-nuoc/sjc/lich-su/2018-12-10.html,3429
Lịch sử giá vàng SJC ngày 11/12/2018,https://giavang.org/trong-nuoc/sjc/lich-su/2018-12-11.html,3430
Lịch sử giá vàng SJC ngày 12/12/2018,https://giavang.org/trong-nuoc/sjc/lich-su/2018-12-12.html,3431
Lịch sử giá vàng SJC ngày 13/12/2018,https://giavang.org/trong-nuoc/sjc/lich-su/2018-12-13.html,3432
Lịch sử giá vàng SJC ngày 14/12/2018,https://giavang.org/trong-nuoc/sjc/lich-su/2018-12-14.html,3433
Lịch sử giá vàng SJC ngày 15/12/2018,https://giavang.org/trong-nuoc/sjc/lich-su/2018-12-15.html,3434
Lịch sử giá vàng SJC ngày 16/12/2018,https://giavang.org/trong-nuoc/sjc/lich-su/2018-12-16.html,3435
Lịch sử giá vàng SJC ngày 17/12/2018,https://giavang.org/trong-nuoc/sjc/lich-su/2018-12-17.html,3436
Lịch sử giá vàng SJC ngày 18/12/2018,https://giavang.org/trong-nuoc/sjc/lich-su/2018-12-18.html,3437
Lịch sử giá vàng SJC ngày 19/12/2018,https://giavang.org/trong-nuoc/sjc/lich-su/2018-12-19.html,3438
Lịch sử giá vàng SJC ngày 20/12/2018,https://giavang.org/trong-nuoc/sjc/lich-su/2018-12-20.html,3439
Lịch sử giá vàng SJC ngày 21/12/2018,https://giavang.org/trong-nuoc/sjc/lich-su/2018-12-21.html,3440
Lịch sử giá vàng SJC ngày 22/12/2018,https://giavang.org/trong-nuoc/sjc/lich-su/2018-12-22.html,3441
Lịch sử giá vàng SJC ngày 23/12/2018,https://giavang.org/trong-nuoc/sjc/lich-su/2018-12-23.html,3442
Lịch sử giá vàng SJC ngày 24/12/2018,https://giavang.org/trong-nuoc/sjc/lich-su/2018-12-24.html,3443
Lịch sử giá vàng SJC ngày 25/12/2018,https://giavang.org/trong-nuoc/sjc/lich-su/2018-12-25.html,3444
Lịch sử giá vàng SJC ngày 26/12/2018,https://giavang.org/trong-nuoc/sjc/lich-su/2018-12-26.html,3445
Lịch sử giá vàng SJC ngày 27/12/2018,https://giavang.org/trong-nuoc/sjc/lich-su/2018-12-27.html,3446
Lịch sử giá vàng SJC ngày 28/12/2018,https://giavang.org/trong-nuoc/sjc/lich-su/2018-12-28.html,3447
Lịch sử giá vàng SJC ngày 29/12/2018,https://giavang.org/trong-nuoc/sjc/lich-su/2018-12-29.html,3448
Lịch sử giá vàng SJC ngày 30/12/2018,https://giavang.org/trong-nuoc/sjc/lich-su/2018-12-30.html,3449
Lịch sử giá vàng SJC ngày 31/12/2018,https://giavang.org/trong-nuoc/sjc/lich-su/2018-12-31.html,3450
Lịch sử giá vàng SJC ngày 01/01/2019,https://giavang.org/trong-nuoc/sjc/lich-su/2019-01-01.html,3451
Lịch sử giá vàng SJC ngày 02/01/2019,https://giavang.org/trong-nuoc/sjc/lich-su/2019-01-02.html,3452
Lịch sử giá vàng SJC ngày 03/01/2019,https://giavang.org/trong-nuoc/sjc/lich-su/2019-01-03.html,3453
Lịch sử giá vàng SJC ngày 04/01/2019,https://giavang.org/trong-nuoc/sjc/lich-su/2019-01-04.html,3454
Lịch sử giá vàng SJC ngày 05/01/2019,https://giavang.org/trong-nuoc/sjc/lich-su/2019-01-05.html,3455
Lịch sử giá vàng SJC ngày 06/01/2019,https://giavang.org/trong-nuoc/sjc/lich-su/2019-01-06.html,3456
Lịch sử giá vàng SJC ngày 07/01/2019,https://giavang.org/trong-nuoc/sjc/lich-su/2019-01-07.html,3457
Lịch sử giá vàng SJC ngày 08/01/2019,https://giavang.org/trong-nuoc/sjc/lich-su/2019-01-08.html,3458
Lịch sử giá vàng SJC ngày 09/01/2019,https://giavang.org/trong-nuoc/sjc/lich-su/2019-01-09.html,3459
Lịch sử giá vàng SJC ngày 10/01/2019,https://giavang.org/trong-nuoc/sjc/lich-su/2019-01-10.html,3460
Lịch sử giá vàng SJC ngày 11/01/2019,https://giavang.org/trong-nuoc/sjc/lich-su/2019-01-11.html,3461
Lịch sử giá vàng SJC ngày 12/01/2019,https://giavang.org/trong-nuoc/sjc/lich-su/2019-01-12.html,3462
Lịch sử giá vàng SJC ngày 13/01/2019,https://giavang.org/trong-nuoc/sjc/lich-su/2019-01-13.html,3463
Lịch sử giá vàng SJC ngày 14/01/2019,https://giavang.org/trong-nuoc/sjc/lich-su/2019-01-14.html,3464
Lịch sử giá vàng SJC ngày 15/01/2019,https://giavang.org/trong-nuoc/sjc/lich-su/2019-01-15.html,3465
Lịch sử giá vàng SJC ngày 16/01/2019,https://giavang.org/trong-nuoc/sjc/lich-su/2019-01-16.html,3466
Lịch sử giá vàng SJC ngày 17/01/2019,https://giavang.org/trong-nuoc/sjc/lich-su/2019-01-17.html,3467
Lịch sử giá vàng SJC ngày 18/01/2019,https://giavang.org/trong-nuoc/sjc/lich-su/2019-01-18.html,3468
Lịch sử giá vàng SJC ngày 19/01/2019,https://giavang.org/trong-nuoc/sjc/lich-su/2019-01-19.html,3469
Lịch sử giá vàng SJC ngày 20/01/2019,https://giavang.org/trong-nuoc/sjc/lich-su/2019-01-20.html,3470
Lịch sử giá vàng SJC ngày 21/01/2019,https://giavang.org/trong-nuoc/sjc/lich-su/2019-01-21.html,3471
Lịch sử giá vàng SJC ngày 22/01/2019,https://giavang.org/trong-nuoc/sjc/lich-su/2019-01-22.html,3472
Lịch sử giá vàng SJC ngày 23/01/2019,https://giavang.org/trong-nuoc/sjc/lich-su/2019-01-23.html,3473
Lịch sử giá vàng SJC ngày 24/01/2019,https://giavang.org/trong-nuoc/sjc/lich-su/2019-01-24.html,3474
Lịch sử giá vàng SJC ngày 25/01/2019,https://giavang.org/trong-nuoc/sjc/lich-su/2019-01-25.html,3475
Lịch sử giá vàng SJC ngày 26/01/2019,https://giavang.org/trong-nuoc/sjc/lich-su/2019-01-26.html,3476
Lịch sử giá vàng SJC ngày 27/01/2019,https://giavang.org/trong-nuoc/sjc/lich-su/2019-01-27.html,3477
Lịch sử giá vàng SJC ngày 28/01/2019,https://giavang.org/trong-nuoc/sjc/lich-su/2019-01-28.html,3478
Lịch sử giá vàng SJC ngày 29/01/2019,https://giavang.org/trong-nuoc/sjc/lich-su/2019-01-29.html,3479
Lịch sử giá vàng SJC ngày 30/01/2019,https://giavang.org/trong-nuoc/sjc/lich-su/2019-01-30.html,3480
Lịch sử giá vàng SJC ngày 31/01/2019,https://giavang.org/trong-nuoc/sjc/lich-su/2019-01-31.html,3481
Lịch sử giá vàng SJC ngày 01/02/2019,https://giavang.org/trong-nuoc/sjc/lich-su/2019-02-01.html,3482
Lịch sử giá vàng SJC ngày 02/02/2019,https://giavang.org/trong-nuoc/sjc/lich-su/2019-02-02.html,3483
Lịch sử giá vàng SJC ngày 03/02/2019,https://giavang.org/trong-nuoc/sjc/lich-su/2019-02-03.html,3484
Lịch sử giá vàng SJC ngày 04/02/2019,https://giavang.org/trong-nuoc/sjc/lich-su/2019-02-04.html,3485
Lịch sử giá vàng SJC ngày 05/02/2019,https://giavang.org/trong-nuoc/sjc/lich-su/2019-02-05.html,3486
Lịch sử giá vàng SJC ngày 06/02/2019,https://giavang.org/trong-nuoc/sjc/lich-su/2019-02-06.html,3487
Lịch sử giá vàng SJC ngày 07/02/2019,https://giavang.org/trong-nuoc/sjc/lich-su/2019-02-07.html,3488
Lịch sử giá vàng SJC ngày 08/02/2019,https://giavang.org/trong-nuoc/sjc/lich-su/2019-02-08.html,3489
Lịch sử giá vàng SJC ngày 09/02/2019,https://giavang.org/trong-nuoc/sjc/lich-su/2019-02-09.html,3490
Lịch sử giá vàng SJC ngày 10/02/2019,https://giavang.org/trong-nuoc/sjc/lich-su/2019-02-10.html,3491
Lịch sử giá vàng SJC ngày 11/02/2019,https://giavang.org/trong-nuoc/sjc/lich-su/2019-02-11.html,3492
Lịch sử giá vàng SJC ngày 12/02/2019,https://giavang.org/trong-nuoc/sjc/lich-su/2019-02-12.html,3493
Lịch sử giá vàng SJC ngày 13/02/2019,https://giavang.org/trong-nuoc/sjc/lich-su/2019-02-13.html,3494
Lịch sử giá vàng SJC ngày 14/02/2019,https://giavang.org/trong-nuoc/sjc/lich-su/2019-02-14.html,3495
Lịch sử giá vàng SJC ngày 15/02/2019,https://giavang.org/trong-nuoc/sjc/lich-su/2019-02-15.html,3496
Lịch sử giá vàng SJC ngày 16/02/2019,https://giavang.org/trong-nuoc/sjc/lich-su/2019-02-16.html,3497
Lịch sử giá vàng SJC ngày 17/02/2019,https://giavang.org/trong-nuoc/sjc/lich-su/2019-02-17.html,3498
Lịch sử giá vàng SJC ngày 18/02/2019,https://giavang.org/trong-nuoc/sjc/lich-su/2019-02-18.html,3499
Lịch sử giá vàng SJC ngày 19/02/2019,https://giavang.org/trong-nuoc/sjc/lich-su/2019-02-19.html,3500
Lịch sử giá vàng SJC ngày 20/02/2019,https://giavang.org/trong-nuoc/sjc/lich-su/2019-02-20.html,3501
Lịch sử giá vàng SJC ngày 21/02/2019,https://giavang.org/trong-nuoc/sjc/lich-su/2019-02-21.html,3502
Lịch sử giá vàng SJC ngày 22/02/2019,https://giavang.org/trong-nuoc/sjc/lich-su/2019-02-22.html,3503
Lịch sử giá vàng SJC ngày 23/02/2019,https://giavang.org/trong-nuoc/sjc/lich-su/2019-02-23.html,3504
Lịch sử giá vàng SJC ngày 24/02/2019,https://giavang.org/trong-nuoc/sjc/lich-su/2019-02-24.html,3505
Lịch sử giá vàng SJC ngày 25/02/2019,https://giavang.org/trong-nuoc/sjc/lich-su/2019-02-25.html,3506
Lịch sử giá vàng SJC ngày 26/02/2019,https://giavang.org/trong-nuoc/sjc/lich-su/2019-02-26.html,3507
Lịch sử giá vàng SJC ngày 27/02/2019,https://giavang.org/trong-nuoc/sjc/lich-su/2019-02-27.html,3508
Lịch sử giá vàng SJC ngày 28/02/2019,https://giavang.org/trong-nuoc/sjc/lich-su/2019-02-28.html,3509
Lịch sử giá vàng SJC ngày 01/03/2019,https://giavang.org/trong-nuoc/sjc/lich-su/2019-03-01.html,3510
Lịch sử giá vàng SJC ngày 02/03/2019,https://giavang.org/trong-nuoc/sjc/lich-su/2019-03-02.html,3511
Lịch sử giá vàng SJC ngày 03/03/2019,https://giavang.org/trong-nuoc/sjc/lich-su/2019-03-03.html,3512
Lịch sử giá vàng SJC ngày 04/03/2019,https://giavang.org/trong-nuoc/sjc/lich-su/2019-03-04.html,3513
Lịch sử giá vàng SJC ngày 05/03/2019,https://giavang.org/trong-nuoc/sjc/lich-su/2019-03-05.html,3514
Lịch sử giá vàng SJC ngày 06/03/2019,https://giavang.org/trong-nuoc/sjc/lich-su/2019-03-06.html,3515
Lịch sử giá vàng SJC ngày 07/03/2019,https://giavang.org/trong-nuoc/sjc/lich-su/2019-03-07.html,3516
Lịch sử giá vàng SJC ngày 08/03/2019,https://giavang.org/trong-nuoc/sjc/lich-su/2019-03-08.html,3517
Lịch sử giá vàng SJC ngày 09/03/2019,https://giavang.org/trong-nuoc/sjc/lich-su/2019-03-09.html,3518
Lịch sử giá vàng SJC ngày 10/03/2019,https://giavang.org/trong-nuoc/sjc/lich-su/2019-03-10.html,3519
Lịch sử giá vàng SJC ngày 11/03/2019,https://giavang.org/trong-nuoc/sjc/lich-su/2019-03-11.html,3520
Lịch sử giá vàng SJC ngày 12/03/2019,https://giavang.org/trong-nuoc/sjc/lich-su/2019-03-12.html,3521
Lịch sử giá vàng SJC ngày 13/03/2019,https://giavang.org/trong-nuoc/sjc/lich-su/2019-03-13.html,3522
Lịch sử giá vàng SJC ngày 14/03/2019,https://giavang.org/trong-nuoc/sjc/lich-su/2019-03-14.html,3523
Lịch sử giá vàng SJC ngày 15/03/2019,https://giavang.org/trong-nuoc/sjc/lich-su/2019-03-15.html,3524
Lịch sử giá vàng SJC ngày 16/03/2019,https://giavang.org/trong-nuoc/sjc/lich-su/2019-03-16.html,3525
Lịch sử giá vàng SJC ngày 17/03/2019,https://giavang.org/trong-nuoc/sjc/lich-su/2019-03-17.html,3526
Lịch sử giá vàng SJC ngày 18/03/2019,https://giavang.org/trong-nuoc/sjc/lich-su/2019-03-18.html,3527
Lịch sử giá vàng SJC ngày 19/03/2019,https://giavang.org/trong-nuoc/sjc/lich-su/2019-03-19.html,3528
Lịch sử giá vàng SJC ngày 20/03/2019,https://giavang.org/trong-nuoc/sjc/lich-su/2019-03-20.html,3529
Lịch sử giá vàng SJC ngày 21/03/2019,https://giavang.org/trong-nuoc/sjc/lich-su/2019-03-21.html,3530
Lịch sử giá vàng SJC ngày 22/03/2019,https://giavang.org/trong-nuoc/sjc/lich-su/2019-03-22.html,3531
Lịch sử giá vàng SJC ngày 23/03/2019,https://giavang.org/trong-nuoc/sjc/lich-su/2019-03-23.html,3532
Lịch sử giá vàng SJC ngày 24/03/2019,https://giavang.org/trong-nuoc/sjc/lich-su/2019-03-24.html,3533
Lịch sử giá vàng SJC ngày 25/03/2019,https://giavang.org/trong-nuoc/sjc/lich-su/2019-03-25.html,3534
Lịch sử giá vàng SJC ngày 26/03/2019,https://giavang.org/trong-nuoc/sjc/lich-su/2019-03-26.html,3535
Lịch sử giá vàng SJC ngày 27/03/2019,https://giavang.org/trong-nuoc/sjc/lich-su/2019-03-27.html,3536
Lịch sử giá vàng SJC ngày 28/03/2019,https://giavang.org/trong-nuoc/sjc/lich-su/2019-03-28.html,3537
Lịch sử giá vàng SJC ngày 29/03/2019,https://giavang.org/trong-nuoc/sjc/lich-su/2019-03-29.html,3538
Lịch sử giá vàng SJC ngày 30/03/2019,https://giavang.org/trong-nuoc/sjc/lich-su/2019-03-30.html,3539
Lịch sử giá vàng SJC ngày 31/03/2019,https://giavang.org/trong-nuoc/sjc/lich-su/2019-03-31.html,3540
Lịch sử giá vàng SJC ngày 01/04/2019,https://giavang.org/trong-nuoc/sjc/lich-su/2019-04-01.html,3541
Lịch sử giá vàng SJC ngày 02/04/2019,https://giavang.org/trong-nuoc/sjc/lich-su/2019-04-02.html,3542
Lịch sử giá vàng SJC ngày 03/04/2019,https://giavang.org/trong-nuoc/sjc/lich-su/2019-04-03.html,3543
Lịch sử giá vàng SJC ngày 04/04/2019,https://giavang.org/trong-nuoc/sjc/lich-su/2019-04-04.html,3544
Lịch sử giá vàng SJC ngày 05/04/2019,https://giavang.org/trong-nuoc/sjc/lich-su/2019-04-05.html,3545
Lịch sử giá vàng SJC ngày 06/04/2019,https://giavang.org/trong-nuoc/sjc/lich-su/2019-04-06.html,3546
Lịch sử giá vàng SJC ngày 07/04/2019,https://giavang.org/trong-nuoc/sjc/lich-su/2019-04-07.html,3547
Lịch sử giá vàng SJC ngày 08/04/2019,https://giavang.org/trong-nuoc/sjc/lich-su/2019-04-08.html,3548
Lịch sử giá vàng SJC ngày 09/04/2019,https://giavang.org/trong-nuoc/sjc/lich-su/2019-04-09.html,3549
Lịch sử giá vàng SJC ngày 10/04/2019,https://giavang.org/trong-nuoc/sjc/lich-su/2019-04-10.html,3550
Lịch sử giá vàng SJC ngày 11/04/2019,https://giavang.org/trong-nuoc/sjc/lich-su/2019-04-11.html,3551
Lịch sử giá vàng SJC ngày 12/04/2019,https://giavang.org/trong-nuoc/sjc/lich-su/2019-04-12.html,3552
Lịch sử giá vàng SJC ngày 13/04/2019,https://giavang.org/trong-nuoc/sjc/lich-su/2019-04-13.html,3553
Lịch sử giá vàng SJC ngày 14/04/2019,https://giavang.org/trong-nuoc/sjc/lich-su/2019-04-14.html,3554
Lịch sử giá vàng SJC ngày 15/04/2019,https://giavang.org/trong-nuoc/sjc/lich-su/2019-04-15.html,3555
Lịch sử giá vàng SJC ngày 16/04/2019,https://giavang.org/trong-nuoc/sjc/lich-su/2019-04-16.html,3556
Lịch sử giá vàng SJC ngày 17/04/2019,https://giavang.org/trong-nuoc/sjc/lich-su/2019-04-17.html,3557
Lịch sử giá vàng SJC ngày 18/04/2019,https://giavang.org/trong-nuoc/sjc/lich-su/2019-04-18.html,3558
Lịch sử giá vàng SJC ngày 19/04/2019,https://giavang.org/trong-nuoc/sjc/lich-su/2019-04-19.html,3559
Lịch sử giá vàng SJC ngày 20/04/2019,https://giavang.org/trong-nuoc/sjc/lich-su/2019-04-20.html,3560
Lịch sử giá vàng SJC ngày 21/04/2019,https://giavang.org/trong-nuoc/sjc/lich-su/2019-04-21.html,3561
Lịch sử giá vàng SJC ngày 22/04/2019,https://giavang.org/trong-nuoc/sjc/lich-su/2019-04-22.html,3562
Lịch sử giá vàng SJC ngày 23/04/2019,https://giavang.org/trong-nuoc/sjc/lich-su/2019-04-23.html,3563
Lịch sử giá vàng SJC ngày 24/04/2019,https://giavang.org/trong-nuoc/sjc/lich-su/2019-04-24.html,3564
Lịch sử giá vàng SJC ngày 25/04/2019,https://giavang.org/trong-nuoc/sjc/lich-su/2019-04-25.html,3565
Lịch sử giá vàng SJC ngày 26/04/2019,https://giavang.org/trong-nuoc/sjc/lich-su/2019-04-26.html,3566
Lịch sử giá vàng SJC ngày 27/04/2019,https://giavang.org/trong-nuoc/sjc/lich-su/2019-04-27.html,3567
Lịch sử giá vàng SJC ngày 28/04/2019,https://giavang.org/trong-nuoc/sjc/lich-su/2019-04-28.html,3568
Lịch sử giá vàng SJC ngày 29/04/2019,https://giavang.org/trong-nuoc/sjc/lich-su/2019-04-29.html,3569
Lịch sử giá vàng SJC ngày 30/04/2019,https://giavang.org/trong-nuoc/sjc/lich-su/2019-04-30.html,3570
Lịch sử giá vàng SJC ngày 01/05/2019,https://giavang.org/trong-nuoc/sjc/lich-su/2019-05-01.html,3571
Lịch sử giá vàng SJC ngày 02/05/2019,https://giavang.org/trong-nuoc/sjc/lich-su/2019-05-02.html,3572
Lịch sử giá vàng SJC ngày 03/05/2019,https://giavang.org/trong-nuoc/sjc/lich-su/2019-05-03.html,3573
Lịch sử giá vàng SJC ngày 04/05/2019,https://giavang.org/trong-nuoc/sjc/lich-su/2019-05-04.html,3574
Lịch sử giá vàng SJC ngày 05/05/2019,https://giavang.org/trong-nuoc/sjc/lich-su/2019-05-05.html,3575
Lịch sử giá vàng SJC ngày 06/05/2019,https://giavang.org/trong-nuoc/sjc/lich-su/2019-05-06.html,3576
Lịch sử giá vàng SJC ngày 07/05/2019,https://giavang.org/trong-nuoc/sjc/lich-su/2019-05-07.html,3577
Lịch sử giá vàng SJC ngày 08/05/2019,https://giavang.org/trong-nuoc/sjc/lich-su/2019-05-08.html,3578
Lịch sử giá vàng SJC ngày 09/05/2019,https://giavang.org/trong-nuoc/sjc/lich-su/2019-05-09.html,3579
Lịch sử giá vàng SJC ngày 10/05/2019,https://giavang.org/trong-nuoc/sjc/lich-su/2019-05-10.html,3580
Lịch sử giá vàng SJC ngày 11/05/2019,https://giavang.org/trong-nuoc/sjc/lich-su/2019-05-11.html,3581
Lịch sử giá vàng SJC ngày 12/05/2019,https://giavang.org/trong-nuoc/sjc/lich-su/2019-05-12.html,3582
Lịch sử giá vàng SJC ngày 13/05/2019,https://giavang.org/trong-nuoc/sjc/lich-su/2019-05-13.html,3583
Lịch sử giá vàng SJC ngày 14/05/2019,https://giavang.org/trong-nuoc/sjc/lich-su/2019-05-14.html,3584
Lịch sử giá vàng SJC ngày 15/05/2019,https://giavang.org/trong-nuoc/sjc/lich-su/2019-05-15.html,3585
Lịch sử giá vàng SJC ngày 16/05/2019,https://giavang.org/trong-nuoc/sjc/lich-su/2019-05-16.html,3586
Lịch sử giá vàng SJC ngày 17/05/2019,https://giavang.org/trong-nuoc/sjc/lich-su/2019-05-17.html,3587
Lịch sử giá vàng SJC ngày 18/05/2019,https://giavang.org/trong-nuoc/sjc/lich-su/2019-05-18.html,3588
Lịch sử giá vàng SJC ngày 19/05/2019,https://giavang.org/trong-nuoc/sjc/lich-su/2019-05-19.html,3589
Lịch sử giá vàng SJC ngày 20/05/2019,https://giavang.org/trong-nuoc/sjc/lich-su/2019-05-20.html,3590
Lịch sử giá vàng SJC ngày 21/05/2019,https://giavang.org/trong-nuoc/sjc/lich-su/2019-05-21.html,3591
Lịch sử giá vàng SJC ngày 22/05/2019,https://giavang.org/trong-nuoc/sjc/lich-su/2019-05-22.html,3592
Lịch sử giá vàng SJC ngày 23/05/2019,https://giavang.org/trong-nuoc/sjc/lich-su/2019-05-23.html,3593
Lịch sử giá vàng SJC ngày 24/05/2019,https://giavang.org/trong-nuoc/sjc/lich-su/2019-05-24.html,3594
Lịch sử giá vàng SJC ngày 25/05/2019,https://giavang.org/trong-nuoc/sjc/lich-su/2019-05-25.html,3595
Lịch sử giá vàng SJC ngày 26/05/2019,https://giavang.org/trong-nuoc/sjc/lich-su/2019-05-26.html,3596
Lịch sử giá vàng SJC ngày 27/05/2019,https://giavang.org/trong-nuoc/sjc/lich-su/2019-05-27.html,3597
Lịch sử giá vàng SJC ngày 28/05/2019,https://giavang.org/trong-nuoc/sjc/lich-su/2019-05-28.html,3598
Lịch sử giá vàng SJC ngày 29/05/2019,https://giavang.org/trong-nuoc/sjc/lich-su/2019-05-29.html,3599
Lịch sử giá vàng SJC ngày 30/05/2019,https://giavang.org/trong-nuoc/sjc/lich-su/2019-05-30.html,3600
Lịch sử giá vàng SJC ngày 31/05/2019,https://giavang.org/trong-nuoc/sjc/lich-su/2019-05-31.html,3601
Lịch sử giá vàng SJC ngày 01/06/2019,https://giavang.org/trong-nuoc/sjc/lich-su/2019-06-01.html,3602
Lịch sử giá vàng SJC ngày 02/06/2019,https://giavang.org/trong-nuoc/sjc/lich-su/2019-06-02.html,3603
Lịch sử giá vàng SJC ngày 03/06/2019,https://giavang.org/trong-nuoc/sjc/lich-su/2019-06-03.html,3604
Lịch sử giá vàng SJC ngày 04/06/2019,https://giavang.org/trong-nuoc/sjc/lich-su/2019-06-04.html,3605
Lịch sử giá vàng SJC ngày 05/06/2019,https://giavang.org/trong-nuoc/sjc/lich-su/2019-06-05.html,3606
Lịch sử giá vàng SJC ngày 06/06/2019,https://giavang.org/trong-nuoc/sjc/lich-su/2019-06-06.html,3607
Lịch sử giá vàng SJC ngày 07/06/2019,https://giavang.org/trong-nuoc/sjc/lich-su/2019-06-07.html,3608
Lịch sử giá vàng SJC ngày 08/06/2019,https://giavang.org/trong-nuoc/sjc/lich-su/2019-06-08.html,3609
Lịch sử giá vàng SJC ngày 09/06/2019,https://giavang.org/trong-nuoc/sjc/lich-su/2019-06-09.html,3610
Lịch sử giá vàng SJC ngày 10/06/2019,https://giavang.org/trong-nuoc/sjc/lich-su/2019-06-10.html,3611
Lịch sử giá vàng SJC ngày 11/06/2019,https://giavang.org/trong-nuoc/sjc/lich-su/2019-06-11.html,3612
Lịch sử giá vàng SJC ngày 12/06/2019,https://giavang.org/trong-nuoc/sjc/lich-su/2019-06-12.html,3613
Lịch sử giá vàng SJC ngày 13/06/2019,https://giavang.org/trong-nuoc/sjc/lich-su/2019-06-13.html,3614
Lịch sử giá vàng SJC ngày 14/06/2019,https://giavang.org/trong-nuoc/sjc/lich-su/2019-06-14.html,3615
Lịch sử giá vàng SJC ngày 15/06/2019,https://giavang.org/trong-nuoc/sjc/lich-su/2019-06-15.html,3616
Lịch sử giá vàng SJC ngày 16/06/2019,https://giavang.org/trong-nuoc/sjc/lich-su/2019-06-16.html,3617
Lịch sử giá vàng SJC ngày 17/06/2019,https://giavang.org/trong-nuoc/sjc/lich-su/2019-06-17.html,3618
Lịch sử giá vàng SJC ngày 18/06/2019,https://giavang.org/trong-nuoc/sjc/lich-su/2019-06-18.html,3619
Lịch sử giá vàng SJC ngày 19/06/2019,https://giavang.org/trong-nuoc/sjc/lich-su/2019-06-19.html,3620
Lịch sử giá vàng SJC ngày 20/06/2019,https://giavang.org/trong-nuoc/sjc/lich-su/2019-06-20.html,3621
Lịch sử giá vàng SJC ngày 21/06/2019,https://giavang.org/trong-nuoc/sjc/lich-su/2019-06-21.html,3622
Lịch sử giá vàng SJC ngày 22/06/2019,https://giavang.org/trong-nuoc/sjc/lich-su/2019-06-22.html,3623
Lịch sử giá vàng SJC ngày 23/06/2019,https://giavang.org/trong-nuoc/sjc/lich-su/2019-06-23.html,3624
Lịch sử giá vàng SJC ngày 24/06/2019,https://giavang.org/trong-nuoc/sjc/lich-su/2019-06-24.html,3625
Lịch sử giá vàng SJC ngày 25/06/2019,https://giavang.org/trong-nuoc/sjc/lich-su/2019-06-25.html,3626
Lịch sử giá vàng SJC ngày 26/06/2019,https://giavang.org/trong-nuoc/sjc/lich-su/2019-06-26.html,3627
Lịch sử giá vàng SJC ngày 27/06/2019,https://giavang.org/trong-nuoc/sjc/lich-su/2019-06-27.html,3628
Lịch sử giá vàng SJC ngày 28/06/2019,https://giavang.org/trong-nuoc/sjc/lich-su/2019-06-28.html,3629
Lịch sử giá vàng SJC ngày 29/06/2019,https://giavang.org/trong-nuoc/sjc/lich-su/2019-06-29.html,3630
Lịch sử giá vàng SJC ngày 30/06/2019,https://giavang.org/trong-nuoc/sjc/lich-su/2019-06-30.html,3631
Lịch sử giá vàng SJC ngày 01/07/2019,https://giavang.org/trong-nuoc/sjc/lich-su/2019-07-01.html,3632
Lịch sử giá vàng SJC ngày 02/07/2019,https://giavang.org/trong-nuoc/sjc/lich-su/2019-07-02.html,3633
Lịch sử giá vàng SJC ngày 03/07/2019,https://giavang.org/trong-nuoc/sjc/lich-su/2019-07-03.html,3634
Lịch sử giá vàng SJC ngày 04/07/2019,https://giavang.org/trong-nuoc/sjc/lich-su/2019-07-04.html,3635
Lịch sử giá vàng SJC ngày 05/07/2019,https://giavang.org/trong-nuoc/sjc/lich-su/2019-07-05.html,3636
Lịch sử giá vàng SJC ngày 06/07/2019,https://giavang.org/trong-nuoc/sjc/lich-su/2019-07-06.html,3637
Lịch sử giá vàng SJC ngày 07/07/2019,https://giavang.org/trong-nuoc/sjc/lich-su/2019-07-07.html,3638
Lịch sử giá vàng SJC ngày 08/07/2019,https://giavang.org/trong-nuoc/sjc/lich-su/2019-07-08.html,3639
Lịch sử giá vàng SJC ngày 09/07/2019,https://giavang.org/trong-nuoc/sjc/lich-su/2019-07-09.html,3640
Lịch sử giá vàng SJC ngày 10/07/2019,https://giavang.org/trong-nuoc/sjc/lich-su/2019-07-10.html,3641
Lịch sử giá vàng SJC ngày 11/07/2019,https://giavang.org/trong-nuoc/sjc/lich-su/2019-07-11.html,3642
Lịch sử giá vàng SJC ngày 12/07/2019,https://giavang.org/trong-nuoc/sjc/lich-su/2019-07-12.html,3643
Lịch sử giá vàng SJC ngày 13/07/2019,https://giavang.org/trong-nuoc/sjc/lich-su/2019-07-13.html,3644
Lịch sử giá vàng SJC ngày 14/07/2019,https://giavang.org/trong-nuoc/sjc/lich-su/2019-07-14.html,3645
Lịch sử giá vàng SJC ngày 15/07/2019,https://giavang.org/trong-nuoc/sjc/lich-su/2019-07-15.html,3646
Lịch sử giá vàng SJC ngày 16/07/2019,https://giavang.org/trong-nuoc/sjc/lich-su/2019-07-16.html,3647
Lịch sử giá vàng SJC ngày 17/07/2019,https://giavang.org/trong-nuoc/sjc/lich-su/2019-07-17.html,3648
Lịch sử giá vàng SJC ngày 18/07/2019,https://giavang.org/trong-nuoc/sjc/lich-su/2019-07-18.html,3649
Lịch sử giá vàng SJC ngày 19/07/2019,https://giavang.org/trong-nuoc/sjc/lich-su/2019-07-19.html,3650
Lịch sử giá vàng SJC ngày 20/07/2019,https://giavang.org/trong-nuoc/sjc/lich-su/2019-07-20.html,3651
Lịch sử giá vàng SJC ngày 21/07/2019,https://giavang.org/trong-nuoc/sjc/lich-su/2019-07-21.html,3652
Lịch sử giá vàng SJC ngày 22/07/2019,https://giavang.org/trong-nuoc/sjc/lich-su/2019-07-22.html,3653
Lịch sử giá vàng SJC ngày 23/07/2019,https://giavang.org/trong-nuoc/sjc/lich-su/2019-07-23.html,3654
Lịch sử giá vàng SJC ngày 24/07/2019,https://giavang.org/trong-nuoc/sjc/lich-su/2019-07-24.html,3655
Lịch sử giá vàng SJC ngày 25/07/2019,https://giavang.org/trong-nuoc/sjc/lich-su/2019-07-25.html,3656
Lịch sử giá vàng SJC ngày 26/07/2019,https://giavang.org/trong-nuoc/sjc/lich-su/2019-07-26.html,3657
Lịch sử giá vàng SJC ngày 27/07/2019,https://giavang.org/trong-nuoc/sjc/lich-su/2019-07-27.html,3658
Lịch sử giá vàng SJC ngày 28/07/2019,https://giavang.org/trong-nuoc/sjc/lich-su/2019-07-28.html,3659
Lịch sử giá vàng SJC ngày 29/07/2019,https://giavang.org/trong-nuoc/sjc/lich-su/2019-07-29.html,3660
Lịch sử giá vàng SJC ngày 30/07/2019,https://giavang.org/trong-nuoc/sjc/lich-su/2019-07-30.html,3661
Lịch sử giá vàng SJC ngày 31/07/2019,https://giavang.org/trong-nuoc/sjc/lich-su/2019-07-31.html,3662
Lịch sử giá vàng SJC ngày 01/08/2019,https://giavang.org/trong-nuoc/sjc/lich-su/2019-08-01.html,3663
Lịch sử giá vàng SJC ngày 02/08/2019,https://giavang.org/trong-nuoc/sjc/lich-su/2019-08-02.html,3664
Lịch sử giá vàng SJC ngày 03/08/2019,https://giavang.org/trong-nuoc/sjc/lich-su/2019-08-03.html,3665
Lịch sử giá vàng SJC ngày 04/08/2019,https://giavang.org/trong-nuoc/sjc/lich-su/2019-08-04.html,3666
Lịch sử giá vàng SJC ngày 05/08/2019,https://giavang.org/trong-nuoc/sjc/lich-su/2019-08-05.html,3667
Lịch sử giá vàng SJC ngày 06/08/2019,https://giavang.org/trong-nuoc/sjc/lich-su/2019-08-06.html,3668
Lịch sử giá vàng SJC ngày 07/08/2019,https://giavang.org/trong-nuoc/sjc/lich-su/2019-08-07.html,3669
Lịch sử giá vàng SJC ngày 08/08/2019,https://giavang.org/trong-nuoc/sjc/lich-su/2019-08-08.html,3670
Lịch sử giá vàng SJC ngày 09/08/2019,https://giavang.org/trong-nuoc/sjc/lich-su/2019-08-09.html,3671
Lịch sử giá vàng SJC ngày 10/08/2019,https://giavang.org/trong-nuoc/sjc/lich-su/2019-08-10.html,3672
Lịch sử giá vàng SJC ngày 11/08/2019,https://giavang.org/trong-nuoc/sjc/lich-su/2019-08-11.html,3673
Lịch sử giá vàng SJC ngày 12/08/2019,https://giavang.org/trong-nuoc/sjc/lich-su/2019-08-12.html,3674
Lịch sử giá vàng SJC ngày 13/08/2019,https://giavang.org/trong-nuoc/sjc/lich-su/2019-08-13.html,3675
Lịch sử giá vàng SJC ngày 14/08/2019,https://giavang.org/trong-nuoc/sjc/lich-su/2019-08-14.html,3676
Lịch sử giá vàng SJC ngày 15/08/2019,https://giavang.org/trong-nuoc/sjc/lich-su/2019-08-15.html,3677
Lịch sử giá vàng SJC ngày 16/08/2019,https://giavang.org/trong-nuoc/sjc/lich-su/2019-08-16.html,3678
Lịch sử giá vàng SJC ngày 17/08/2019,https://giavang.org/trong-nuoc/sjc/lich-su/2019-08-17.html,3679
Lịch sử giá vàng SJC ngày 18/08/2019,https://giavang.org/trong-nuoc/sjc/lich-su/2019-08-18.html,3680
Lịch sử giá vàng SJC ngày 19/08/2019,https://giavang.org/trong-nuoc/sjc/lich-su/2019-08-19.html,3681
Lịch sử giá vàng SJC ngày 20/08/2019,https://giavang.org/trong-nuoc/sjc/lich-su/2019-08-20.html,3682
Lịch sử giá vàng SJC ngày 21/08/2019,https://giavang.org/trong-nuoc/sjc/lich-su/2019-08-21.html,3683
Lịch sử giá vàng SJC ngày 22/08/2019,https://giavang.org/trong-nuoc/sjc/lich-su/2019-08-22.html,3684
Lịch sử giá vàng SJC ngày 23/08/2019,https://giavang.org/trong-nuoc/sjc/lich-su/2019-08-23.html,3685
Lịch sử giá vàng SJC ngày 24/08/2019,https://giavang.org/trong-nuoc/sjc/lich-su/2019-08-24.html,3686
Lịch sử giá vàng SJC ngày 25/08/2019,https://giavang.org/trong-nuoc/sjc/lich-su/2019-08-25.html,3687
Lịch sử giá vàng SJC ngày 26/08/2019,https://giavang.org/trong-nuoc/sjc/lich-su/2019-08-26.html,3688
Lịch sử giá vàng SJC ngày 27/08/2019,https://giavang.org/trong-nuoc/sjc/lich-su/2019-08-27.html,3689
Lịch sử giá vàng SJC ngày 28/08/2019,https://giavang.org/trong-nuoc/sjc/lich-su/2019-08-28.html,3690
Lịch sử giá vàng SJC ngày 29/08/2019,https://giavang.org/trong-nuoc/sjc/lich-su/2019-08-29.html,3691
Lịch sử giá vàng SJC ngày 30/08/2019,https://giavang.org/trong-nuoc/sjc/lich-su/2019-08-30.html,3692
Lịch sử giá vàng SJC ngày 31/08/2019,https://giavang.org/trong-nuoc/sjc/lich-su/2019-08-31.html,3693
Lịch sử giá vàng SJC ngày 01/09/2019,https://giavang.org/trong-nuoc/sjc/lich-su/2019-09-01.html,3694
Lịch sử giá vàng SJC ngày 02/09/2019,https://giavang.org/trong-nuoc/sjc/lich-su/2019-09-02.html,3695
Lịch sử giá vàng SJC ngày 03/09/2019,https://giavang.org/trong-nuoc/sjc/lich-su/2019-09-03.html,3696
Lịch sử giá vàng SJC ngày 04/09/2019,https://giavang.org/trong-nuoc/sjc/lich-su/2019-09-04.html,3697
Lịch sử giá vàng SJC ngày 05/09/2019,https://giavang.org/trong-nuoc/sjc/lich-su/2019-09-05.html,3698
Lịch sử giá vàng SJC ngày 06/09/2019,https://giavang.org/trong-nuoc/sjc/lich-su/2019-09-06.html,3699
Lịch sử giá vàng SJC ngày 07/09/2019,https://giavang.org/trong-nuoc/sjc/lich-su/2019-09-07.html,3700
Lịch sử giá vàng SJC ngày 08/09/2019,https://giavang.org/trong-nuoc/sjc/lich-su/2019-09-08.html,3701
Lịch sử giá vàng SJC ngày 09/09/2019,https://giavang.org/trong-nuoc/sjc/lich-su/2019-09-09.html,3702
Lịch sử giá vàng SJC ngày 10/09/2019,https://giavang.org/trong-nuoc/sjc/lich-su/2019-09-10.html,3703
Lịch sử giá vàng SJC ngày 11/09/2019,https://giavang.org/trong-nuoc/sjc/lich-su/2019-09-11.html,3704
Lịch sử giá vàng SJC ngày 12/09/2019,https://giavang.org/trong-nuoc/sjc/lich-su/2019-09-12.html,3705
Lịch sử giá vàng SJC ngày 13/09/2019,https://giavang.org/trong-nuoc/sjc/lich-su/2019-09-13.html,3706
Lịch sử giá vàng SJC ngày 14/09/2019,https://giavang.org/trong-nuoc/sjc/lich-su/2019-09-14.html,3707
Lịch sử giá vàng SJC ngày 15/09/2019,https://giavang.org/trong-nuoc/sjc/lich-su/2019-09-15.html,3708
Lịch sử giá vàng SJC ngày 16/09/2019,https://giavang.org/trong-nuoc/sjc/lich-su/2019-09-16.html,3709
Lịch sử giá vàng SJC ngày 17/09/2019,https://giavang.org/trong-nuoc/sjc/lich-su/2019-09-17.html,3710
Lịch sử giá vàng SJC ngày 18/09/2019,https://giavang.org/trong-nuoc/sjc/lich-su/2019-09-18.html,3711
Lịch sử giá vàng SJC ngày 19/09/2019,https://giavang.org/trong-nuoc/sjc/lich-su/2019-09-19.html,3712
Lịch sử giá vàng SJC ngày 20/09/2019,https://giavang.org/trong-nuoc/sjc/lich-su/2019-09-20.html,3713
Lịch sử giá vàng SJC ngày 21/09/2019,https://giavang.org/trong-nuoc/sjc/lich-su/2019-09-21.html,3714
Lịch sử giá vàng SJC ngày 22/09/2019,https://giavang.org/trong-nuoc/sjc/lich-su/2019-09-22.html,3715
Lịch sử giá vàng SJC ngày 23/09/2019,https://giavang.org/trong-nuoc/sjc/lich-su/2019-09-23.html,3716
Lịch sử giá vàng SJC ngày 24/09/2019,https://giavang.org/trong-nuoc/sjc/lich-su/2019-09-24.html,3717
Lịch sử giá vàng SJC ngày 25/09/2019,https://giavang.org/trong-nuoc/sjc/lich-su/2019-09-25.html,3718
Lịch sử giá vàng SJC ngày 26/09/2019,https://giavang.org/trong-nuoc/sjc/lich-su/2019-09-26.html,3719
Lịch sử giá vàng SJC ngày 27/09/2019,https://giavang.org/trong-nuoc/sjc/lich-su/2019-09-27.html,3720
Lịch sử giá vàng SJC ngày 28/09/2019,https://giavang.org/trong-nuoc/sjc/lich-su/2019-09-28.html,3721
Lịch sử giá vàng SJC ngày 29/09/2019,https://giavang.org/trong-nuoc/sjc/lich-su/2019-09-29.html,3722
Lịch sử giá vàng SJC ngày 30/09/2019,https://giavang.org/trong-nuoc/sjc/lich-su/2019-09-30.html,3723
Lịch sử giá vàng SJC ngày 01/10/2019,https://giavang.org/trong-nuoc/sjc/lich-su/2019-10-01.html,3724
Lịch sử giá vàng SJC ngày 02/10/2019,https://giavang.org/trong-nuoc/sjc/lich-su/2019-10-02.html,3725
Lịch sử giá vàng SJC ngày 03/10/2019,https://giavang.org/trong-nuoc/sjc/lich-su/2019-10-03.html,3726
Lịch sử giá vàng SJC ngày 04/10/2019,https://giavang.org/trong-nuoc/sjc/lich-su/2019-10-04.html,3727
Lịch sử giá vàng SJC ngày 05/10/2019,https://giavang.org/trong-nuoc/sjc/lich-su/2019-10-05.html,3728
Lịch sử giá vàng SJC ngày 06/10/2019,https://giavang.org/trong-nuoc/sjc/lich-su/2019-10-06.html,3729
Lịch sử giá vàng SJC ngày 07/10/2019,https://giavang.org/trong-nuoc/sjc/lich-su/2019-10-07.html,3730
Lịch sử giá vàng SJC ngày 08/10/2019,https://giavang.org/trong-nuoc/sjc/lich-su/2019-10-08.html,3731
Lịch sử giá vàng SJC ngày 09/10/2019,https://giavang.org/trong-nuoc/sjc/lich-su/2019-10-09.html,3732
Lịch sử giá vàng SJC ngày 10/10/2019,https://giavang.org/trong-nuoc/sjc/lich-su/2019-10-10.html,3733
Lịch sử giá vàng SJC ngày 11/10/2019,https://giavang.org/trong-nuoc/sjc/lich-su/2019-10-11.html,3734
Lịch sử giá vàng SJC ngày 12/10/2019,https://giavang.org/trong-nuoc/sjc/lich-su/2019-10-12.html,3735
Lịch sử giá vàng SJC ngày 13/10/2019,https://giavang.org/trong-nuoc/sjc/lich-su/2019-10-13.html,3736
Lịch sử giá vàng SJC ngày 14/10/2019,https://giavang.org/trong-nuoc/sjc/lich-su/2019-10-14.html,3737
Lịch sử giá vàng SJC ngày 15/10/2019,https://giavang.org/trong-nuoc/sjc/lich-su/2019-10-15.html,3738
Lịch sử giá vàng SJC ngày 16/10/2019,https://giavang.org/trong-nuoc/sjc/lich-su/2019-10-16.html,3739
Lịch sử giá vàng SJC ngày 17/10/2019,https://giavang.org/trong-nuoc/sjc/lich-su/2019-10-17.html,3740
Lịch sử giá vàng SJC ngày 18/10/2019,https://giavang.org/trong-nuoc/sjc/lich-su/2019-10-18.html,3741
Lịch sử giá vàng SJC ngày 19/10/2019,https://giavang.org/trong-nuoc/sjc/lich-su/2019-10-19.html,3742
Lịch sử giá vàng SJC ngày 20/10/2019,https://giavang.org/trong-nuoc/sjc/lich-su/2019-10-20.html,3743
Lịch sử giá vàng SJC ngày 21/10/2019,https://giavang.org/trong-nuoc/sjc/lich-su/2019-10-21.html,3744
Lịch sử giá vàng SJC ngày 22/10/2019,https://giavang.org/trong-nuoc/sjc/lich-su/2019-10-22.html,3745
Lịch sử giá vàng SJC ngày 23/10/2019,https://giavang.org/trong-nuoc/sjc/lich-su/2019-10-23.html,3746
Lịch sử giá vàng SJC ngày 24/10/2019,https://giavang.org/trong-nuoc/sjc/lich-su/2019-10-24.html,3747
Lịch sử giá vàng SJC ngày 25/10/2019,https://giavang.org/trong-nuoc/sjc/lich-su/2019-10-25.html,3748
Lịch sử giá vàng SJC ngày 26/10/2019,https://giavang.org/trong-nuoc/sjc/lich-su/2019-10-26.html,3749
Lịch sử giá vàng SJC ngày 27/10/2019,https://giavang.org/trong-nuoc/sjc/lich-su/2019-10-27.html,3750
Lịch sử giá vàng SJC ngày 28/10/2019,https://giavang.org/trong-nuoc/sjc/lich-su/2019-10-28.html,3751
Lịch sử giá vàng SJC ngày 29/10/2019,https://giavang.org/trong-nuoc/sjc/lich-su/2019-10-29.html,3752
Lịch sử giá vàng SJC ngày 30/10/2019,https://giavang.org/trong-nuoc/sjc/lich-su/2019-10-30.html,3753
Lịch sử giá vàng SJC ngày 31/10/2019,https://giavang.org/trong-nuoc/sjc/lich-su/2019-10-31.html,3754
Lịch sử giá vàng SJC ngày 01/11/2019,https://giavang.org/trong-nuoc/sjc/lich-su/2019-11-01.html,3755
Lịch sử giá vàng SJC ngày 02/11/2019,https://giavang.org/trong-nuoc/sjc/lich-su/2019-11-02.html,3756
Lịch sử giá vàng SJC ngày 03/11/2019,https://giavang.org/trong-nuoc/sjc/lich-su/2019-11-03.html,3757
Lịch sử giá vàng SJC ngày 04/11/2019,https://giavang.org/trong-nuoc/sjc/lich-su/2019-11-04.html,3758
Lịch sử giá vàng SJC ngày 05/11/2019,https://giavang.org/trong-nuoc/sjc/lich-su/2019-11-05.html,3759
Lịch sử giá vàng SJC ngày 06/11/2019,https://giavang.org/trong-nuoc/sjc/lich-su/2019-11-06.html,3760
Lịch sử giá vàng SJC ngày 07/11/2019,https://giavang.org/trong-nuoc/sjc/lich-su/2019-11-07.html,3761
Lịch sử giá vàng SJC ngày 08/11/2019,https://giavang.org/trong-nuoc/sjc/lich-su/2019-11-08.html,3762
Lịch sử giá vàng SJC ngày 09/11/2019,https://giavang.org/trong-nuoc/sjc/lich-su/2019-11-09.html,3763
Lịch sử giá vàng SJC ngày 10/11/2019,https://giavang.org/trong-nuoc/sjc/lich-su/2019-11-10.html,3764
Lịch sử giá vàng SJC ngày 11/11/2019,https://giavang.org/trong-nuoc/sjc/lich-su/2019-11-11.html,3765
Lịch sử giá vàng SJC ngày 12/11/2019,https://giavang.org/trong-nuoc/sjc/lich-su/2019-11-12.html,3766
Lịch sử giá vàng SJC ngày 13/11/2019,https://giavang.org/trong-nuoc/sjc/lich-su/2019-11-13.html,3767
Lịch sử giá vàng SJC ngày 14/11/2019,https://giavang.org/trong-nuoc/sjc/lich-su/2019-11-14.html,3768
Lịch sử giá vàng SJC ngày 15/11/2019,https://giavang.org/trong-nuoc/sjc/lich-su/2019-11-15.html,3769
Lịch sử giá vàng SJC ngày 16/11/2019,https://giavang.org/trong-nuoc/sjc/lich-su/2019-11-16.html,3770
Lịch sử giá vàng SJC ngày 17/11/2019,https://giavang.org/trong-nuoc/sjc/lich-su/2019-11-17.html,3771
Lịch sử giá vàng SJC ngày 18/11/2019,https://giavang.org/trong-nuoc/sjc/lich-su/2019-11-18.html,3772
Lịch sử giá vàng SJC ngày 19/11/2019,https://giavang.org/trong-nuoc/sjc/lich-su/2019-11-19.html,3773
Lịch sử giá vàng SJC ngày 20/11/2019,https://giavang.org/trong-nuoc/sjc/lich-su/2019-11-20.html,3774
Lịch sử giá vàng SJC ngày 21/11/2019,https://giavang.org/trong-nuoc/sjc/lich-su/2019-11-21.html,3775
Lịch sử giá vàng SJC ngày 22/11/2019,https://giavang.org/trong-nuoc/sjc/lich-su/2019-11-22.html,3776
Lịch sử giá vàng SJC ngày 23/11/2019,https://giavang.org/trong-nuoc/sjc/lich-su/2019-11-23.html,3777
Lịch sử giá vàng SJC ngày 24/11/2019,https://giavang.org/trong-nuoc/sjc/lich-su/2019-11-24.html,3778
Lịch sử giá vàng SJC ngày 25/11/2019,https://giavang.org/trong-nuoc/sjc/lich-su/2019-11-25.html,3779
Lịch sử giá vàng SJC ngày 26/11/2019,https://giavang.org/trong-nuoc/sjc/lich-su/2019-11-26.html,3780
Lịch sử giá vàng SJC ngày 27/11/2019,https://giavang.org/trong-nuoc/sjc/lich-su/2019-11-27.html,3781
Lịch sử giá vàng SJC ngày 28/11/2019,https://giavang.org/trong-nuoc/sjc/lich-su/2019-11-28.html,3782
Lịch sử giá vàng SJC ngày 29/11/2019,https://giavang.org/trong-nuoc/sjc/lich-su/2019-11-29.html,3783
Lịch sử giá vàng SJC ngày 30/11/2019,https://giavang.org/trong-nuoc/sjc/lich-su/2019-11-30.html,3784
Lịch sử giá vàng SJC ngày 01/12/2019,https://giavang.org/trong-nuoc/sjc/lich-su/2019-12-01.html,3785
Lịch sử giá vàng SJC ngày 02/12/2019,https://giavang.org/trong-nuoc/sjc/lich-su/2019-12-02.html,3786
Lịch sử giá vàng SJC ngày 03/12/2019,https://giavang.org/trong-nuoc/sjc/lich-su/2019-12-03.html,3787
Lịch sử giá vàng SJC ngày 04/12/2019,https://giavang.org/trong-nuoc/sjc/lich-su/2019-12-04.html,3788
Lịch sử giá vàng SJC ngày 05/12/2019,https://giavang.org/trong-nuoc/sjc/lich-su/2019-12-05.html,3789
Lịch sử giá vàng SJC ngày 06/12/2019,https://giavang.org/trong-nuoc/sjc/lich-su/2019-12-06.html,3790
Lịch sử giá vàng SJC ngày 07/12/2019,https://giavang.org/trong-nuoc/sjc/lich-su/2019-12-07.html,3791
Lịch sử giá vàng SJC ngày 08/12/2019,https://giavang.org/trong-nuoc/sjc/lich-su/2019-12-08.html,3792
Lịch sử giá vàng SJC ngày 09/12/2019,https://giavang.org/trong-nuoc/sjc/lich-su/2019-12-09.html,3793
Lịch sử giá vàng SJC ngày 10/12/2019,https://giavang.org/trong-nuoc/sjc/lich-su/2019-12-10.html,3794
Lịch sử giá vàng SJC ngày 11/12/2019,https://giavang.org/trong-nuoc/sjc/lich-su/2019-12-11.html,3795
Lịch sử giá vàng SJC ngày 12/12/2019,https://giavang.org/trong-nuoc/sjc/lich-su/2019-12-12.html,3796
Lịch sử giá vàng SJC ngày 13/12/2019,https://giavang.org/trong-nuoc/sjc/lich-su/2019-12-13.html,3797
Lịch sử giá vàng SJC ngày 14/12/2019,https://giavang.org/trong-nuoc/sjc/lich-su/2019-12-14.html,3798
Lịch sử giá vàng SJC ngày 15/12/2019,https://giavang.org/trong-nuoc/sjc/lich-su/2019-12-15.html,3799
Lịch sử giá vàng SJC ngày 16/12/2019,https://giavang.org/trong-nuoc/sjc/lich-su/2019-12-16.html,3800
Lịch sử giá vàng SJC ngày 17/12/2019,https://giavang.org/trong-nuoc/sjc/lich-su/2019-12-17.html,3801
Lịch sử giá vàng SJC ngày 18/12/2019,https://giavang.org/trong-nuoc/sjc/lich-su/2019-12-18.html,3802
Lịch sử giá vàng SJC ngày 19/12/2019,https://giavang.org/trong-nuoc/sjc/lich-su/2019-12-19.html,3803
Lịch sử giá vàng SJC ngày 20/12/2019,https://giavang.org/trong-nuoc/sjc/lich-su/2019-12-20.html,3804
Lịch sử giá vàng SJC ngày 21/12/2019,https://giavang.org/trong-nuoc/sjc/lich-su/2019-12-21.html,3805
Lịch sử giá vàng SJC ngày 22/12/2019,https://giavang.org/trong-nuoc/sjc/lich-su/2019-12-22.html,3806
Lịch sử giá vàng SJC ngày 23/12/2019,https://giavang.org/trong-nuoc/sjc/lich-su/2019-12-23.html,3807
Lịch sử giá vàng SJC ngày 24/12/2019,https://giavang.org/trong-nuoc/sjc/lich-su/2019-12-24.html,3808
Lịch sử giá vàng SJC ngày 25/12/2019,https://giavang.org/trong-nuoc/sjc/lich-su/2019-12-25.html,3809
Lịch sử giá vàng SJC ngày 26/12/2019,https://giavang.org/trong-nuoc/sjc/lich-su/2019-12-26.html,3810
Lịch sử giá vàng SJC ngày 27/12/2019,https://giavang.org/trong-nuoc/sjc/lich-su/2019-12-27.html,3811
Lịch sử giá vàng SJC ngày 28/12/2019,https://giavang.org/trong-nuoc/sjc/lich-su/2019-12-28.html,3812
Lịch sử giá vàng SJC ngày 29/12/2019,https://giavang.org/trong-nuoc/sjc/lich-su/2019-12-29.html,3813
Lịch sử giá vàng SJC ngày 30/12/2019,https://giavang.org/trong-nuoc/sjc/lich-su/2019-12-30.html,3814
Lịch sử giá vàng SJC ngày 31/12/2019,https://giavang.org/trong-nuoc/sjc/lich-su/2019-12-31.html,3815
Lịch sử giá vàng SJC ngày 01/01/2020,https://giavang.org/trong-nuoc/sjc/lich-su/2020-01-01.html,3816
Lịch sử giá vàng SJC ngày 02/01/2020,https://giavang.org/trong-nuoc/sjc/lich-su/2020-01-02.html,3817
Lịch sử giá vàng SJC ngày 03/01/2020,https://giavang.org/trong-nuoc/sjc/lich-su/2020-01-03.html,3818
Lịch sử giá vàng SJC ngày 04/01/2020,https://giavang.org/trong-nuoc/sjc/lich-su/2020-01-04.html,3819
Lịch sử giá vàng SJC ngày 05/01/2020,https://giavang.org/trong-nuoc/sjc/lich-su/2020-01-05.html,3820
Lịch sử giá vàng SJC ngày 06/01/2020,https://giavang.org/trong-nuoc/sjc/lich-su/2020-01-06.html,3821
Lịch sử giá vàng SJC ngày 07/01/2020,https://giavang.org/trong-nuoc/sjc/lich-su/2020-01-07.html,3822
Lịch sử giá vàng SJC ngày 08/01/2020,https://giavang.org/trong-nuoc/sjc/lich-su/2020-01-08.html,3823
Lịch sử giá vàng SJC ngày 09/01/2020,https://giavang.org/trong-nuoc/sjc/lich-su/2020-01-09.html,3824
Lịch sử giá vàng SJC ngày 10/01/2020,https://giavang.org/trong-nuoc/sjc/lich-su/2020-01-10.html,3825
Lịch sử giá vàng SJC ngày 11/01/2020,https://giavang.org/trong-nuoc/sjc/lich-su/2020-01-11.html,3826
Lịch sử giá vàng SJC ngày 12/01/2020,https://giavang.org/trong-nuoc/sjc/lich-su/2020-01-12.html,3827
Lịch sử giá vàng SJC ngày 13/01/2020,https://giavang.org/trong-nuoc/sjc/lich-su/2020-01-13.html,3828
Lịch sử giá vàng SJC ngày 14/01/2020,https://giavang.org/trong-nuoc/sjc/lich-su/2020-01-14.html,3829
Lịch sử giá vàng SJC ngày 15/01/2020,https://giavang.org/trong-nuoc/sjc/lich-su/2020-01-15.html,3830
Lịch sử giá vàng SJC ngày 16/01/2020,https://giavang.org/trong-nuoc/sjc/lich-su/2020-01-16.html,3831
Lịch sử giá vàng SJC ngày 17/01/2020,https://giavang.org/trong-nuoc/sjc/lich-su/2020-01-17.html,3832
Lịch sử giá vàng SJC ngày 18/01/2020,https://giavang.org/trong-nuoc/sjc/lich-su/2020-01-18.html,3833
Lịch sử giá vàng SJC ngày 19/01/2020,https://giavang.org/trong-nuoc/sjc/lich-su/2020-01-19.html,3834
Lịch sử giá vàng SJC ngày 20/01/2020,https://giavang.org/trong-nuoc/sjc/lich-su/2020-01-20.html,3835
Lịch sử giá vàng SJC ngày 21/01/2020,https://giavang.org/trong-nuoc/sjc/lich-su/2020-01-21.html,3836
Lịch sử giá vàng SJC ngày 22/01/2020,https://giavang.org/trong-nuoc/sjc/lich-su/2020-01-22.html,3837
Lịch sử giá vàng SJC ngày 23/01/2020,https://giavang.org/trong-nuoc/sjc/lich-su/2020-01-23.html,3838
Lịch sử giá vàng SJC ngày 24/01/2020,https://giavang.org/trong-nuoc/sjc/lich-su/2020-01-24.html,3839
Lịch sử giá vàng SJC ngày 25/01/2020,https://giavang.org/trong-nuoc/sjc/lich-su/2020-01-25.html,3840
Lịch sử giá vàng SJC ngày 26/01/2020,https://giavang.org/trong-nuoc/sjc/lich-su/2020-01-26.html,3841
Lịch sử giá vàng SJC ngày 27/01/2020,https://giavang.org/trong-nuoc/sjc/lich-su/2020-01-27.html,3842
Lịch sử giá vàng SJC ngày 28/01/2020,https://giavang.org/trong-nuoc/sjc/lich-su/2020-01-28.html,3843
Lịch sử giá vàng SJC ngày 29/01/2020,https://giavang.org/trong-nuoc/sjc/lich-su/2020-01-29.html,3844
Lịch sử giá vàng SJC ngày 30/01/2020,https://giavang.org/trong-nuoc/sjc/lich-su/2020-01-30.html,3845
Lịch sử giá vàng SJC ngày 31/01/2020,https://giavang.org/trong-nuoc/sjc/lich-su/2020-01-31.html,3846
Lịch sử giá vàng SJC ngày 01/02/2020,https://giavang.org/trong-nuoc/sjc/lich-su/2020-02-01.html,3847
Lịch sử giá vàng SJC ngày 02/02/2020,https://giavang.org/trong-nuoc/sjc/lich-su/2020-02-02.html,3848
Lịch sử giá vàng SJC ngày 03/02/2020,https://giavang.org/trong-nuoc/sjc/lich-su/2020-02-03.html,3849
Lịch sử giá vàng SJC ngày 04/02/2020,https://giavang.org/trong-nuoc/sjc/lich-su/2020-02-04.html,3850
Lịch sử giá vàng SJC ngày 05/02/2020,https://giavang.org/trong-nuoc/sjc/lich-su/2020-02-05.html,3851
Lịch sử giá vàng SJC ngày 06/02/2020,https://giavang.org/trong-nuoc/sjc/lich-su/2020-02-06.html,3852
Lịch sử giá vàng SJC ngày 07/02/2020,https://giavang.org/trong-nuoc/sjc/lich-su/2020-02-07.html,3853
Lịch sử giá vàng SJC ngày 08/02/2020,https://giavang.org/trong-nuoc/sjc/lich-su/2020-02-08.html,3854
Lịch sử giá vàng SJC ngày 09/02/2020,https://giavang.org/trong-nuoc/sjc/lich-su/2020-02-09.html,3855
Lịch sử giá vàng SJC ngày 10/02/2020,https://giavang.org/trong-nuoc/sjc/lich-su/2020-02-10.html,3856
Lịch sử giá vàng SJC ngày 11/02/2020,https://giavang.org/trong-nuoc/sjc/lich-su/2020-02-11.html,3857
Lịch sử giá vàng SJC ngày 12/02/2020,https://giavang.org/trong-nuoc/sjc/lich-su/2020-02-12.html,3858
Lịch sử giá vàng SJC ngày 13/02/2020,https://giavang.org/trong-nuoc/sjc/lich-su/2020-02-13.html,3859
Lịch sử giá vàng SJC ngày 14/02/2020,https://giavang.org/trong-nuoc/sjc/lich-su/2020-02-14.html,3860
Lịch sử giá vàng SJC ngày 15/02/2020,https://giavang.org/trong-nuoc/sjc/lich-su/2020-02-15.html,3861
Lịch sử giá vàng SJC ngày 16/02/2020,https://giavang.org/trong-nuoc/sjc/lich-su/2020-02-16.html,3862
Lịch sử giá vàng SJC ngày 17/02/2020,https://giavang.org/trong-nuoc/sjc/lich-su/2020-02-17.html,3863
Lịch sử giá vàng SJC ngày 18/02/2020,https://giavang.org/trong-nuoc/sjc/lich-su/2020-02-18.html,3864
Lịch sử giá vàng SJC ngày 19/02/2020,https://giavang.org/trong-nuoc/sjc/lich-su/2020-02-19.html,3865
Lịch sử giá vàng SJC ngày 20/02/2020,https://giavang.org/trong-nuoc/sjc/lich-su/2020-02-20.html,3866
Lịch sử giá vàng SJC ngày 21/02/2020,https://giavang.org/trong-nuoc/sjc/lich-su/2020-02-21.html,3867
Lịch sử giá vàng SJC ngày 22/02/2020,https://giavang.org/trong-nuoc/sjc/lich-su/2020-02-22.html,3868
Lịch sử giá vàng SJC ngày 23/02/2020,https://giavang.org/trong-nuoc/sjc/lich-su/2020-02-23.html,3869
Lịch sử giá vàng SJC ngày 24/02/2020,https://giavang.org/trong-nuoc/sjc/lich-su/2020-02-24.html,3870
Lịch sử giá vàng SJC ngày 25/02/2020,https://giavang.org/trong-nuoc/sjc/lich-su/2020-02-25.html,3871
Lịch sử giá vàng SJC ngày 26/02/2020,https://giavang.org/trong-nuoc/sjc/lich-su/2020-02-26.html,3872
Lịch sử giá vàng SJC ngày 27/02/2020,https://giavang.org/trong-nuoc/sjc/lich-su/2020-02-27.html,3873
Lịch sử giá vàng SJC ngày 28/02/2020,https://giavang.org/trong-nuoc/sjc/lich-su/2020-02-28.html,3874
Lịch sử giá vàng SJC ngày 29/02/2020,https://giavang.org/trong-nuoc/sjc/lich-su/2020-02-29.html,3875
Lịch sử giá vàng SJC ngày 01/03/2020,https://giavang.org/trong-nuoc/sjc/lich-su/2020-03-01.html,3876
Lịch sử giá vàng SJC ngày 02/03/2020,https://giavang.org/trong-nuoc/sjc/lich-su/2020-03-02.html,3877
Lịch sử giá vàng SJC ngày 03/03/2020,https://giavang.org/trong-nuoc/sjc/lich-su/2020-03-03.html,3878
Lịch sử giá vàng SJC ngày 04/03/2020,https://giavang.org/trong-nuoc/sjc/lich-su/2020-03-04.html,3879
Lịch sử giá vàng SJC ngày 05/03/2020,https://giavang.org/trong-nuoc/sjc/lich-su/2020-03-05.html,3880
Lịch sử giá vàng SJC ngày 06/03/2020,https://giavang.org/trong-nuoc/sjc/lich-su/2020-03-06.html,3881
Lịch sử giá vàng SJC ngày 07/03/2020,https://giavang.org/trong-nuoc/sjc/lich-su/2020-03-07.html,3882
Lịch sử giá vàng SJC ngày 08/03/2020,https://giavang.org/trong-nuoc/sjc/lich-su/2020-03-08.html,3883
Lịch sử giá vàng SJC ngày 09/03/2020,https://giavang.org/trong-nuoc/sjc/lich-su/2020-03-09.html,3884
Lịch sử giá vàng SJC ngày 10/03/2020,https://giavang.org/trong-nuoc/sjc/lich-su/2020-03-10.html,3885
Lịch sử giá vàng SJC ngày 11/03/2020,https://giavang.org/trong-nuoc/sjc/lich-su/2020-03-11.html,3886
Lịch sử giá vàng SJC ngày 12/03/2020,https://giavang.org/trong-nuoc/sjc/lich-su/2020-03-12.html,3887
Lịch sử giá vàng SJC ngày 13/03/2020,https://giavang.org/trong-nuoc/sjc/lich-su/2020-03-13.html,3888
Lịch sử giá vàng SJC ngày 14/03/2020,https://giavang.org/trong-nuoc/sjc/lich-su/2020-03-14.html,3889
Lịch sử giá vàng SJC ngày 15/03/2020,https://giavang.org/trong-nuoc/sjc/lich-su/2020-03-15.html,3890
Lịch sử giá vàng SJC ngày 16/03/2020,https://giavang.org/trong-nuoc/sjc/lich-su/2020-03-16.html,3891
Lịch sử giá vàng SJC ngày 17/03/2020,https://giavang.org/trong-nuoc/sjc/lich-su/2020-03-17.html,3892
Lịch sử giá vàng SJC ngày 18/03/2020,https://giavang.org/trong-nuoc/sjc/lich-su/2020-03-18.html,3893
Lịch sử giá vàng SJC ngày 19/03/2020,https://giavang.org/trong-nuoc/sjc/lich-su/2020-03-19.html,3894
Lịch sử giá vàng SJC ngày 20/03/2020,https://giavang.org/trong-nuoc/sjc/lich-su/2020-03-20.html,3895
Lịch sử giá vàng SJC ngày 21/03/2020,https://giavang.org/trong-nuoc/sjc/lich-su/2020-03-21.html,3896
Lịch sử giá vàng SJC ngày 22/03/2020,https://giavang.org/trong-nuoc/sjc/lich-su/2020-03-22.html,3897
Lịch sử giá vàng SJC ngày 23/03/2020,https://giavang.org/trong-nuoc/sjc/lich-su/2020-03-23.html,3898
Lịch sử giá vàng SJC ngày 24/03/2020,https://giavang.org/trong-nuoc/sjc/lich-su/2020-03-24.html,3899
Lịch sử giá vàng SJC ngày 25/03/2020,https://giavang.org/trong-nuoc/sjc/lich-su/2020-03-25.html,3900
Lịch sử giá vàng SJC ngày 26/03/2020,https://giavang.org/trong-nuoc/sjc/lich-su/2020-03-26.html,3901
Lịch sử giá vàng SJC ngày 27/03/2020,https://giavang.org/trong-nuoc/sjc/lich-su/2020-03-27.html,3902
Lịch sử giá vàng SJC ngày 28/03/2020,https://giavang.org/trong-nuoc/sjc/lich-su/2020-03-28.html,3903
Lịch sử giá vàng SJC ngày 29/03/2020,https://giavang.org/trong-nuoc/sjc/lich-su/2020-03-29.html,3904
Lịch sử giá vàng SJC ngày 30/03/2020,https://giavang.org/trong-nuoc/sjc/lich-su/2020-03-30.html,3905
Lịch sử giá vàng SJC ngày 31/03/2020,https://giavang.org/trong-nuoc/sjc/lich-su/2020-03-31.html,3906
Lịch sử giá vàng SJC ngày 01/04/2020,https://giavang.org/trong-nuoc/sjc/lich-su/2020-04-01.html,3907
Lịch sử giá vàng SJC ngày 02/04/2020,https://giavang.org/trong-nuoc/sjc/lich-su/2020-04-02.html,3908
Lịch sử giá vàng SJC ngày 03/04/2020,https://giavang.org/trong-nuoc/sjc/lich-su/2020-04-03.html,3909
Lịch sử giá vàng SJC ngày 04/04/2020,https://giavang.org/trong-nuoc/sjc/lich-su/2020-04-04.html,3910
Lịch sử giá vàng SJC ngày 05/04/2020,https://giavang.org/trong-nuoc/sjc/lich-su/2020-04-05.html,3911
Lịch sử giá vàng SJC ngày 06/04/2020,https://giavang.org/trong-nuoc/sjc/lich-su/2020-04-06.html,3912
Lịch sử giá vàng SJC ngày 07/04/2020,https://giavang.org/trong-nuoc/sjc/lich-su/2020-04-07.html,3913
Lịch sử giá vàng SJC ngày 08/04/2020,https://giavang.org/trong-nuoc/sjc/lich-su/2020-04-08.html,3914
Lịch sử giá vàng SJC ngày 09/04/2020,https://giavang.org/trong-nuoc/sjc/lich-su/2020-04-09.html,3915
Lịch sử giá vàng SJC ngày 10/04/2020,https://giavang.org/trong-nuoc/sjc/lich-su/2020-04-10.html,3916
Lịch sử giá vàng SJC ngày 11/04/2020,https://giavang.org/trong-nuoc/sjc/lich-su/2020-04-11.html,3917
Lịch sử giá vàng SJC ngày 12/04/2020,https://giavang.org/trong-nuoc/sjc/lich-su/2020-04-12.html,3918
Lịch sử giá vàng SJC ngày 13/04/2020,https://giavang.org/trong-nuoc/sjc/lich-su/2020-04-13.html,3919
Lịch sử giá vàng SJC ngày 14/04/2020,https://giavang.org/trong-nuoc/sjc/lich-su/2020-04-14.html,3920
Lịch sử giá vàng SJC ngày 15/04/2020,https://giavang.org/trong-nuoc/sjc/lich-su/2020-04-15.html,3921
Lịch sử giá vàng SJC ngày 16/04/2020,https://giavang.org/trong-nuoc/sjc/lich-su/2020-04-16.html,3922
Lịch sử giá vàng SJC ngày 17/04/2020,https://giavang.org/trong-nuoc/sjc/lich-su/2020-04-17.html,3923
Lịch sử giá vàng SJC ngày 18/04/2020,https://giavang.org/trong-nuoc/sjc/lich-su/2020-04-18.html,3924
Lịch sử giá vàng SJC ngày 19/04/2020,https://giavang.org/trong-nuoc/sjc/lich-su/2020-04-19.html,3925
Lịch sử giá vàng SJC ngày 20/04/2020,https://giavang.org/trong-nuoc/sjc/lich-su/2020-04-20.html,3926
Lịch sử giá vàng SJC ngày 21/04/2020,https://giavang.org/trong-nuoc/sjc/lich-su/2020-04-21.html,3927
Lịch sử giá vàng SJC ngày 22/04/2020,https://giavang.org/trong-nuoc/sjc/lich-su/2020-04-22.html,3928
Lịch sử giá vàng SJC ngày 23/04/2020,https://giavang.org/trong-nuoc/sjc/lich-su/2020-04-23.html,3929
Lịch sử giá vàng SJC ngày 24/04/2020,https://giavang.org/trong-nuoc/sjc/lich-su/2020-04-24.html,3930
Lịch sử giá vàng SJC ngày 25/04/2020,https://giavang.org/trong-nuoc/sjc/lich-su/2020-04-25.html,3931
Lịch sử giá vàng SJC ngày 26/04/2020,https://giavang.org/trong-nuoc/sjc/lich-su/2020-04-26.html,3932
Lịch sử giá vàng SJC ngày 27/04/2020,https://giavang.org/trong-nuoc/sjc/lich-su/2020-04-27.html,3933
Lịch sử giá vàng SJC ngày 28/04/2020,https://giavang.org/trong-nuoc/sjc/lich-su/2020-04-28.html,3934
Lịch sử giá vàng SJC ngày 29/04/2020,https://giavang.org/trong-nuoc/sjc/lich-su/2020-04-29.html,3935
Lịch sử giá vàng SJC ngày 30/04/2020,https://giavang.org/trong-nuoc/sjc/lich-su/2020-04-30.html,3936
Lịch sử giá vàng SJC ngày 01/05/2020,https://giavang.org/trong-nuoc/sjc/lich-su/2020-05-01.html,3937
Lịch sử giá vàng SJC ngày 02/05/2020,https://giavang.org/trong-nuoc/sjc/lich-su/2020-05-02.html,3938
Lịch sử giá vàng SJC ngày 03/05/2020,https://giavang.org/trong-nuoc/sjc/lich-su/2020-05-03.html,3939
Lịch sử giá vàng SJC ngày 04/05/2020,https://giavang.org/trong-nuoc/sjc/lich-su/2020-05-04.html,3940
Lịch sử giá vàng SJC ngày 05/05/2020,https://giavang.org/trong-nuoc/sjc/lich-su/2020-05-05.html,3941
Lịch sử giá vàng SJC ngày 06/05/2020,https://giavang.org/trong-nuoc/sjc/lich-su/2020-05-06.html,3942
Lịch sử giá vàng SJC ngày 07/05/2020,https://giavang.org/trong-nuoc/sjc/lich-su/2020-05-07.html,3943
Lịch sử giá vàng SJC ngày 08/05/2020,https://giavang.org/trong-nuoc/sjc/lich-su/2020-05-08.html,3944
Lịch sử giá vàng SJC ngày 09/05/2020,https://giavang.org/trong-nuoc/sjc/lich-su/2020-05-09.html,3945
Lịch sử giá vàng SJC ngày 10/05/2020,https://giavang.org/trong-nuoc/sjc/lich-su/2020-05-10.html,3946
Lịch sử giá vàng SJC ngày 11/05/2020,https://giavang.org/trong-nuoc/sjc/lich-su/2020-05-11.html,3947
Lịch sử giá vàng SJC ngày 12/05/2020,https://giavang.org/trong-nuoc/sjc/lich-su/2020-05-12.html,3948
Lịch sử giá vàng SJC ngày 13/05/2020,https://giavang.org/trong-nuoc/sjc/lich-su/2020-05-13.html,3949
Lịch sử giá vàng SJC ngày 14/05/2020,https://giavang.org/trong-nuoc/sjc/lich-su/2020-05-14.html,3950
Lịch sử giá vàng SJC ngày 15/05/2020,https://giavang.org/trong-nuoc/sjc/lich-su/2020-05-15.html,3951
Lịch sử giá vàng SJC ngày 16/05/2020,https://giavang.org/trong-nuoc/sjc/lich-su/2020-05-16.html,3952
Lịch sử giá vàng SJC ngày 17/05/2020,https://giavang.org/trong-nuoc/sjc/lich-su/2020-05-17.html,3953
Lịch sử giá vàng SJC ngày 18/05/2020,https://giavang.org/trong-nuoc/sjc/lich-su/2020-05-18.html,3954
Lịch sử giá vàng SJC ngày 19/05/2020,https://giavang.org/trong-nuoc/sjc/lich-su/2020-05-19.html,3955
Lịch sử giá vàng SJC ngày 20/05/2020,https://giavang.org/trong-nuoc/sjc/lich-su/2020-05-20.html,3956
Lịch sử giá vàng SJC ngày 21/05/2020,https://giavang.org/trong-nuoc/sjc/lich-su/2020-05-21.html,3957
Lịch sử giá vàng SJC ngày 22/05/2020,https://giavang.org/trong-nuoc/sjc/lich-su/2020-05-22.html,3958
Lịch sử giá vàng SJC ngày 23/05/2020,https://giavang.org/trong-nuoc/sjc/lich-su/2020-05-23.html,3959
Lịch sử giá vàng SJC ngày 24/05/2020,https://giavang.org/trong-nuoc/sjc/lich-su/2020-05-24.html,3960
Lịch sử giá vàng SJC ngày 25/05/2020,https://giavang.org/trong-nuoc/sjc/lich-su/2020-05-25.html,3961
Lịch sử giá vàng SJC ngày 26/05/2020,https://giavang.org/trong-nuoc/sjc/lich-su/2020-05-26.html,3962
Lịch sử giá vàng SJC ngày 27/05/2020,https://giavang.org/trong-nuoc/sjc/lich-su/2020-05-27.html,3963
Lịch sử giá vàng SJC ngày 28/05/2020,https://giavang.org/trong-nuoc/sjc/lich-su/2020-05-28.html,3964
Lịch sử giá vàng SJC ngày 29/05/2020,https://giavang.org/trong-nuoc/sjc/lich-su/2020-05-29.html,3965
Lịch sử giá vàng SJC ngày 30/05/2020,https://giavang.org/trong-nuoc/sjc/lich-su/2020-05-30.html,3966
Lịch sử giá vàng SJC ngày 31/05/2020,https://giavang.org/trong-nuoc/sjc/lich-su/2020-05-31.html,3967
Lịch sử giá vàng SJC ngày 01/06/2020,https://giavang.org/trong-nuoc/sjc/lich-su/2020-06-01.html,3968
Lịch sử giá vàng SJC ngày 02/06/2020,https://giavang.org/trong-nuoc/sjc/lich-su/2020-06-02.html,3969
Lịch sử giá vàng SJC ngày 03/06/2020,https://giavang.org/trong-nuoc/sjc/lich-su/2020-06-03.html,3970
Lịch sử giá vàng SJC ngày 04/06/2020,https://giavang.org/trong-nuoc/sjc/lich-su/2020-06-04.html,3971
Lịch sử giá vàng SJC ngày 05/06/2020,https://giavang.org/trong-nuoc/sjc/lich-su/2020-06-05.html,3972
Lịch sử giá vàng SJC ngày 06/06/2020,https://giavang.org/trong-nuoc/sjc/lich-su/2020-06-06.html,3973
Lịch sử giá vàng SJC ngày 07/06/2020,https://giavang.org/trong-nuoc/sjc/lich-su/2020-06-07.html,3974
Lịch sử giá vàng SJC ngày 08/06/2020,https://giavang.org/trong-nuoc/sjc/lich-su/2020-06-08.html,3975
Lịch sử giá vàng SJC ngày 09/06/2020,https://giavang.org/trong-nuoc/sjc/lich-su/2020-06-09.html,3976
Lịch sử giá vàng SJC ngày 10/06/2020,https://giavang.org/trong-nuoc/sjc/lich-su/2020-06-10.html,3977
Lịch sử giá vàng SJC ngày 11/06/2020,https://giavang.org/trong-nuoc/sjc/lich-su/2020-06-11.html,3978
Lịch sử giá vàng SJC ngày 12/06/2020,https://giavang.org/trong-nuoc/sjc/lich-su/2020-06-12.html,3979
Lịch sử giá vàng SJC ngày 13/06/2020,https://giavang.org/trong-nuoc/sjc/lich-su/2020-06-13.html,3980
Lịch sử giá vàng SJC ngày 14/06/2020,https://giavang.org/trong-nuoc/sjc/lich-su/2020-06-14.html,3981
Lịch sử giá vàng SJC ngày 15/06/2020,https://giavang.org/trong-nuoc/sjc/lich-su/2020-06-15.html,3982
Lịch sử giá vàng SJC ngày 16/06/2020,https://giavang.org/trong-nuoc/sjc/lich-su/2020-06-16.html,3983
Lịch sử giá vàng SJC ngày 17/06/2020,https://giavang.org/trong-nuoc/sjc/lich-su/2020-06-17.html,3984
Lịch sử giá vàng SJC ngày 18/06/2020,https://giavang.org/trong-nuoc/sjc/lich-su/2020-06-18.html,3985
Lịch sử giá vàng SJC ngày 19/06/2020,https://giavang.org/trong-nuoc/sjc/lich-su/2020-06-19.html,3986
Lịch sử giá vàng SJC ngày 20/06/2020,https://giavang.org/trong-nuoc/sjc/lich-su/2020-06-20.html,3987
Lịch sử giá vàng SJC ngày 21/06/2020,https://giavang.org/trong-nuoc/sjc/lich-su/2020-06-21.html,3988
Lịch sử giá vàng SJC ngày 22/06/2020,https://giavang.org/trong-nuoc/sjc/lich-su/2020-06-22.html,3989
Lịch sử giá vàng SJC ngày 23/06/2020,https://giavang.org/trong-nuoc/sjc/lich-su/2020-06-23.html,3990
Lịch sử giá vàng SJC ngày 24/06/2020,https://giavang.org/trong-nuoc/sjc/lich-su/2020-06-24.html,3991
Lịch sử giá vàng SJC ngày 25/06/2020,https://giavang.org/trong-nuoc/sjc/lich-su/2020-06-25.html,3992
Lịch sử giá vàng SJC ngày 26/06/2020,https://giavang.org/trong-nuoc/sjc/lich-su/2020-06-26.html,3993
Lịch sử giá vàng SJC ngày 27/06/2020,https://giavang.org/trong-nuoc/sjc/lich-su/2020-06-27.html,3994
Lịch sử giá vàng SJC ngày 28/06/2020,https://giavang.org/trong-nuoc/sjc/lich-su/2020-06-28.html,3995
Lịch sử giá vàng SJC ngày 29/06/2020,https://giavang.org/trong-nuoc/sjc/lich-su/2020-06-29.html,3996
Lịch sử giá vàng SJC ngày 30/06/2020,https://giavang.org/trong-nuoc/sjc/lich-su/2020-06-30.html,3997
Lịch sử giá vàng SJC ngày 01/07/2020,https://giavang.org/trong-nuoc/sjc/lich-su/2020-07-01.html,3998
Lịch sử giá vàng SJC ngày 02/07/2020,https://giavang.org/trong-nuoc/sjc/lich-su/2020-07-02.html,3999
Lịch sử giá vàng SJC ngày 03/07/2020,https://giavang.org/trong-nuoc/sjc/lich-su/2020-07-03.html,4000
Lịch sử giá vàng SJC ngày 04/07/2020,https://giavang.org/trong-nuoc/sjc/lich-su/2020-07-04.html,4001
Lịch sử giá vàng SJC ngày 05/07/2020,https://giavang.org/trong-nuoc/sjc/lich-su/2020-07-05.html,4002
Lịch sử giá vàng SJC ngày 06/07/2020,https://giavang.org/trong-nuoc/sjc/lich-su/2020-07-06.html,4003
Lịch sử giá vàng SJC ngày 07/07/2020,https://giavang.org/trong-nuoc/sjc/lich-su/2020-07-07.html,4004
Lịch sử giá vàng SJC ngày 08/07/2020,https://giavang.org/trong-nuoc/sjc/lich-su/2020-07-08.html,4005
Lịch sử giá vàng SJC ngày 09/07/2020,https://giavang.org/trong-nuoc/sjc/lich-su/2020-07-09.html,4006
Lịch sử giá vàng SJC ngày 10/07/2020,https://giavang.org/trong-nuoc/sjc/lich-su/2020-07-10.html,4007
Lịch sử giá vàng SJC ngày 11/07/2020,https://giavang.org/trong-nuoc/sjc/lich-su/2020-07-11.html,4008
Lịch sử giá vàng SJC ngày 12/07/2020,https://giavang.org/trong-nuoc/sjc/lich-su/2020-07-12.html,4009
Lịch sử giá vàng SJC ngày 13/07/2020,https://giavang.org/trong-nuoc/sjc/lich-su/2020-07-13.html,4010
Lịch sử giá vàng SJC ngày 14/07/2020,https://giavang.org/trong-nuoc/sjc/lich-su/2020-07-14.html,4011
Lịch sử giá vàng SJC ngày 15/07/2020,https://giavang.org/trong-nuoc/sjc/lich-su/2020-07-15.html,4012
Lịch sử giá vàng SJC ngày 16/07/2020,https://giavang.org/trong-nuoc/sjc/lich-su/2020-07-16.html,4013
Lịch sử giá vàng SJC ngày 17/07/2020,https://giavang.org/trong-nuoc/sjc/lich-su/2020-07-17.html,4014
Lịch sử giá vàng SJC ngày 18/07/2020,https://giavang.org/trong-nuoc/sjc/lich-su/2020-07-18.html,4015
Lịch sử giá vàng SJC ngày 19/07/2020,https://giavang.org/trong-nuoc/sjc/lich-su/2020-07-19.html,4016
Lịch sử giá vàng SJC ngày 20/07/2020,https://giavang.org/trong-nuoc/sjc/lich-su/2020-07-20.html,4017
Lịch sử giá vàng SJC ngày 21/07/2020,https://giavang.org/trong-nuoc/sjc/lich-su/2020-07-21.html,4018
Lịch sử giá vàng SJC ngày 22/07/2020,https://giavang.org/trong-nuoc/sjc/lich-su/2020-07-22.html,4019
Lịch sử giá vàng SJC ngày 23/07/2020,https://giavang.org/trong-nuoc/sjc/lich-su/2020-07-23.html,4020
Lịch sử giá vàng SJC ngày 24/07/2020,https://giavang.org/trong-nuoc/sjc/lich-su/2020-07-24.html,4021
Lịch sử giá vàng SJC ngày 25/07/2020,https://giavang.org/trong-nuoc/sjc/lich-su/2020-07-25.html,4022
Lịch sử giá vàng SJC ngày 26/07/2020,https://giavang.org/trong-nuoc/sjc/lich-su/2020-07-26.html,4023
Lịch sử giá vàng SJC ngày 27/07/2020,https://giavang.org/trong-nuoc/sjc/lich-su/2020-07-27.html,4024
Lịch sử giá vàng SJC ngày 28/07/2020,https://giavang.org/trong-nuoc/sjc/lich-su/2020-07-28.html,4025
Lịch sử giá vàng SJC ngày 29/07/2020,https://giavang.org/trong-nuoc/sjc/lich-su/2020-07-29.html,4026
Lịch sử giá vàng SJC ngày 30/07/2020,https://giavang.org/trong-nuoc/sjc/lich-su/2020-07-30.html,4027
Lịch sử giá vàng SJC ngày 31/07/2020,https://giavang.org/trong-nuoc/sjc/lich-su/2020-07-31.html,4028
Lịch sử giá vàng SJC ngày 01/08/2020,https://giavang.org/trong-nuoc/sjc/lich-su/2020-08-01.html,4029
Lịch sử giá vàng SJC ngày 02/08/2020,https://giavang.org/trong-nuoc/sjc/lich-su/2020-08-02.html,4030
Lịch sử giá vàng SJC ngày 03/08/2020,https://giavang.org/trong-nuoc/sjc/lich-su/2020-08-03.html,4031
Lịch sử giá vàng SJC ngày 04/08/2020,https://giavang.org/trong-nuoc/sjc/lich-su/2020-08-04.html,4032
Lịch sử giá vàng SJC ngày 05/08/2020,https://giavang.org/trong-nuoc/sjc/lich-su/2020-08-05.html,4033
Lịch sử giá vàng SJC ngày 06/08/2020,https://giavang.org/trong-nuoc/sjc/lich-su/2020-08-06.html,4034
Lịch sử giá vàng SJC ngày 07/08/2020,https://giavang.org/trong-nuoc/sjc/lich-su/2020-08-07.html,4035
Lịch sử giá vàng SJC ngày 08/08/2020,https://giavang.org/trong-nuoc/sjc/lich-su/2020-08-08.html,4036
Lịch sử giá vàng SJC ngày 09/08/2020,https://giavang.org/trong-nuoc/sjc/lich-su/2020-08-09.html,4037
Lịch sử giá vàng SJC ngày 10/08/2020,https://giavang.org/trong-nuoc/sjc/lich-su/2020-08-10.html,4038
Lịch sử giá vàng SJC ngày 11/08/2020,https://giavang.org/trong-nuoc/sjc/lich-su/2020-08-11.html,4039
Lịch sử giá vàng SJC ngày 12/08/2020,https://giavang.org/trong-nuoc/sjc/lich-su/2020-08-12.html,4040
Lịch sử giá vàng SJC ngày 13/08/2020,https://giavang.org/trong-nuoc/sjc/lich-su/2020-08-13.html,4041
Lịch sử giá vàng SJC ngày 14/08/2020,https://giavang.org/trong-nuoc/sjc/lich-su/2020-08-14.html,4042
Lịch sử giá vàng SJC ngày 15/08/2020,https://giavang.org/trong-nuoc/sjc/lich-su/2020-08-15.html,4043
Lịch sử giá vàng SJC ngày 16/08/2020,https://giavang.org/trong-nuoc/sjc/lich-su/2020-08-16.html,4044
Lịch sử giá vàng SJC ngày 17/08/2020,https://giavang.org/trong-nuoc/sjc/lich-su/2020-08-17.html,4045
Lịch sử giá vàng SJC ngày 18/08/2020,https://giavang.org/trong-nuoc/sjc/lich-su/2020-08-18.html,4046
Lịch sử giá vàng SJC ngày 19/08/2020,https://giavang.org/trong-nuoc/sjc/lich-su/2020-08-19.html,4047
Lịch sử giá vàng SJC ngày 20/08/2020,https://giavang.org/trong-nuoc/sjc/lich-su/2020-08-20.html,4048
Lịch sử giá vàng SJC ngày 21/08/2020,https://giavang.org/trong-nuoc/sjc/lich-su/2020-08-21.html,4049
Lịch sử giá vàng SJC ngày 22/08/2020,https://giavang.org/trong-nuoc/sjc/lich-su/2020-08-22.html,4050
Lịch sử giá vàng SJC ngày 23/08/2020,https://giavang.org/trong-nuoc/sjc/lich-su/2020-08-23.html,4051
Lịch sử giá vàng SJC ngày 24/08/2020,https://giavang.org/trong-nuoc/sjc/lich-su/2020-08-24.html,4052
Lịch sử giá vàng SJC ngày 25/08/2020,https://giavang.org/trong-nuoc/sjc/lich-su/2020-08-25.html,4053
Lịch sử giá vàng SJC ngày 26/08/2020,https://giavang.org/trong-nuoc/sjc/lich-su/2020-08-26.html,4054
Lịch sử giá vàng SJC ngày 27/08/2020,https://giavang.org/trong-nuoc/sjc/lich-su/2020-08-27.html,4055
Lịch sử giá vàng SJC ngày 28/08/2020,https://giavang.org/trong-nuoc/sjc/lich-su/2020-08-28.html,4056
Lịch sử giá vàng SJC ngày 29/08/2020,https://giavang.org/trong-nuoc/sjc/lich-su/2020-08-29.html,4057
Lịch sử giá vàng SJC ngày 30/08/2020,https://giavang.org/trong-nuoc/sjc/lich-su/2020-08-30.html,4058
Lịch sử giá vàng SJC ngày 31/08/2020,https://giavang.org/trong-nuoc/sjc/lich-su/2020-08-31.html,4059
Lịch sử giá vàng SJC ngày 01/09/2020,https://giavang.org/trong-nuoc/sjc/lich-su/2020-09-01.html,4060
Lịch sử giá vàng SJC ngày 02/09/2020,https://giavang.org/trong-nuoc/sjc/lich-su/2020-09-02.html,4061
Lịch sử giá vàng SJC ngày 03/09/2020,https://giavang.org/trong-nuoc/sjc/lich-su/2020-09-03.html,4062
Lịch sử giá vàng SJC ngày 04/09/2020,https://giavang.org/trong-nuoc/sjc/lich-su/2020-09-04.html,4063
Lịch sử giá vàng SJC ngày 05/09/2020,https://giavang.org/trong-nuoc/sjc/lich-su/2020-09-05.html,4064
Lịch sử giá vàng SJC ngày 06/09/2020,https://giavang.org/trong-nuoc/sjc/lich-su/2020-09-06.html,4065
Lịch sử giá vàng SJC ngày 07/09/2020,https://giavang.org/trong-nuoc/sjc/lich-su/2020-09-07.html,4066
Lịch sử giá vàng SJC ngày 08/09/2020,https://giavang.org/trong-nuoc/sjc/lich-su/2020-09-08.html,4067
Lịch sử giá vàng SJC ngày 09/09/2020,https://giavang.org/trong-nuoc/sjc/lich-su/2020-09-09.html,4068
Lịch sử giá vàng SJC ngày 10/09/2020,https://giavang.org/trong-nuoc/sjc/lich-su/2020-09-10.html,4069
Lịch sử giá vàng SJC ngày 11/09/2020,https://giavang.org/trong-nuoc/sjc/lich-su/2020-09-11.html,4070
Lịch sử giá vàng SJC ngày 12/09/2020,https://giavang.org/trong-nuoc/sjc/lich-su/2020-09-12.html,4071
Lịch sử giá vàng SJC ngày 13/09/2020,https://giavang.org/trong-nuoc/sjc/lich-su/2020-09-13.html,4072
Lịch sử giá vàng SJC ngày 14/09/2020,https://giavang.org/trong-nuoc/sjc/lich-su/2020-09-14.html,4073
Lịch sử giá vàng SJC ngày 15/09/2020,https://giavang.org/trong-nuoc/sjc/lich-su/2020-09-15.html,4074
Lịch sử giá vàng SJC ngày 16/09/2020,https://giavang.org/trong-nuoc/sjc/lich-su/2020-09-16.html,4075
Lịch sử giá vàng SJC ngày 17/09/2020,https://giavang.org/trong-nuoc/sjc/lich-su/2020-09-17.html,4076
Lịch sử giá vàng SJC ngày 18/09/2020,https://giavang.org/trong-nuoc/sjc/lich-su/2020-09-18.html,4077
Lịch sử giá vàng SJC ngày 19/09/2020,https://giavang.org/trong-nuoc/sjc/lich-su/2020-09-19.html,4078
Lịch sử giá vàng SJC ngày 20/09/2020,https://giavang.org/trong-nuoc/sjc/lich-su/2020-09-20.html,4079
Lịch sử giá vàng SJC ngày 21/09/2020,https://giavang.org/trong-nuoc/sjc/lich-su/2020-09-21.html,4080
Lịch sử giá vàng SJC ngày 22/09/2020,https://giavang.org/trong-nuoc/sjc/lich-su/2020-09-22.html,4081
Lịch sử giá vàng SJC ngày 23/09/2020,https://giavang.org/trong-nuoc/sjc/lich-su/2020-09-23.html,4082
Lịch sử giá vàng SJC ngày 24/09/2020,https://giavang.org/trong-nuoc/sjc/lich-su/2020-09-24.html,4083
Lịch sử giá vàng SJC ngày 25/09/2020,https://giavang.org/trong-nuoc/sjc/lich-su/2020-09-25.html,4084
Lịch sử giá vàng SJC ngày 26/09/2020,https://giavang.org/trong-nuoc/sjc/lich-su/2020-09-26.html,4085
Lịch sử giá vàng SJC ngày 27/09/2020,https://giavang.org/trong-nuoc/sjc/lich-su/2020-09-27.html,4086
Lịch sử giá vàng SJC ngày 28/09/2020,https://giavang.org/trong-nuoc/sjc/lich-su/2020-09-28.html,4087
Lịch sử giá vàng SJC ngày 29/09/2020,https://giavang.org/trong-nuoc/sjc/lich-su/2020-09-29.html,4088
Lịch sử giá vàng SJC ngày 30/09/2020,https://giavang.org/trong-nuoc/sjc/lich-su/2020-09-30.html,4089
Lịch sử giá vàng SJC ngày 01/10/2020,https://giavang.org/trong-nuoc/sjc/lich-su/2020-10-01.html,4090
Lịch sử giá vàng SJC ngày 02/10/2020,https://giavang.org/trong-nuoc/sjc/lich-su/2020-10-02.html,4091
Lịch sử giá vàng SJC ngày 03/10/2020,https://giavang.org/trong-nuoc/sjc/lich-su/2020-10-03.html,4092
Lịch sử giá vàng SJC ngày 04/10/2020,https://giavang.org/trong-nuoc/sjc/lich-su/2020-10-04.html,4093
Lịch sử giá vàng SJC ngày 05/10/2020,https://giavang.org/trong-nuoc/sjc/lich-su/2020-10-05.html,4094
Lịch sử giá vàng SJC ngày 06/10/2020,https://giavang.org/trong-nuoc/sjc/lich-su/2020-10-06.html,4095
Lịch sử giá vàng SJC ngày 07/10/2020,https://giavang.org/trong-nuoc/sjc/lich-su/2020-10-07.html,4096
Lịch sử giá vàng SJC ngày 08/10/2020,https://giavang.org/trong-nuoc/sjc/lich-su/2020-10-08.html,4097
Lịch sử giá vàng SJC ngày 09/10/2020,https://giavang.org/trong-nuoc/sjc/lich-su/2020-10-09.html,4098
Lịch sử giá vàng SJC ngày 10/10/2020,https://giavang.org/trong-nuoc/sjc/lich-su/2020-10-10.html,4099
Lịch sử giá vàng SJC ngày 11/10/2020,https://giavang.org/trong-nuoc/sjc/lich-su/2020-10-11.html,4100
Lịch sử giá vàng SJC ngày 12/10/2020,https://giavang.org/trong-nuoc/sjc/lich-su/2020-10-12.html,4101
Lịch sử giá vàng SJC ngày 13/10/2020,https://giavang.org/trong-nuoc/sjc/lich-su/2020-10-13.html,4102
Lịch sử giá vàng SJC ngày 14/10/2020,https://giavang.org/trong-nuoc/sjc/lich-su/2020-10-14.html,4103
Lịch sử giá vàng SJC ngày 15/10/2020,https://giavang.org/trong-nuoc/sjc/lich-su/2020-10-15.html,4104
Lịch sử giá vàng SJC ngày 16/10/2020,https://giavang.org/trong-nuoc/sjc/lich-su/2020-10-16.html,4105
Lịch sử giá vàng SJC ngày 17/10/2020,https://giavang.org/trong-nuoc/sjc/lich-su/2020-10-17.html,4106
Lịch sử giá vàng SJC ngày 18/10/2020,https://giavang.org/trong-nuoc/sjc/lich-su/2020-10-18.html,4107
Lịch sử giá vàng SJC ngày 19/10/2020,https://giavang.org/trong-nuoc/sjc/lich-su/2020-10-19.html,4108
Lịch sử giá vàng SJC ngày 20/10/2020,https://giavang.org/trong-nuoc/sjc/lich-su/2020-10-20.html,4109
Lịch sử giá vàng SJC ngày 21/10/2020,https://giavang.org/trong-nuoc/sjc/lich-su/2020-10-21.html,4110
Lịch sử giá vàng SJC ngày 22/10/2020,https://giavang.org/trong-nuoc/sjc/lich-su/2020-10-22.html,4111
Lịch sử giá vàng SJC ngày 23/10/2020,https://giavang.org/trong-nuoc/sjc/lich-su/2020-10-23.html,4112
Lịch sử giá vàng SJC ngày 24/10/2020,https://giavang.org/trong-nuoc/sjc/lich-su/2020-10-24.html,4113
Lịch sử giá vàng SJC ngày 25/10/2020,https://giavang.org/trong-nuoc/sjc/lich-su/2020-10-25.html,4114
Lịch sử giá vàng SJC ngày 26/10/2020,https://giavang.org/trong-nuoc/sjc/lich-su/2020-10-26.html,4115
Lịch sử giá vàng SJC ngày 27/10/2020,https://giavang.org/trong-nuoc/sjc/lich-su/2020-10-27.html,4116
Lịch sử giá vàng SJC ngày 28/10/2020,https://giavang.org/trong-nuoc/sjc/lich-su/2020-10-28.html,4117
Lịch sử giá vàng SJC ngày 29/10/2020,https://giavang.org/trong-nuoc/sjc/lich-su/2020-10-29.html,4118
Lịch sử giá vàng SJC ngày 30/10/2020,https://giavang.org/trong-nuoc/sjc/lich-su/2020-10-30.html,4119
Lịch sử giá vàng SJC ngày 31/10/2020,https://giavang.org/trong-nuoc/sjc/lich-su/2020-10-31.html,4120
Lịch sử giá vàng SJC ngày 01/11/2020,https://giavang.org/trong-nuoc/sjc/lich-su/2020-11-01.html,4121
Lịch sử giá vàng SJC ngày 02/11/2020,https://giavang.org/trong-nuoc/sjc/lich-su/2020-11-02.html,4122
Lịch sử giá vàng SJC ngày 03/11/2020,https://giavang.org/trong-nuoc/sjc/lich-su/2020-11-03.html,4123
Lịch sử giá vàng SJC ngày 04/11/2020,https://giavang.org/trong-nuoc/sjc/lich-su/2020-11-04.html,4124
Lịch sử giá vàng SJC ngày 05/11/2020,https://giavang.org/trong-nuoc/sjc/lich-su/2020-11-05.html,4125
Lịch sử giá vàng SJC ngày 06/11/2020,https://giavang.org/trong-nuoc/sjc/lich-su/2020-11-06.html,4126
Lịch sử giá vàng SJC ngày 07/11/2020,https://giavang.org/trong-nuoc/sjc/lich-su/2020-11-07.html,4127
Lịch sử giá vàng SJC ngày 08/11/2020,https://giavang.org/trong-nuoc/sjc/lich-su/2020-11-08.html,4128
Lịch sử giá vàng SJC ngày 09/11/2020,https://giavang.org/trong-nuoc/sjc/lich-su/2020-11-09.html,4129
Lịch sử giá vàng SJC ngày 10/11/2020,https://giavang.org/trong-nuoc/sjc/lich-su/2020-11-10.html,4130
Lịch sử giá vàng SJC ngày 11/11/2020,https://giavang.org/trong-nuoc/sjc/lich-su/2020-11-11.html,4131
Lịch sử giá vàng SJC ngày 12/11/2020,https://giavang.org/trong-nuoc/sjc/lich-su/2020-11-12.html,4132
Lịch sử giá vàng SJC ngày 13/11/2020,https://giavang.org/trong-nuoc/sjc/lich-su/2020-11-13.html,4133
Lịch sử giá vàng SJC ngày 14/11/2020,https://giavang.org/trong-nuoc/sjc/lich-su/2020-11-14.html,4134
Lịch sử giá vàng SJC ngày 15/11/2020,https://giavang.org/trong-nuoc/sjc/lich-su/2020-11-15.html,4135
Lịch sử giá vàng SJC ngày 16/11/2020,https://giavang.org/trong-nuoc/sjc/lich-su/2020-11-16.html,4136
Lịch sử giá vàng SJC ngày 17/11/2020,https://giavang.org/trong-nuoc/sjc/lich-su/2020-11-17.html,4137
Lịch sử giá vàng SJC ngày 18/11/2020,https://giavang.org/trong-nuoc/sjc/lich-su/2020-11-18.html,4138
Lịch sử giá vàng SJC ngày 19/11/2020,https://giavang.org/trong-nuoc/sjc/lich-su/2020-11-19.html,4139
Lịch sử giá vàng SJC ngày 20/11/2020,https://giavang.org/trong-nuoc/sjc/lich-su/2020-11-20.html,4140
Lịch sử giá vàng SJC ngày 21/11/2020,https://giavang.org/trong-nuoc/sjc/lich-su/2020-11-21.html,4141
Lịch sử giá vàng SJC ngày 22/11/2020,https://giavang.org/trong-nuoc/sjc/lich-su/2020-11-22.html,4142
Lịch sử giá vàng SJC ngày 23/11/2020,https://giavang.org/trong-nuoc/sjc/lich-su/2020-11-23.html,4143
Lịch sử giá vàng SJC ngày 24/11/2020,https://giavang.org/trong-nuoc/sjc/lich-su/2020-11-24.html,4144
Lịch sử giá vàng SJC ngày 25/11/2020,https://giavang.org/trong-nuoc/sjc/lich-su/2020-11-25.html,4145
Lịch sử giá vàng SJC ngày 26/11/2020,https://giavang.org/trong-nuoc/sjc/lich-su/2020-11-26.html,4146
Lịch sử giá vàng SJC ngày 27/11/2020,https://giavang.org/trong-nuoc/sjc/lich-su/2020-11-27.html,4147
Lịch sử giá vàng SJC ngày 28/11/2020,https://giavang.org/trong-nuoc/sjc/lich-su/2020-11-28.html,4148
Lịch sử giá vàng SJC ngày 29/11/2020,https://giavang.org/trong-nuoc/sjc/lich-su/2020-11-29.html,4149
Lịch sử giá vàng SJC ngày 30/11/2020,https://giavang.org/trong-nuoc/sjc/lich-su/2020-11-30.html,4150
Lịch sử giá vàng SJC ngày 01/12/2020,https://giavang.org/trong-nuoc/sjc/lich-su/2020-12-01.html,4151
Lịch sử giá vàng SJC ngày 02/12/2020,https://giavang.org/trong-nuoc/sjc/lich-su/2020-12-02.html,4152
Lịch sử giá vàng SJC ngày 03/12/2020,https://giavang.org/trong-nuoc/sjc/lich-su/2020-12-03.html,4153
Lịch sử giá vàng SJC ngày 04/12/2020,https://giavang.org/trong-nuoc/sjc/lich-su/2020-12-04.html,4154
Lịch sử giá vàng SJC ngày 05/12/2020,https://giavang.org/trong-nuoc/sjc/lich-su/2020-12-05.html,4155
Lịch sử giá vàng SJC ngày 06/12/2020,https://giavang.org/trong-nuoc/sjc/lich-su/2020-12-06.html,4156
Lịch sử giá vàng SJC ngày 07/12/2020,https://giavang.org/trong-nuoc/sjc/lich-su/2020-12-07.html,4157
Lịch sử giá vàng SJC ngày 08/12/2020,https://giavang.org/trong-nuoc/sjc/lich-su/2020-12-08.html,4158
Lịch sử giá vàng SJC ngày 09/12/2020,https://giavang.org/trong-nuoc/sjc/lich-su/2020-12-09.html,4159
Lịch sử giá vàng SJC ngày 10/12/2020,https://giavang.org/trong-nuoc/sjc/lich-su/2020-12-10.html,4160
Lịch sử giá vàng SJC ngày 11/12/2020,https://giavang.org/trong-nuoc/sjc/lich-su/2020-12-11.html,4161
Lịch sử giá vàng SJC ngày 12/12/2020,https://giavang.org/trong-nuoc/sjc/lich-su/2020-12-12.html,4162
Lịch sử giá vàng SJC ngày 13/12/2020,https://giavang.org/trong-nuoc/sjc/lich-su/2020-12-13.html,4163
Lịch sử giá vàng SJC ngày 14/12/2020,https://giavang.org/trong-nuoc/sjc/lich-su/2020-12-14.html,4164
Lịch sử giá vàng SJC ngày 15/12/2020,https://giavang.org/trong-nuoc/sjc/lich-su/2020-12-15.html,4165
Lịch sử giá vàng SJC ngày 16/12/2020,https://giavang.org/trong-nuoc/sjc/lich-su/2020-12-16.html,4166
Lịch sử giá vàng SJC ngày 17/12/2020,https://giavang.org/trong-nuoc/sjc/lich-su/2020-12-17.html,4167
Lịch sử giá vàng SJC ngày 18/12/2020,https://giavang.org/trong-nuoc/sjc/lich-su/2020-12-18.html,4168
Lịch sử giá vàng SJC ngày 19/12/2020,https://giavang.org/trong-nuoc/sjc/lich-su/2020-12-19.html,4169
Lịch sử giá vàng SJC ngày 20/12/2020,https://giavang.org/trong-nuoc/sjc/lich-su/2020-12-20.html,4170
Lịch sử giá vàng SJC ngày 21/12/2020,https://giavang.org/trong-nuoc/sjc/lich-su/2020-12-21.html,4171
Lịch sử giá vàng SJC ngày 22/12/2020,https://giavang.org/trong-nuoc/sjc/lich-su/2020-12-22.html,4172
Lịch sử giá vàng SJC ngày 23/12/2020,https://giavang.org/trong-nuoc/sjc/lich-su/2020-12-23.html,4173
Lịch sử giá vàng SJC ngày 24/12/2020,https://giavang.org/trong-nuoc/sjc/lich-su/2020-12-24.html,4174
Lịch sử giá vàng SJC ngày 25/12/2020,https://giavang.org/trong-nuoc/sjc/lich-su/2020-12-25.html,4175
Lịch sử giá vàng SJC ngày 26/12/2020,https://giavang.org/trong-nuoc/sjc/lich-su/2020-12-26.html,4176
Lịch sử giá vàng SJC ngày 27/12/2020,https://giavang.org/trong-nuoc/sjc/lich-su/2020-12-27.html,4177
Lịch sử giá vàng SJC ngày 28/12/2020,https://giavang.org/trong-nuoc/sjc/lich-su/2020-12-28.html,4178
Lịch sử giá vàng SJC ngày 29/12/2020,https://giavang.org/trong-nuoc/sjc/lich-su/2020-12-29.html,4179
Lịch sử giá vàng SJC ngày 30/12/2020,https://giavang.org/trong-nuoc/sjc/lich-su/2020-12-30.html,4180
Lịch sử giá vàng SJC ngày 31/12/2020,https://giavang.org/trong-nuoc/sjc/lich-su/2020-12-31.html,4181
Lịch sử giá vàng SJC ngày 01/01/2021,https://giavang.org/trong-nuoc/sjc/lich-su/2021-01-01.html,4182
Lịch sử giá vàng SJC ngày 02/01/2021,https://giavang.org/trong-nuoc/sjc/lich-su/2021-01-02.html,4183
Lịch sử giá vàng SJC ngày 03/01/2021,https://giavang.org/trong-nuoc/sjc/lich-su/2021-01-03.html,4184
Lịch sử giá vàng SJC ngày 04/01/2021,https://giavang.org/trong-nuoc/sjc/lich-su/2021-01-04.html,4185
Lịch sử giá vàng SJC ngày 05/01/2021,https://giavang.org/trong-nuoc/sjc/lich-su/2021-01-05.html,4186
Lịch sử giá vàng SJC ngày 06/01/2021,https://giavang.org/trong-nuoc/sjc/lich-su/2021-01-06.html,4187
Lịch sử giá vàng SJC ngày 07/01/2021,https://giavang.org/trong-nuoc/sjc/lich-su/2021-01-07.html,4188
Lịch sử giá vàng SJC ngày 08/01/2021,https://giavang.org/trong-nuoc/sjc/lich-su/2021-01-08.html,4189
Lịch sử giá vàng SJC ngày 09/01/2021,https://giavang.org/trong-nuoc/sjc/lich-su/2021-01-09.html,4190
Lịch sử giá vàng SJC ngày 10/01/2021,https://giavang.org/trong-nuoc/sjc/lich-su/2021-01-10.html,4191
Lịch sử giá vàng SJC ngày 11/01/2021,https://giavang.org/trong-nuoc/sjc/lich-su/2021-01-11.html,4192
Lịch sử giá vàng SJC ngày 12/01/2021,https://giavang.org/trong-nuoc/sjc/lich-su/2021-01-12.html,4193
Lịch sử giá vàng SJC ngày 13/01/2021,https://giavang.org/trong-nuoc/sjc/lich-su/2021-01-13.html,4194
Lịch sử giá vàng SJC ngày 14/01/2021,https://giavang.org/trong-nuoc/sjc/lich-su/2021-01-14.html,4195
Lịch sử giá vàng SJC ngày 15/01/2021,https://giavang.org/trong-nuoc/sjc/lich-su/2021-01-15.html,4196
Lịch sử giá vàng SJC ngày 16/01/2021,https://giavang.org/trong-nuoc/sjc/lich-su/2021-01-16.html,4197
Lịch sử giá vàng SJC ngày 17/01/2021,https://giavang.org/trong-nuoc/sjc/lich-su/2021-01-17.html,4198
Lịch sử giá vàng SJC ngày 18/01/2021,https://giavang.org/trong-nuoc/sjc/lich-su/2021-01-18.html,4199
Lịch sử giá vàng SJC ngày 19/01/2021,https://giavang.org/trong-nuoc/sjc/lich-su/2021-01-19.html,4200
Lịch sử giá vàng SJC ngày 20/01/2021,https://giavang.org/trong-nuoc/sjc/lich-su/2021-01-20.html,4201
Lịch sử giá vàng SJC ngày 21/01/2021,https://giavang.org/trong-nuoc/sjc/lich-su/2021-01-21.html,4202
Lịch sử giá vàng SJC ngày 22/01/2021,https://giavang.org/trong-nuoc/sjc/lich-su/2021-01-22.html,4203
Lịch sử giá vàng SJC ngày 23/01/2021,https://giavang.org/trong-nuoc/sjc/lich-su/2021-01-23.html,4204
Lịch sử giá vàng SJC ngày 24/01/2021,https://giavang.org/trong-nuoc/sjc/lich-su/2021-01-24.html,4205
Lịch sử giá vàng SJC ngày 25/01/2021,https://giavang.org/trong-nuoc/sjc/lich-su/2021-01-25.html,4206
Lịch sử giá vàng SJC ngày 26/01/2021,https://giavang.org/trong-nuoc/sjc/lich-su/2021-01-26.html,4207
Lịch sử giá vàng SJC ngày 27/01/2021,https://giavang.org/trong-nuoc/sjc/lich-su/2021-01-27.html,4208
Lịch sử giá vàng SJC ngày 28/01/2021,https://giavang.org/trong-nuoc/sjc/lich-su/2021-01-28.html,4209
Lịch sử giá vàng SJC ngày 29/01/2021,https://giavang.org/trong-nuoc/sjc/lich-su/2021-01-29.html,4210
Lịch sử giá vàng SJC ngày 30/01/2021,https://giavang.org/trong-nuoc/sjc/lich-su/2021-01-30.html,4211
Lịch sử giá vàng SJC ngày 31/01/2021,https://giavang.org/trong-nuoc/sjc/lich-su/2021-01-31.html,4212
Lịch sử giá vàng SJC ngày 01/02/2021,https://giavang.org/trong-nuoc/sjc/lich-su/2021-02-01.html,4213
Lịch sử giá vàng SJC ngày 02/02/2021,https://giavang.org/trong-nuoc/sjc/lich-su/2021-02-02.html,4214
Lịch sử giá vàng SJC ngày 03/02/2021,https://giavang.org/trong-nuoc/sjc/lich-su/2021-02-03.html,4215
Lịch sử giá vàng SJC ngày 04/02/2021,https://giavang.org/trong-nuoc/sjc/lich-su/2021-02-04.html,4216
Lịch sử giá vàng SJC ngày 05/02/2021,https://giavang.org/trong-nuoc/sjc/lich-su/2021-02-05.html,4217
Lịch sử giá vàng SJC ngày 06/02/2021,https://giavang.org/trong-nuoc/sjc/lich-su/2021-02-06.html,4218
Lịch sử giá vàng SJC ngày 07/02/2021,https://giavang.org/trong-nuoc/sjc/lich-su/2021-02-07.html,4219
Lịch sử giá vàng SJC ngày 08/02/2021,https://giavang.org/trong-nuoc/sjc/lich-su/2021-02-08.html,4220
Lịch sử giá vàng SJC ngày 09/02/2021,https://giavang.org/trong-nuoc/sjc/lich-su/2021-02-09.html,4221
Lịch sử giá vàng SJC ngày 10/02/2021,https://giavang.org/trong-nuoc/sjc/lich-su/2021-02-10.html,4222
Lịch sử giá vàng SJC ngày 11/02/2021,https://giavang.org/trong-nuoc/sjc/lich-su/2021-02-11.html,4223
Lịch sử giá vàng SJC ngày 12/02/2021,https://giavang.org/trong-nuoc/sjc/lich-su/2021-02-12.html,4224
Lịch sử giá vàng SJC ngày 13/02/2021,https://giavang.org/trong-nuoc/sjc/lich-su/2021-02-13.html,4225
Lịch sử giá vàng SJC ngày 14/02/2021,https://giavang.org/trong-nuoc/sjc/lich-su/2021-02-14.html,4226
Lịch sử giá vàng SJC ngày 15/02/2021,https://giavang.org/trong-nuoc/sjc/lich-su/2021-02-15.html,4227
Lịch sử giá vàng SJC ngày 16/02/2021,https://giavang.org/trong-nuoc/sjc/lich-su/2021-02-16.html,4228
Lịch sử giá vàng SJC ngày 17/02/2021,https://giavang.org/trong-nuoc/sjc/lich-su/2021-02-17.html,4229
Lịch sử giá vàng SJC ngày 18/02/2021,https://giavang.org/trong-nuoc/sjc/lich-su/2021-02-18.html,4230
Lịch sử giá vàng SJC ngày 19/02/2021,https://giavang.org/trong-nuoc/sjc/lich-su/2021-02-19.html,4231
Lịch sử giá vàng SJC ngày 20/02/2021,https://giavang.org/trong-nuoc/sjc/lich-su/2021-02-20.html,4232
Lịch sử giá vàng SJC ngày 21/02/2021,https://giavang.org/trong-nuoc/sjc/lich-su/2021-02-21.html,4233
Lịch sử giá vàng SJC ngày 22/02/2021,https://giavang.org/trong-nuoc/sjc/lich-su/2021-02-22.html,4234
Lịch sử giá vàng SJC ngày 23/02/2021,https://giavang.org/trong-nuoc/sjc/lich-su/2021-02-23.html,4235
Lịch sử giá vàng SJC ngày 24/02/2021,https://giavang.org/trong-nuoc/sjc/lich-su/2021-02-24.html,4236
Lịch sử giá vàng SJC ngày 25/02/2021,https://giavang.org/trong-nuoc/sjc/lich-su/2021-02-25.html,4237
Lịch sử giá vàng SJC ngày 26/02/2021,https://giavang.org/trong-nuoc/sjc/lich-su/2021-02-26.html,4238
Lịch sử giá vàng SJC ngày 27/02/2021,https://giavang.org/trong-nuoc/sjc/lich-su/2021-02-27.html,4239
Lịch sử giá vàng SJC ngày 28/02/2021,https://giavang.org/trong-nuoc/sjc/lich-su/2021-02-28.html,4240
Lịch sử giá vàng SJC ngày 01/03/2021,https://giavang.org/trong-nuoc/sjc/lich-su/2021-03-01.html,4241
Lịch sử giá vàng SJC ngày 02/03/2021,https://giavang.org/trong-nuoc/sjc/lich-su/2021-03-02.html,4242
Lịch sử giá vàng SJC ngày 03/03/2021,https://giavang.org/trong-nuoc/sjc/lich-su/2021-03-03.html,4243
Lịch sử giá vàng SJC ngày 04/03/2021,https://giavang.org/trong-nuoc/sjc/lich-su/2021-03-04.html,4244
Lịch sử giá vàng SJC ngày 05/03/2021,https://giavang.org/trong-nuoc/sjc/lich-su/2021-03-05.html,4245
Lịch sử giá vàng SJC ngày 06/03/2021,https://giavang.org/trong-nuoc/sjc/lich-su/2021-03-06.html,4246
Lịch sử giá vàng SJC ngày 07/03/2021,https://giavang.org/trong-nuoc/sjc/lich-su/2021-03-07.html,4247
Lịch sử giá vàng SJC ngày 08/03/2021,https://giavang.org/trong-nuoc/sjc/lich-su/2021-03-08.html,4248
Lịch sử giá vàng SJC ngày 09/03/2021,https://giavang.org/trong-nuoc/sjc/lich-su/2021-03-09.html,4249
Lịch sử giá vàng SJC ngày 10/03/2021,https://giavang.org/trong-nuoc/sjc/lich-su/2021-03-10.html,4250
Lịch sử giá vàng SJC ngày 11/03/2021,https://giavang.org/trong-nuoc/sjc/lich-su/2021-03-11.html,4251
Lịch sử giá vàng SJC ngày 12/03/2021,https://giavang.org/trong-nuoc/sjc/lich-su/2021-03-12.html,4252
Lịch sử giá vàng SJC ngày 13/03/2021,https://giavang.org/trong-nuoc/sjc/lich-su/2021-03-13.html,4253
Lịch sử giá vàng SJC ngày 14/03/2021,https://giavang.org/trong-nuoc/sjc/lich-su/2021-03-14.html,4254
Lịch sử giá vàng SJC ngày 15/03/2021,https://giavang.org/trong-nuoc/sjc/lich-su/2021-03-15.html,4255
Lịch sử giá vàng SJC ngày 16/03/2021,https://giavang.org/trong-nuoc/sjc/lich-su/2021-03-16.html,4256
Lịch sử giá vàng SJC ngày 17/03/2021,https://giavang.org/trong-nuoc/sjc/lich-su/2021-03-17.html,4257
Lịch sử giá vàng SJC ngày 18/03/2021,https://giavang.org/trong-nuoc/sjc/lich-su/2021-03-18.html,4258
Lịch sử giá vàng SJC ngày 19/03/2021,https://giavang.org/trong-nuoc/sjc/lich-su/2021-03-19.html,4259
Lịch sử giá vàng SJC ngày 20/03/2021,https://giavang.org/trong-nuoc/sjc/lich-su/2021-03-20.html,4260
Lịch sử giá vàng SJC ngày 21/03/2021,https://giavang.org/trong-nuoc/sjc/lich-su/2021-03-21.html,4261
Lịch sử giá vàng SJC ngày 22/03/2021,https://giavang.org/trong-nuoc/sjc/lich-su/2021-03-22.html,4262
Lịch sử giá vàng SJC ngày 23/03/2021,https://giavang.org/trong-nuoc/sjc/lich-su/2021-03-23.html,4263
Lịch sử giá vàng SJC ngày 24/03/2021,https://giavang.org/trong-nuoc/sjc/lich-su/2021-03-24.html,4264
Lịch sử giá vàng SJC ngày 25/03/2021,https://giavang.org/trong-nuoc/sjc/lich-su/2021-03-25.html,4265
Lịch sử giá vàng SJC ngày 26/03/2021,https://giavang.org/trong-nuoc/sjc/lich-su/2021-03-26.html,4266
Lịch sử giá vàng SJC ngày 27/03/2021,https://giavang.org/trong-nuoc/sjc/lich-su/2021-03-27.html,4267
Lịch sử giá vàng SJC ngày 28/03/2021,https://giavang.org/trong-nuoc/sjc/lich-su/2021-03-28.html,4268
Lịch sử giá vàng SJC ngày 29/03/2021,https://giavang.org/trong-nuoc/sjc/lich-su/2021-03-29.html,4269
Lịch sử giá vàng SJC ngày 30/03/2021,https://giavang.org/trong-nuoc/sjc/lich-su/2021-03-30.html,4270
Lịch sử giá vàng SJC ngày 31/03/2021,https://giavang.org/trong-nuoc/sjc/lich-su/2021-03-31.html,4271
Lịch sử giá vàng SJC ngày 01/04/2021,https://giavang.org/trong-nuoc/sjc/lich-su/2021-04-01.html,4272
Lịch sử giá vàng SJC ngày 02/04/2021,https://giavang.org/trong-nuoc/sjc/lich-su/2021-04-02.html,4273
Lịch sử giá vàng SJC ngày 03/04/2021,https://giavang.org/trong-nuoc/sjc/lich-su/2021-04-03.html,4274
Lịch sử giá vàng SJC ngày 04/04/2021,https://giavang.org/trong-nuoc/sjc/lich-su/2021-04-04.html,4275
Lịch sử giá vàng SJC ngày 05/04/2021,https://giavang.org/trong-nuoc/sjc/lich-su/2021-04-05.html,4276
Lịch sử giá vàng SJC ngày 06/04/2021,https://giavang.org/trong-nuoc/sjc/lich-su/2021-04-06.html,4277
Lịch sử giá vàng SJC ngày 07/04/2021,https://giavang.org/trong-nuoc/sjc/lich-su/2021-04-07.html,4278
Lịch sử giá vàng SJC ngày 08/04/2021,https://giavang.org/trong-nuoc/sjc/lich-su/2021-04-08.html,4279
Lịch sử giá vàng SJC ngày 09/04/2021,https://giavang.org/trong-nuoc/sjc/lich-su/2021-04-09.html,4280
Lịch sử giá vàng SJC ngày 10/04/2021,https://giavang.org/trong-nuoc/sjc/lich-su/2021-04-10.html,4281
Lịch sử giá vàng SJC ngày 11/04/2021,https://giavang.org/trong-nuoc/sjc/lich-su/2021-04-11.html,4282
Lịch sử giá vàng SJC ngày 12/04/2021,https://giavang.org/trong-nuoc/sjc/lich-su/2021-04-12.html,4283
Lịch sử giá vàng SJC ngày 13/04/2021,https://giavang.org/trong-nuoc/sjc/lich-su/2021-04-13.html,4284
Lịch sử giá vàng SJC ngày 14/04/2021,https://giavang.org/trong-nuoc/sjc/lich-su/2021-04-14.html,4285
Lịch sử giá vàng SJC ngày 15/04/2021,https://giavang.org/trong-nuoc/sjc/lich-su/2021-04-15.html,4286
Lịch sử giá vàng SJC ngày 16/04/2021,https://giavang.org/trong-nuoc/sjc/lich-su/2021-04-16.html,4287
Lịch sử giá vàng SJC ngày 17/04/2021,https://giavang.org/trong-nuoc/sjc/lich-su/2021-04-17.html,4288
Lịch sử giá vàng SJC ngày 18/04/2021,https://giavang.org/trong-nuoc/sjc/lich-su/2021-04-18.html,4289
Lịch sử giá vàng SJC ngày 19/04/2021,https://giavang.org/trong-nuoc/sjc/lich-su/2021-04-19.html,4290
Lịch sử giá vàng SJC ngày 20/04/2021,https://giavang.org/trong-nuoc/sjc/lich-su/2021-04-20.html,4291
Lịch sử giá vàng SJC ngày 21/04/2021,https://giavang.org/trong-nuoc/sjc/lich-su/2021-04-21.html,4292
Lịch sử giá vàng SJC ngày 22/04/2021,https://giavang.org/trong-nuoc/sjc/lich-su/2021-04-22.html,4293
Lịch sử giá vàng SJC ngày 23/04/2021,https://giavang.org/trong-nuoc/sjc/lich-su/2021-04-23.html,4294
Lịch sử giá vàng SJC ngày 24/04/2021,https://giavang.org/trong-nuoc/sjc/lich-su/2021-04-24.html,4295
Lịch sử giá vàng SJC ngày 25/04/2021,https://giavang.org/trong-nuoc/sjc/lich-su/2021-04-25.html,4296
Lịch sử giá vàng SJC ngày 26/04/2021,https://giavang.org/trong-nuoc/sjc/lich-su/2021-04-26.html,4297
Lịch sử giá vàng SJC ngày 27/04/2021,https://giavang.org/trong-nuoc/sjc/lich-su/2021-04-27.html,4298
Lịch sử giá vàng SJC ngày 28/04/2021,https://giavang.org/trong-nuoc/sjc/lich-su/2021-04-28.html,4299
Lịch sử giá vàng SJC ngày 29/04/2021,https://giavang.org/trong-nuoc/sjc/lich-su/2021-04-29.html,4300
Lịch sử giá vàng SJC ngày 30/04/2021,https://giavang.org/trong-nuoc/sjc/lich-su/2021-04-30.html,4301
Lịch sử giá vàng SJC ngày 01/05/2021,https://giavang.org/trong-nuoc/sjc/lich-su/2021-05-01.html,4302
Lịch sử giá vàng SJC ngày 02/05/2021,https://giavang.org/trong-nuoc/sjc/lich-su/2021-05-02.html,4303
Lịch sử giá vàng SJC ngày 03/05/2021,https://giavang.org/trong-nuoc/sjc/lich-su/2021-05-03.html,4304
Lịch sử giá vàng SJC ngày 04/05/2021,https://giavang.org/trong-nuoc/sjc/lich-su/2021-05-04.html,4305
Lịch sử giá vàng SJC ngày 05/05/2021,https://giavang.org/trong-nuoc/sjc/lich-su/2021-05-05.html,4306
Lịch sử giá vàng SJC ngày 06/05/2021,https://giavang.org/trong-nuoc/sjc/lich-su/2021-05-06.html,4307
Lịch sử giá vàng SJC ngày 07/05/2021,https://giavang.org/trong-nuoc/sjc/lich-su/2021-05-07.html,4308
Lịch sử giá vàng SJC ngày 08/05/2021,https://giavang.org/trong-nuoc/sjc/lich-su/2021-05-08.html,4309
Lịch sử giá vàng SJC ngày 09/05/2021,https://giavang.org/trong-nuoc/sjc/lich-su/2021-05-09.html,4310
Lịch sử giá vàng SJC ngày 10/05/2021,https://giavang.org/trong-nuoc/sjc/lich-su/2021-05-10.html,4311
Lịch sử giá vàng SJC ngày 11/05/2021,https://giavang.org/trong-nuoc/sjc/lich-su/2021-05-11.html,4312
Lịch sử giá vàng SJC ngày 12/05/2021,https://giavang.org/trong-nuoc/sjc/lich-su/2021-05-12.html,4313
Lịch sử giá vàng SJC ngày 13/05/2021,https://giavang.org/trong-nuoc/sjc/lich-su/2021-05-13.html,4314
Lịch sử giá vàng SJC ngày 14/05/2021,https://giavang.org/trong-nuoc/sjc/lich-su/2021-05-14.html,4315
Lịch sử giá vàng SJC ngày 15/05/2021,https://giavang.org/trong-nuoc/sjc/lich-su/2021-05-15.html,4316
Lịch sử giá vàng SJC ngày 16/05/2021,https://giavang.org/trong-nuoc/sjc/lich-su/2021-05-16.html,4317
Lịch sử giá vàng SJC ngày 17/05/2021,https://giavang.org/trong-nuoc/sjc/lich-su/2021-05-17.html,4318
Lịch sử giá vàng SJC ngày 18/05/2021,https://giavang.org/trong-nuoc/sjc/lich-su/2021-05-18.html,4319
Lịch sử giá vàng SJC ngày 19/05/2021,https://giavang.org/trong-nuoc/sjc/lich-su/2021-05-19.html,4320
Lịch sử giá vàng SJC ngày 20/05/2021,https://giavang.org/trong-nuoc/sjc/lich-su/2021-05-20.html,4321
Lịch sử giá vàng SJC ngày 21/05/2021,https://giavang.org/trong-nuoc/sjc/lich-su/2021-05-21.html,4322
Lịch sử giá vàng SJC ngày 22/05/2021,https://giavang.org/trong-nuoc/sjc/lich-su/2021-05-22.html,4323
Lịch sử giá vàng SJC ngày 23/05/2021,https://giavang.org/trong-nuoc/sjc/lich-su/2021-05-23.html,4324
Lịch sử giá vàng SJC ngày 24/05/2021,https://giavang.org/trong-nuoc/sjc/lich-su/2021-05-24.html,4325
Lịch sử giá vàng SJC ngày 25/05/2021,https://giavang.org/trong-nuoc/sjc/lich-su/2021-05-25.html,4326
Lịch sử giá vàng SJC ngày 26/05/2021,https://giavang.org/trong-nuoc/sjc/lich-su/2021-05-26.html,4327
Lịch sử giá vàng SJC ngày 27/05/2021,https://giavang.org/trong-nuoc/sjc/lich-su/2021-05-27.html,4328
Lịch sử giá vàng SJC ngày 28/05/2021,https://giavang.org/trong-nuoc/sjc/lich-su/2021-05-28.html,4329
Lịch sử giá vàng SJC ngày 29/05/2021,https://giavang.org/trong-nuoc/sjc/lich-su/2021-05-29.html,4330
Lịch sử giá vàng SJC ngày 30/05/2021,https://giavang.org/trong-nuoc/sjc/lich-su/2021-05-30.html,4331
Lịch sử giá vàng SJC ngày 31/05/2021,https://giavang.org/trong-nuoc/sjc/lich-su/2021-05-31.html,4332
Lịch sử giá vàng SJC ngày 01/06/2021,https://giavang.org/trong-nuoc/sjc/lich-su/2021-06-01.html,4333
Lịch sử giá vàng SJC ngày 02/06/2021,https://giavang.org/trong-nuoc/sjc/lich-su/2021-06-02.html,4334
Lịch sử giá vàng SJC ngày 03/06/2021,https://giavang.org/trong-nuoc/sjc/lich-su/2021-06-03.html,4335
Lịch sử giá vàng SJC ngày 04/06/2021,https://giavang.org/trong-nuoc/sjc/lich-su/2021-06-04.html,4336
Lịch sử giá vàng SJC ngày 05/06/2021,https://giavang.org/trong-nuoc/sjc/lich-su/2021-06-05.html,4337
Lịch sử giá vàng SJC ngày 06/06/2021,https://giavang.org/trong-nuoc/sjc/lich-su/2021-06-06.html,4338
Lịch sử giá vàng SJC ngày 07/06/2021,https://giavang.org/trong-nuoc/sjc/lich-su/2021-06-07.html,4339
Lịch sử giá vàng SJC ngày 08/06/2021,https://giavang.org/trong-nuoc/sjc/lich-su/2021-06-08.html,4340
Lịch sử giá vàng SJC ngày 09/06/2021,https://giavang.org/trong-nuoc/sjc/lich-su/2021-06-09.html,4341
Lịch sử giá vàng SJC ngày 10/06/2021,https://giavang.org/trong-nuoc/sjc/lich-su/2021-06-10.html,4342
Lịch sử giá vàng SJC ngày 11/06/2021,https://giavang.org/trong-nuoc/sjc/lich-su/2021-06-11.html,4343
Lịch sử giá vàng SJC ngày 12/06/2021,https://giavang.org/trong-nuoc/sjc/lich-su/2021-06-12.html,4344
Lịch sử giá vàng SJC ngày 13/06/2021,https://giavang.org/trong-nuoc/sjc/lich-su/2021-06-13.html,4345
Lịch sử giá vàng SJC ngày 14/06/2021,https://giavang.org/trong-nuoc/sjc/lich-su/2021-06-14.html,4346
Lịch sử giá vàng SJC ngày 15/06/2021,https://giavang.org/trong-nuoc/sjc/lich-su/2021-06-15.html,4347
Lịch sử giá vàng SJC ngày 16/06/2021,https://giavang.org/trong-nuoc/sjc/lich-su/2021-06-16.html,4348
Lịch sử giá vàng SJC ngày 17/06/2021,https://giavang.org/trong-nuoc/sjc/lich-su/2021-06-17.html,4349
Lịch sử giá vàng SJC ngày 18/06/2021,https://giavang.org/trong-nuoc/sjc/lich-su/2021-06-18.html,4350
Lịch sử giá vàng SJC ngày 19/06/2021,https://giavang.org/trong-nuoc/sjc/lich-su/2021-06-19.html,4351
Lịch sử giá vàng SJC ngày 20/06/2021,https://giavang.org/trong-nuoc/sjc/lich-su/2021-06-20.html,4352
Lịch sử giá vàng SJC ngày 21/06/2021,https://giavang.org/trong-nuoc/sjc/lich-su/2021-06-21.html,4353
Lịch sử giá vàng SJC ngày 22/06/2021,https://giavang.org/trong-nuoc/sjc/lich-su/2021-06-22.html,4354
Lịch sử giá vàng SJC ngày 23/06/2021,https://giavang.org/trong-nuoc/sjc/lich-su/2021-06-23.html,4355
Lịch sử giá vàng SJC ngày 24/06/2021,https://giavang.org/trong-nuoc/sjc/lich-su/2021-06-24.html,4356
Lịch sử giá vàng SJC ngày 25/06/2021,https://giavang.org/trong-nuoc/sjc/lich-su/2021-06-25.html,4357
Lịch sử giá vàng SJC ngày 26/06/2021,https://giavang.org/trong-nuoc/sjc/lich-su/2021-06-26.html,4358
Lịch sử giá vàng SJC ngày 27/06/2021,https://giavang.org/trong-nuoc/sjc/lich-su/2021-06-27.html,4359
Lịch sử giá vàng SJC ngày 28/06/2021,https://giavang.org/trong-nuoc/sjc/lich-su/2021-06-28.html,4360
Lịch sử giá vàng SJC ngày 29/06/2021,https://giavang.org/trong-nuoc/sjc/lich-su/2021-06-29.html,4361
Lịch sử giá vàng SJC ngày 30/06/2021,https://giavang.org/trong-nuoc/sjc/lich-su/2021-06-30.html,4362
Lịch sử giá vàng SJC ngày 01/07/2021,https://giavang.org/trong-nuoc/sjc/lich-su/2021-07-01.html,4363
Lịch sử giá vàng SJC ngày 02/07/2021,https://giavang.org/trong-nuoc/sjc/lich-su/2021-07-02.html,4364
Lịch sử giá vàng SJC ngày 03/07/2021,https://giavang.org/trong-nuoc/sjc/lich-su/2021-07-03.html,4365
Lịch sử giá vàng SJC ngày 04/07/2021,https://giavang.org/trong-nuoc/sjc/lich-su/2021-07-04.html,4366
Lịch sử giá vàng SJC ngày 05/07/2021,https://giavang.org/trong-nuoc/sjc/lich-su/2021-07-05.html,4367
Lịch sử giá vàng SJC ngày 06/07/2021,https://giavang.org/trong-nuoc/sjc/lich-su/2021-07-06.html,4368
Lịch sử giá vàng SJC ngày 07/07/2021,https://giavang.org/trong-nuoc/sjc/lich-su/2021-07-07.html,4369
Lịch sử giá vàng SJC ngày 08/07/2021,https://giavang.org/trong-nuoc/sjc/lich-su/2021-07-08.html,4370
Lịch sử giá vàng SJC ngày 09/07/2021,https://giavang.org/trong-nuoc/sjc/lich-su/2021-07-09.html,4371
Lịch sử giá vàng SJC ngày 10/07/2021,https://giavang.org/trong-nuoc/sjc/lich-su/2021-07-10.html,4372
Lịch sử giá vàng SJC ngày 11/07/2021,https://giavang.org/trong-nuoc/sjc/lich-su/2021-07-11.html,4373
Lịch sử giá vàng SJC ngày 12/07/2021,https://giavang.org/trong-nuoc/sjc/lich-su/2021-07-12.html,4374
Lịch sử giá vàng SJC ngày 13/07/2021,https://giavang.org/trong-nuoc/sjc/lich-su/2021-07-13.html,4375
Lịch sử giá vàng SJC ngày 14/07/2021,https://giavang.org/trong-nuoc/sjc/lich-su/2021-07-14.html,4376
Lịch sử giá vàng SJC ngày 15/07/2021,https://giavang.org/trong-nuoc/sjc/lich-su/2021-07-15.html,4377
Lịch sử giá vàng SJC ngày 16/07/2021,https://giavang.org/trong-nuoc/sjc/lich-su/2021-07-16.html,4378
Lịch sử giá vàng SJC ngày 17/07/2021,https://giavang.org/trong-nuoc/sjc/lich-su/2021-07-17.html,4379
Lịch sử giá vàng SJC ngày 18/07/2021,https://giavang.org/trong-nuoc/sjc/lich-su/2021-07-18.html,4380
Lịch sử giá vàng SJC ngày 19/07/2021,https://giavang.org/trong-nuoc/sjc/lich-su/2021-07-19.html,4381
Lịch sử giá vàng SJC ngày 20/07/2021,https://giavang.org/trong-nuoc/sjc/lich-su/2021-07-20.html,4382
Lịch sử giá vàng SJC ngày 21/07/2021,https://giavang.org/trong-nuoc/sjc/lich-su/2021-07-21.html,4383
Lịch sử giá vàng SJC ngày 22/07/2021,https://giavang.org/trong-nuoc/sjc/lich-su/2021-07-22.html,4384
Lịch sử giá vàng SJC ngày 23/07/2021,https://giavang.org/trong-nuoc/sjc/lich-su/2021-07-23.html,4385
Lịch sử giá vàng SJC ngày 24/07/2021,https://giavang.org/trong-nuoc/sjc/lich-su/2021-07-24.html,4386
Lịch sử giá vàng SJC ngày 25/07/2021,https://giavang.org/trong-nuoc/sjc/lich-su/2021-07-25.html,4387
Lịch sử giá vàng SJC ngày 26/07/2021,https://giavang.org/trong-nuoc/sjc/lich-su/2021-07-26.html,4388
Lịch sử giá vàng SJC ngày 27/07/2021,https://giavang.org/trong-nuoc/sjc/lich-su/2021-07-27.html,4389
Lịch sử giá vàng SJC ngày 28/07/2021,https://giavang.org/trong-nuoc/sjc/lich-su/2021-07-28.html,4390
Lịch sử giá vàng SJC ngày 29/07/2021,https://giavang.org/trong-nuoc/sjc/lich-su/2021-07-29.html,4391
Lịch sử giá vàng SJC ngày 30/07/2021,https://giavang.org/trong-nuoc/sjc/lich-su/2021-07-30.html,4392
Lịch sử giá vàng SJC ngày 31/07/2021,https://giavang.org/trong-nuoc/sjc/lich-su/2021-07-31.html,4393
Lịch sử giá vàng SJC ngày 01/08/2021,https://giavang.org/trong-nuoc/sjc/lich-su/2021-08-01.html,4394
Lịch sử giá vàng SJC ngày 02/08/2021,https://giavang.org/trong-nuoc/sjc/lich-su/2021-08-02.html,4395
Lịch sử giá vàng SJC ngày 03/08/2021,https://giavang.org/trong-nuoc/sjc/lich-su/2021-08-03.html,4396
Lịch sử giá vàng SJC ngày 04/08/2021,https://giavang.org/trong-nuoc/sjc/lich-su/2021-08-04.html,4397
Lịch sử giá vàng SJC ngày 05/08/2021,https://giavang.org/trong-nuoc/sjc/lich-su/2021-08-05.html,4398
Lịch sử giá vàng SJC ngày 06/08/2021,https://giavang.org/trong-nuoc/sjc/lich-su/2021-08-06.html,4399
Lịch sử giá vàng SJC ngày 07/08/2021,https://giavang.org/trong-nuoc/sjc/lich-su/2021-08-07.html,4400
Lịch sử giá vàng SJC ngày 08/08/2021,https://giavang.org/trong-nuoc/sjc/lich-su/2021-08-08.html,4401
Lịch sử giá vàng SJC ngày 09/08/2021,https://giavang.org/trong-nuoc/sjc/lich-su/2021-08-09.html,4402
Lịch sử giá vàng SJC ngày 10/08/2021,https://giavang.org/trong-nuoc/sjc/lich-su/2021-08-10.html,4403
Lịch sử giá vàng SJC ngày 11/08/2021,https://giavang.org/trong-nuoc/sjc/lich-su/2021-08-11.html,4404
Lịch sử giá vàng SJC ngày 12/08/2021,https://giavang.org/trong-nuoc/sjc/lich-su/2021-08-12.html,4405
Lịch sử giá vàng SJC ngày 13/08/2021,https://giavang.org/trong-nuoc/sjc/lich-su/2021-08-13.html,4406
Lịch sử giá vàng SJC ngày 14/08/2021,https://giavang.org/trong-nuoc/sjc/lich-su/2021-08-14.html,4407
Lịch sử giá vàng SJC ngày 15/08/2021,https://giavang.org/trong-nuoc/sjc/lich-su/2021-08-15.html,4408
Lịch sử giá vàng SJC ngày 16/08/2021,https://giavang.org/trong-nuoc/sjc/lich-su/2021-08-16.html,4409
Lịch sử giá vàng SJC ngày 17/08/2021,https://giavang.org/trong-nuoc/sjc/lich-su/2021-08-17.html,4410
Lịch sử giá vàng SJC ngày 18/08/2021,https://giavang.org/trong-nuoc/sjc/lich-su/2021-08-18.html,4411
Lịch sử giá vàng SJC ngày 19/08/2021,https://giavang.org/trong-nuoc/sjc/lich-su/2021-08-19.html,4412
Lịch sử giá vàng SJC ngày 20/08/2021,https://giavang.org/trong-nuoc/sjc/lich-su/2021-08-20.html,4413
Lịch sử giá vàng SJC ngày 21/08/2021,https://giavang.org/trong-nuoc/sjc/lich-su/2021-08-21.html,4414
Lịch sử giá vàng SJC ngày 22/08/2021,https://giavang.org/trong-nuoc/sjc/lich-su/2021-08-22.html,4415
Lịch sử giá vàng SJC ngày 23/08/2021,https://giavang.org/trong-nuoc/sjc/lich-su/2021-08-23.html,4416
Lịch sử giá vàng SJC ngày 24/08/2021,https://giavang.org/trong-nuoc/sjc/lich-su/2021-08-24.html,4417
Lịch sử giá vàng SJC ngày 25/08/2021,https://giavang.org/trong-nuoc/sjc/lich-su/2021-08-25.html,4418
Lịch sử giá vàng SJC ngày 26/08/2021,https://giavang.org/trong-nuoc/sjc/lich-su/2021-08-26.html,4419
Lịch sử giá vàng SJC ngày 27/08/2021,https://giavang.org/trong-nuoc/sjc/lich-su/2021-08-27.html,4420
Lịch sử giá vàng SJC ngày 28/08/2021,https://giavang.org/trong-nuoc/sjc/lich-su/2021-08-28.html,4421
Lịch sử giá vàng SJC ngày 29/08/2021,https://giavang.org/trong-nuoc/sjc/lich-su/2021-08-29.html,4422
Lịch sử giá vàng SJC ngày 30/08/2021,https://giavang.org/trong-nuoc/sjc/lich-su/2021-08-30.html,4423
Lịch sử giá vàng SJC ngày 31/08/2021,https://giavang.org/trong-nuoc/sjc/lich-su/2021-08-31.html,4424
Lịch sử giá vàng SJC ngày 01/09/2021,https://giavang.org/trong-nuoc/sjc/lich-su/2021-09-01.html,4425
Lịch sử giá vàng SJC ngày 02/09/2021,https://giavang.org/trong-nuoc/sjc/lich-su/2021-09-02.html,4426
Lịch sử giá vàng SJC ngày 03/09/2021,https://giavang.org/trong-nuoc/sjc/lich-su/2021-09-03.html,4427
Lịch sử giá vàng SJC ngày 04/09/2021,https://giavang.org/trong-nuoc/sjc/lich-su/2021-09-04.html,4428
Lịch sử giá vàng SJC ngày 05/09/2021,https://giavang.org/trong-nuoc/sjc/lich-su/2021-09-05.html,4429
Lịch sử giá vàng SJC ngày 06/09/2021,https://giavang.org/trong-nuoc/sjc/lich-su/2021-09-06.html,4430
Lịch sử giá vàng SJC ngày 07/09/2021,https://giavang.org/trong-nuoc/sjc/lich-su/2021-09-07.html,4431
Lịch sử giá vàng SJC ngày 08/09/2021,https://giavang.org/trong-nuoc/sjc/lich-su/2021-09-08.html,4432
Lịch sử giá vàng SJC ngày 09/09/2021,https://giavang.org/trong-nuoc/sjc/lich-su/2021-09-09.html,4433
Lịch sử giá vàng SJC ngày 10/09/2021,https://giavang.org/trong-nuoc/sjc/lich-su/2021-09-10.html,4434
Lịch sử giá vàng SJC ngày 11/09/2021,https://giavang.org/trong-nuoc/sjc/lich-su/2021-09-11.html,4435
Lịch sử giá vàng SJC ngày 12/09/2021,https://giavang.org/trong-nuoc/sjc/lich-su/2021-09-12.html,4436
Lịch sử giá vàng SJC ngày 13/09/2021,https://giavang.org/trong-nuoc/sjc/lich-su/2021-09-13.html,4437
Lịch sử giá vàng SJC ngày 14/09/2021,https://giavang.org/trong-nuoc/sjc/lich-su/2021-09-14.html,4438
Lịch sử giá vàng SJC ngày 15/09/2021,https://giavang.org/trong-nuoc/sjc/lich-su/2021-09-15.html,4439
Lịch sử giá vàng SJC ngày 16/09/2021,https://giavang.org/trong-nuoc/sjc/lich-su/2021-09-16.html,4440
Lịch sử giá vàng SJC ngày 17/09/2021,https://giavang.org/trong-nuoc/sjc/lich-su/2021-09-17.html,4441
Lịch sử giá vàng SJC ngày 18/09/2021,https://giavang.org/trong-nuoc/sjc/lich-su/2021-09-18.html,4442
Lịch sử giá vàng SJC ngày 19/09/2021,https://giavang.org/trong-nuoc/sjc/lich-su/2021-09-19.html,4443
Lịch sử giá vàng SJC ngày 20/09/2021,https://giavang.org/trong-nuoc/sjc/lich-su/2021-09-20.html,4444
Lịch sử giá vàng SJC ngày 21/09/2021,https://giavang.org/trong-nuoc/sjc/lich-su/2021-09-21.html,4445
Lịch sử giá vàng SJC ngày 22/09/2021,https://giavang.org/trong-nuoc/sjc/lich-su/2021-09-22.html,4446
Lịch sử giá vàng SJC ngày 23/09/2021,https://giavang.org/trong-nuoc/sjc/lich-su/2021-09-23.html,4447
Lịch sử giá vàng SJC ngày 24/09/2021,https://giavang.org/trong-nuoc/sjc/lich-su/2021-09-24.html,4448
Lịch sử giá vàng SJC ngày 25/09/2021,https://giavang.org/trong-nuoc/sjc/lich-su/2021-09-25.html,4449
Lịch sử giá vàng SJC ngày 26/09/2021,https://giavang.org/trong-nuoc/sjc/lich-su/2021-09-26.html,4450
Lịch sử giá vàng SJC ngày 27/09/2021,https://giavang.org/trong-nuoc/sjc/lich-su/2021-09-27.html,4451
Lịch sử giá vàng SJC ngày 28/09/2021,https://giavang.org/trong-nuoc/sjc/lich-su/2021-09-28.html,4452
Lịch sử giá vàng SJC ngày 29/09/2021,https://giavang.org/trong-nuoc/sjc/lich-su/2021-09-29.html,4453
Lịch sử giá vàng SJC ngày 30/09/2021,https://giavang.org/trong-nuoc/sjc/lich-su/2021-09-30.html,4454
Lịch sử giá vàng SJC ngày 01/10/2021,https://giavang.org/trong-nuoc/sjc/lich-su/2021-10-01.html,4455
Lịch sử giá vàng SJC ngày 02/10/2021,https://giavang.org/trong-nuoc/sjc/lich-su/2021-10-02.html,4456
Lịch sử giá vàng SJC ngày 03/10/2021,https://giavang.org/trong-nuoc/sjc/lich-su/2021-10-03.html,4457
Lịch sử giá vàng SJC ngày 04/10/2021,https://giavang.org/trong-nuoc/sjc/lich-su/2021-10-04.html,4458
Lịch sử giá vàng SJC ngày 05/10/2021,https://giavang.org/trong-nuoc/sjc/lich-su/2021-10-05.html,4459
Lịch sử giá vàng SJC ngày 06/10/2021,https://giavang.org/trong-nuoc/sjc/lich-su/2021-10-06.html,4460
Lịch sử giá vàng SJC ngày 07/10/2021,https://giavang.org/trong-nuoc/sjc/lich-su/2021-10-07.html,4461
Lịch sử giá vàng SJC ngày 08/10/2021,https://giavang.org/trong-nuoc/sjc/lich-su/2021-10-08.html,4462
Lịch sử giá vàng SJC ngày 09/10/2021,https://giavang.org/trong-nuoc/sjc/lich-su/2021-10-09.html,4463
Lịch sử giá vàng SJC ngày 10/10/2021,https://giavang.org/trong-nuoc/sjc/lich-su/2021-10-10.html,4464
Lịch sử giá vàng SJC ngày 11/10/2021,https://giavang.org/trong-nuoc/sjc/lich-su/2021-10-11.html,4465
Lịch sử giá vàng SJC ngày 12/10/2021,https://giavang.org/trong-nuoc/sjc/lich-su/2021-10-12.html,4466
Lịch sử giá vàng SJC ngày 13/10/2021,https://giavang.org/trong-nuoc/sjc/lich-su/2021-10-13.html,4467
Lịch sử giá vàng SJC ngày 14/10/2021,https://giavang.org/trong-nuoc/sjc/lich-su/2021-10-14.html,4468
Lịch sử giá vàng SJC ngày 15/10/2021,https://giavang.org/trong-nuoc/sjc/lich-su/2021-10-15.html,4469
Lịch sử giá vàng SJC ngày 16/10/2021,https://giavang.org/trong-nuoc/sjc/lich-su/2021-10-16.html,4470
Lịch sử giá vàng SJC ngày 17/10/2021,https://giavang.org/trong-nuoc/sjc/lich-su/2021-10-17.html,4471
Lịch sử giá vàng SJC ngày 18/10/2021,https://giavang.org/trong-nuoc/sjc/lich-su/2021-10-18.html,4472
Lịch sử giá vàng SJC ngày 19/10/2021,https://giavang.org/trong-nuoc/sjc/lich-su/2021-10-19.html,4473
Lịch sử giá vàng SJC ngày 20/10/2021,https://giavang.org/trong-nuoc/sjc/lich-su/2021-10-20.html,4474
Lịch sử giá vàng SJC ngày 21/10/2021,https://giavang.org/trong-nuoc/sjc/lich-su/2021-10-21.html,4475
Lịch sử giá vàng SJC ngày 22/10/2021,https://giavang.org/trong-nuoc/sjc/lich-su/2021-10-22.html,4476
Lịch sử giá vàng SJC ngày 23/10/2021,https://giavang.org/trong-nuoc/sjc/lich-su/2021-10-23.html,4477
Lịch sử giá vàng SJC ngày 24/10/2021,https://giavang.org/trong-nuoc/sjc/lich-su/2021-10-24.html,4478
Lịch sử giá vàng SJC ngày 25/10/2021,https://giavang.org/trong-nuoc/sjc/lich-su/2021-10-25.html,4479
Lịch sử giá vàng SJC ngày 26/10/2021,https://giavang.org/trong-nuoc/sjc/lich-su/2021-10-26.html,4480
Lịch sử giá vàng SJC ngày 27/10/2021,https://giavang.org/trong-nuoc/sjc/lich-su/2021-10-27.html,4481
Lịch sử giá vàng SJC ngày 28/10/2021,https://giavang.org/trong-nuoc/sjc/lich-su/2021-10-28.html,4482
Lịch sử giá vàng SJC ngày 29/10/2021,https://giavang.org/trong-nuoc/sjc/lich-su/2021-10-29.html,4483
Lịch sử giá vàng SJC ngày 30/10/2021,https://giavang.org/trong-nuoc/sjc/lich-su/2021-10-30.html,4484
Lịch sử giá vàng SJC ngày 31/10/2021,https://giavang.org/trong-nuoc/sjc/lich-su/2021-10-31.html,4485
Lịch sử giá vàng SJC ngày 01/11/2021,https://giavang.org/trong-nuoc/sjc/lich-su/2021-11-01.html,4486
Lịch sử giá vàng SJC ngày 02/11/2021,https://giavang.org/trong-nuoc/sjc/lich-su/2021-11-02.html,4487
Lịch sử giá vàng SJC ngày 03/11/2021,https://giavang.org/trong-nuoc/sjc/lich-su/2021-11-03.html,4488
Lịch sử giá vàng SJC ngày 04/11/2021,https://giavang.org/trong-nuoc/sjc/lich-su/2021-11-04.html,4489
Lịch sử giá vàng SJC ngày 05/11/2021,https://giavang.org/trong-nuoc/sjc/lich-su/2021-11-05.html,4490
Lịch sử giá vàng SJC ngày 06/11/2021,https://giavang.org/trong-nuoc/sjc/lich-su/2021-11-06.html,4491
Lịch sử giá vàng SJC ngày 07/11/2021,https://giavang.org/trong-nuoc/sjc/lich-su/2021-11-07.html,4492
Lịch sử giá vàng SJC ngày 08/11/2021,https://giavang.org/trong-nuoc/sjc/lich-su/2021-11-08.html,4493
Lịch sử giá vàng SJC ngày 09/11/2021,https://giavang.org/trong-nuoc/sjc/lich-su/2021-11-09.html,4494
Lịch sử giá vàng SJC ngày 10/11/2021,https://giavang.org/trong-nuoc/sjc/lich-su/2021-11-10.html,4495
Lịch sử giá vàng SJC ngày 11/11/2021,https://giavang.org/trong-nuoc/sjc/lich-su/2021-11-11.html,4496
Lịch sử giá vàng SJC ngày 12/11/2021,https://giavang.org/trong-nuoc/sjc/lich-su/2021-11-12.html,4497
Lịch sử giá vàng SJC ngày 13/11/2021,https://giavang.org/trong-nuoc/sjc/lich-su/2021-11-13.html,4498
Lịch sử giá vàng SJC ngày 14/11/2021,https://giavang.org/trong-nuoc/sjc/lich-su/2021-11-14.html,4499
Lịch sử giá vàng SJC ngày 15/11/2021,https://giavang.org/trong-nuoc/sjc/lich-su/2021-11-15.html,4500
Lịch sử giá vàng SJC ngày 16/11/2021,https://giavang.org/trong-nuoc/sjc/lich-su/2021-11-16.html,4501
Lịch sử giá vàng SJC ngày 17/11/2021,https://giavang.org/trong-nuoc/sjc/lich-su/2021-11-17.html,4502
Lịch sử giá vàng SJC ngày 18/11/2021,https://giavang.org/trong-nuoc/sjc/lich-su/2021-11-18.html,4503
Lịch sử giá vàng SJC ngày 19/11/2021,https://giavang.org/trong-nuoc/sjc/lich-su/2021-11-19.html,4504
Lịch sử giá vàng SJC ngày 20/11/2021,https://giavang.org/trong-nuoc/sjc/lich-su/2021-11-20.html,4505
Lịch sử giá vàng SJC ngày 21/11/2021,https://giavang.org/trong-nuoc/sjc/lich-su/2021-11-21.html,4506
Lịch sử giá vàng SJC ngày 22/11/2021,https://giavang.org/trong-nuoc/sjc/lich-su/2021-11-22.html,4507
Lịch sử giá vàng SJC ngày 23/11/2021,https://giavang.org/trong-nuoc/sjc/lich-su/2021-11-23.html,4508
Lịch sử giá vàng SJC ngày 24/11/2021,https://giavang.org/trong-nuoc/sjc/lich-su/2021-11-24.html,4509
Lịch sử giá vàng SJC ngày 25/11/2021,https://giavang.org/trong-nuoc/sjc/lich-su/2021-11-25.html,4510
Lịch sử giá vàng SJC ngày 26/11/2021,https://giavang.org/trong-nuoc/sjc/lich-su/2021-11-26.html,4511
Lịch sử giá vàng SJC ngày 27/11/2021,https://giavang.org/trong-nuoc/sjc/lich-su/2021-11-27.html,4512
Lịch sử giá vàng SJC ngày 28/11/2021,https://giavang.org/trong-nuoc/sjc/lich-su/2021-11-28.html,4513
Lịch sử giá vàng SJC ngày 29/11/2021,https://giavang.org/trong-nuoc/sjc/lich-su/2021-11-29.html,4514
Lịch sử giá vàng SJC ngày 30/11/2021,https://giavang.org/trong-nuoc/sjc/lich-su/2021-11-30.html,4515
Lịch sử giá vàng SJC ngày 01/12/2021,https://giavang.org/trong-nuoc/sjc/lich-su/2021-12-01.html,4516
Lịch sử giá vàng SJC ngày 02/12/2021,https://giavang.org/trong-nuoc/sjc/lich-su/2021-12-02.html,4517
Lịch sử giá vàng SJC ngày 03/12/2021,https://giavang.org/trong-nuoc/sjc/lich-su/2021-12-03.html,4518
Lịch sử giá vàng SJC ngày 04/12/2021,https://giavang.org/trong-nuoc/sjc/lich-su/2021-12-04.html,4519
Lịch sử giá vàng SJC ngày 05/12/2021,https://giavang.org/trong-nuoc/sjc/lich-su/2021-12-05.html,4520
Lịch sử giá vàng SJC ngày 06/12/2021,https://giavang.org/trong-nuoc/sjc/lich-su/2021-12-06.html,4521
Lịch sử giá vàng SJC ngày 07/12/2021,https://giavang.org/trong-nuoc/sjc/lich-su/2021-12-07.html,4522
Lịch sử giá vàng SJC ngày 08/12/2021,https://giavang.org/trong-nuoc/sjc/lich-su/2021-12-08.html,4523
Lịch sử giá vàng SJC ngày 09/12/2021,https://giavang.org/trong-nuoc/sjc/lich-su/2021-12-09.html,4524
Lịch sử giá vàng SJC ngày 10/12/2021,https://giavang.org/trong-nuoc/sjc/lich-su/2021-12-10.html,4525
Lịch sử giá vàng SJC ngày 11/12/2021,https://giavang.org/trong-nuoc/sjc/lich-su/2021-12-11.html,4526
Lịch sử giá vàng SJC ngày 12/12/2021,https://giavang.org/trong-nuoc/sjc/lich-su/2021-12-12.html,4527
Lịch sử giá vàng SJC ngày 13/12/2021,https://giavang.org/trong-nuoc/sjc/lich-su/2021-12-13.html,4528
Lịch sử giá vàng SJC ngày 14/12/2021,https://giavang.org/trong-nuoc/sjc/lich-su/2021-12-14.html,4529
Lịch sử giá vàng SJC ngày 15/12/2021,https://giavang.org/trong-nuoc/sjc/lich-su/2021-12-15.html,4530
Lịch sử giá vàng SJC ngày 16/12/2021,https://giavang.org/trong-nuoc/sjc/lich-su/2021-12-16.html,4531
Lịch sử giá vàng SJC ngày 17/12/2021,https://giavang.org/trong-nuoc/sjc/lich-su/2021-12-17.html,4532
Lịch sử giá vàng SJC ngày 18/12/2021,https://giavang.org/trong-nuoc/sjc/lich-su/2021-12-18.html,4533
Lịch sử giá vàng SJC ngày 19/12/2021,https://giavang.org/trong-nuoc/sjc/lich-su/2021-12-19.html,4534
Lịch sử giá vàng SJC ngày 20/12/2021,https://giavang.org/trong-nuoc/sjc/lich-su/2021-12-20.html,4535
Lịch sử giá vàng SJC ngày 21/12/2021,https://giavang.org/trong-nuoc/sjc/lich-su/2021-12-21.html,4536
Lịch sử giá vàng SJC ngày 22/12/2021,https://giavang.org/trong-nuoc/sjc/lich-su/2021-12-22.html,4537
Lịch sử giá vàng SJC ngày 23/12/2021,https://giavang.org/trong-nuoc/sjc/lich-su/2021-12-23.html,4538
Lịch sử giá vàng SJC ngày 24/12/2021,https://giavang.org/trong-nuoc/sjc/lich-su/2021-12-24.html,4539
Lịch sử giá vàng SJC ngày 25/12/2021,https://giavang.org/trong-nuoc/sjc/lich-su/2021-12-25.html,4540
Lịch sử giá vàng SJC ngày 26/12/2021,https://giavang.org/trong-nuoc/sjc/lich-su/2021-12-26.html,4541
Lịch sử giá vàng SJC ngày 27/12/2021,https://giavang.org/trong-nuoc/sjc/lich-su/2021-12-27.html,4542
Lịch sử giá vàng SJC ngày 28/12/2021,https://giavang.org/trong-nuoc/sjc/lich-su/2021-12-28.html,4543
Lịch sử giá vàng SJC ngày 29/12/2021,https://giavang.org/trong-nuoc/sjc/lich-su/2021-12-29.html,4544
Lịch sử giá vàng SJC ngày 30/12/2021,https://giavang.org/trong-nuoc/sjc/lich-su/2021-12-30.html,4545
Lịch sử giá vàng SJC ngày 31/12/2021,https://giavang.org/trong-nuoc/sjc/lich-su/2021-12-31.html,4546
Lịch sử giá vàng SJC ngày 01/01/2022,https://giavang.org/trong-nuoc/sjc/lich-su/2022-01-01.html,4547
Lịch sử giá vàng SJC ngày 02/01/2022,https://giavang.org/trong-nuoc/sjc/lich-su/2022-01-02.html,4548
Lịch sử giá vàng SJC ngày 03/01/2022,https://giavang.org/trong-nuoc/sjc/lich-su/2022-01-03.html,4549
Lịch sử giá vàng SJC ngày 04/01/2022,https://giavang.org/trong-nuoc/sjc/lich-su/2022-01-04.html,4550
Lịch sử giá vàng SJC ngày 05/01/2022,https://giavang.org/trong-nuoc/sjc/lich-su/2022-01-05.html,4551
Lịch sử giá vàng SJC ngày 06/01/2022,https://giavang.org/trong-nuoc/sjc/lich-su/2022-01-06.html,4552
Lịch sử giá vàng SJC ngày 07/01/2022,https://giavang.org/trong-nuoc/sjc/lich-su/2022-01-07.html,4553
Lịch sử giá vàng SJC ngày 08/01/2022,https://giavang.org/trong-nuoc/sjc/lich-su/2022-01-08.html,4554
Lịch sử giá vàng SJC ngày 09/01/2022,https://giavang.org/trong-nuoc/sjc/lich-su/2022-01-09.html,4555
Lịch sử giá vàng SJC ngày 10/01/2022,https://giavang.org/trong-nuoc/sjc/lich-su/2022-01-10.html,4556
Lịch sử giá vàng SJC ngày 11/01/2022,https://giavang.org/trong-nuoc/sjc/lich-su/2022-01-11.html,4557
Lịch sử giá vàng SJC ngày 12/01/2022,https://giavang.org/trong-nuoc/sjc/lich-su/2022-01-12.html,4558
Lịch sử giá vàng SJC ngày 13/01/2022,https://giavang.org/trong-nuoc/sjc/lich-su/2022-01-13.html,4559
Lịch sử giá vàng SJC ngày 14/01/2022,https://giavang.org/trong-nuoc/sjc/lich-su/2022-01-14.html,4560
Lịch sử giá vàng SJC ngày 15/01/2022,https://giavang.org/trong-nuoc/sjc/lich-su/2022-01-15.html,4561
Lịch sử giá vàng SJC ngày 16/01/2022,https://giavang.org/trong-nuoc/sjc/lich-su/2022-01-16.html,4562
Lịch sử giá vàng SJC ngày 17/01/2022,https://giavang.org/trong-nuoc/sjc/lich-su/2022-01-17.html,4563
Lịch sử giá vàng SJC ngày 18/01/2022,https://giavang.org/trong-nuoc/sjc/lich-su/2022-01-18.html,4564
Lịch sử giá vàng SJC ngày 19/01/2022,https://giavang.org/trong-nuoc/sjc/lich-su/2022-01-19.html,4565
Lịch sử giá vàng SJC ngày 20/01/2022,https://giavang.org/trong-nuoc/sjc/lich-su/2022-01-20.html,4566
Lịch sử giá vàng SJC ngày 21/01/2022,https://giavang.org/trong-nuoc/sjc/lich-su/2022-01-21.html,4567
Lịch sử giá vàng SJC ngày 22/01/2022,https://giavang.org/trong-nuoc/sjc/lich-su/2022-01-22.html,4568
Lịch sử giá vàng SJC ngày 23/01/2022,https://giavang.org/trong-nuoc/sjc/lich-su/2022-01-23.html,4569
Lịch sử giá vàng SJC ngày 24/01/2022,https://giavang.org/trong-nuoc/sjc/lich-su/2022-01-24.html,4570
Lịch sử giá vàng SJC ngày 25/01/2022,https://giavang.org/trong-nuoc/sjc/lich-su/2022-01-25.html,4571
Lịch sử giá vàng SJC ngày 26/01/2022,https://giavang.org/trong-nuoc/sjc/lich-su/2022-01-26.html,4572
Lịch sử giá vàng SJC ngày 27/01/2022,https://giavang.org/trong-nuoc/sjc/lich-su/2022-01-27.html,4573
Lịch sử giá vàng SJC ngày 28/01/2022,https://giavang.org/trong-nuoc/sjc/lich-su/2022-01-28.html,4574
Lịch sử giá vàng SJC ngày 29/01/2022,https://giavang.org/trong-nuoc/sjc/lich-su/2022-01-29.html,4575
Lịch sử giá vàng SJC ngày 30/01/2022,https://giavang.org/trong-nuoc/sjc/lich-su/2022-01-30.html,4576
Lịch sử giá vàng SJC ngày 31/01/2022,https://giavang.org/trong-nuoc/sjc/lich-su/2022-01-31.html,4577
Lịch sử giá vàng SJC ngày 01/02/2022,https://giavang.org/trong-nuoc/sjc/lich-su/2022-02-01.html,4578
Lịch sử giá vàng SJC ngày 02/02/2022,https://giavang.org/trong-nuoc/sjc/lich-su/2022-02-02.html,4579
Lịch sử giá vàng SJC ngày 03/02/2022,https://giavang.org/trong-nuoc/sjc/lich-su/2022-02-03.html,4580
Lịch sử giá vàng SJC ngày 04/02/2022,https://giavang.org/trong-nuoc/sjc/lich-su/2022-02-04.html,4581
Lịch sử giá vàng SJC ngày 05/02/2022,https://giavang.org/trong-nuoc/sjc/lich-su/2022-02-05.html,4582
Lịch sử giá vàng SJC ngày 06/02/2022,https://giavang.org/trong-nuoc/sjc/lich-su/2022-02-06.html,4583
Lịch sử giá vàng SJC ngày 07/02/2022,https://giavang.org/trong-nuoc/sjc/lich-su/2022-02-07.html,4584
Lịch sử giá vàng SJC ngày 08/02/2022,https://giavang.org/trong-nuoc/sjc/lich-su/2022-02-08.html,4585
Lịch sử giá vàng SJC ngày 09/02/2022,https://giavang.org/trong-nuoc/sjc/lich-su/2022-02-09.html,4586
Lịch sử giá vàng SJC ngày 10/02/2022,https://giavang.org/trong-nuoc/sjc/lich-su/2022-02-10.html,4587
Lịch sử giá vàng SJC ngày 11/02/2022,https://giavang.org/trong-nuoc/sjc/lich-su/2022-02-11.html,4588
Lịch sử giá vàng SJC ngày 12/02/2022,https://giavang.org/trong-nuoc/sjc/lich-su/2022-02-12.html,4589
Lịch sử giá vàng SJC ngày 13/02/2022,https://giavang.org/trong-nuoc/sjc/lich-su/2022-02-13.html,4590
Lịch sử giá vàng SJC ngày 14/02/2022,https://giavang.org/trong-nuoc/sjc/lich-su/2022-02-14.html,4591
Lịch sử giá vàng SJC ngày 15/02/2022,https://giavang.org/trong-nuoc/sjc/lich-su/2022-02-15.html,4592
Lịch sử giá vàng SJC ngày 16/02/2022,https://giavang.org/trong-nuoc/sjc/lich-su/2022-02-16.html,4593
Lịch sử giá vàng SJC ngày 17/02/2022,https://giavang.org/trong-nuoc/sjc/lich-su/2022-02-17.html,4594
Lịch sử giá vàng SJC ngày 18/02/2022,https://giavang.org/trong-nuoc/sjc/lich-su/2022-02-18.html,4595
Lịch sử giá vàng SJC ngày 19/02/2022,https://giavang.org/trong-nuoc/sjc/lich-su/2022-02-19.html,4596
Lịch sử giá vàng SJC ngày 20/02/2022,https://giavang.org/trong-nuoc/sjc/lich-su/2022-02-20.html,4597
Lịch sử giá vàng SJC ngày 21/02/2022,https://giavang.org/trong-nuoc/sjc/lich-su/2022-02-21.html,4598
Lịch sử giá vàng SJC ngày 22/02/2022,https://giavang.org/trong-nuoc/sjc/lich-su/2022-02-22.html,4599
Lịch sử giá vàng SJC ngày 23/02/2022,https://giavang.org/trong-nuoc/sjc/lich-su/2022-02-23.html,4600
Lịch sử giá vàng SJC ngày 24/02/2022,https://giavang.org/trong-nuoc/sjc/lich-su/2022-02-24.html,4601
Lịch sử giá vàng SJC ngày 25/02/2022,https://giavang.org/trong-nuoc/sjc/lich-su/2022-02-25.html,4602
Lịch sử giá vàng SJC ngày 26/02/2022,https://giavang.org/trong-nuoc/sjc/lich-su/2022-02-26.html,4603
Lịch sử giá vàng SJC ngày 27/02/2022,https://giavang.org/trong-nuoc/sjc/lich-su/2022-02-27.html,4604
Lịch sử giá vàng SJC ngày 28/02/2022,https://giavang.org/trong-nuoc/sjc/lich-su/2022-02-28.html,4605
Lịch sử giá vàng SJC ngày 01/03/2022,https://giavang.org/trong-nuoc/sjc/lich-su/2022-03-01.html,4606
Lịch sử giá vàng SJC ngày 02/03/2022,https://giavang.org/trong-nuoc/sjc/lich-su/2022-03-02.html,4607
Lịch sử giá vàng SJC ngày 03/03/2022,https://giavang.org/trong-nuoc/sjc/lich-su/2022-03-03.html,4608
Lịch sử giá vàng SJC ngày 04/03/2022,https://giavang.org/trong-nuoc/sjc/lich-su/2022-03-04.html,4609
Lịch sử giá vàng SJC ngày 05/03/2022,https://giavang.org/trong-nuoc/sjc/lich-su/2022-03-05.html,4610
Lịch sử giá vàng SJC ngày 06/03/2022,https://giavang.org/trong-nuoc/sjc/lich-su/2022-03-06.html,4611
Lịch sử giá vàng SJC ngày 07/03/2022,https://giavang.org/trong-nuoc/sjc/lich-su/2022-03-07.html,4612
Lịch sử giá vàng SJC ngày 08/03/2022,https://giavang.org/trong-nuoc/sjc/lich-su/2022-03-08.html,4613
Lịch sử giá vàng SJC ngày 09/03/2022,https://giavang.org/trong-nuoc/sjc/lich-su/2022-03-09.html,4614
Lịch sử giá vàng SJC ngày 10/03/2022,https://giavang.org/trong-nuoc/sjc/lich-su/2022-03-10.html,4615
Lịch sử giá vàng SJC ngày 11/03/2022,https://giavang.org/trong-nuoc/sjc/lich-su/2022-03-11.html,4616
Lịch sử giá vàng SJC ngày 12/03/2022,https://giavang.org/trong-nuoc/sjc/lich-su/2022-03-12.html,4617
Lịch sử giá vàng SJC ngày 13/03/2022,https://giavang.org/trong-nuoc/sjc/lich-su/2022-03-13.html,4618
Lịch sử giá vàng SJC ngày 14/03/2022,https://giavang.org/trong-nuoc/sjc/lich-su/2022-03-14.html,4619
Lịch sử giá vàng SJC ngày 15/03/2022,https://giavang.org/trong-nuoc/sjc/lich-su/2022-03-15.html,4620
Lịch sử giá vàng SJC ngày 16/03/2022,https://giavang.org/trong-nuoc/sjc/lich-su/2022-03-16.html,4621
Lịch sử giá vàng SJC ngày 17/03/2022,https://giavang.org/trong-nuoc/sjc/lich-su/2022-03-17.html,4622
Lịch sử giá vàng SJC ngày 18/03/2022,https://giavang.org/trong-nuoc/sjc/lich-su/2022-03-18.html,4623
Lịch sử giá vàng SJC ngày 19/03/2022,https://giavang.org/trong-nuoc/sjc/lich-su/2022-03-19.html,4624
Lịch sử giá vàng SJC ngày 20/03/2022,https://giavang.org/trong-nuoc/sjc/lich-su/2022-03-20.html,4625
Lịch sử giá vàng SJC ngày 21/03/2022,https://giavang.org/trong-nuoc/sjc/lich-su/2022-03-21.html,4626
Lịch sử giá vàng SJC ngày 22/03/2022,https://giavang.org/trong-nuoc/sjc/lich-su/2022-03-22.html,4627
Lịch sử giá vàng SJC ngày 23/03/2022,https://giavang.org/trong-nuoc/sjc/lich-su/2022-03-23.html,4628
Lịch sử giá vàng SJC ngày 24/03/2022,https://giavang.org/trong-nuoc/sjc/lich-su/2022-03-24.html,4629
Lịch sử giá vàng SJC ngày 25/03/2022,https://giavang.org/trong-nuoc/sjc/lich-su/2022-03-25.html,4630
Lịch sử giá vàng SJC ngày 26/03/2022,https://giavang.org/trong-nuoc/sjc/lich-su/2022-03-26.html,4631
Lịch sử giá vàng SJC ngày 27/03/2022,https://giavang.org/trong-nuoc/sjc/lich-su/2022-03-27.html,4632
Lịch sử giá vàng SJC ngày 28/03/2022,https://giavang.org/trong-nuoc/sjc/lich-su/2022-03-28.html,4633
Lịch sử giá vàng SJC ngày 29/03/2022,https://giavang.org/trong-nuoc/sjc/lich-su/2022-03-29.html,4634
Lịch sử giá vàng SJC ngày 30/03/2022,https://giavang.org/trong-nuoc/sjc/lich-su/2022-03-30.html,4635
Lịch sử giá vàng SJC ngày 31/03/2022,https://giavang.org/trong-nuoc/sjc/lich-su/2022-03-31.html,4636
Lịch sử giá vàng SJC ngày 01/04/2022,https://giavang.org/trong-nuoc/sjc/lich-su/2022-04-01.html,4637
Lịch sử giá vàng SJC ngày 02/04/2022,https://giavang.org/trong-nuoc/sjc/lich-su/2022-04-02.html,4638
Lịch sử giá vàng SJC ngày 03/04/2022,https://giavang.org/trong-nuoc/sjc/lich-su/2022-04-03.html,4639
Lịch sử giá vàng SJC ngày 04/04/2022,https://giavang.org/trong-nuoc/sjc/lich-su/2022-04-04.html,4640
Lịch sử giá vàng SJC ngày 05/04/2022,https://giavang.org/trong-nuoc/sjc/lich-su/2022-04-05.html,4641
Lịch sử giá vàng SJC ngày 06/04/2022,https://giavang.org/trong-nuoc/sjc/lich-su/2022-04-06.html,4642
Lịch sử giá vàng SJC ngày 07/04/2022,https://giavang.org/trong-nuoc/sjc/lich-su/2022-04-07.html,4643
Lịch sử giá vàng SJC ngày 08/04/2022,https://giavang.org/trong-nuoc/sjc/lich-su/2022-04-08.html,4644
Lịch sử giá vàng SJC ngày 09/04/2022,https://giavang.org/trong-nuoc/sjc/lich-su/2022-04-09.html,4645
Lịch sử giá vàng SJC ngày 10/04/2022,https://giavang.org/trong-nuoc/sjc/lich-su/2022-04-10.html,4646
Lịch sử giá vàng SJC ngày 11/04/2022,https://giavang.org/trong-nuoc/sjc/lich-su/2022-04-11.html,4647
Lịch sử giá vàng SJC ngày 12/04/2022,https://giavang.org/trong-nuoc/sjc/lich-su/2022-04-12.html,4648
Lịch sử giá vàng SJC ngày 13/04/2022,https://giavang.org/trong-nuoc/sjc/lich-su/2022-04-13.html,4649
Lịch sử giá vàng SJC ngày 14/04/2022,https://giavang.org/trong-nuoc/sjc/lich-su/2022-04-14.html,4650
Lịch sử giá vàng SJC ngày 15/04/2022,https://giavang.org/trong-nuoc/sjc/lich-su/2022-04-15.html,4651
Lịch sử giá vàng SJC ngày 16/04/2022,https://giavang.org/trong-nuoc/sjc/lich-su/2022-04-16.html,4652
Lịch sử giá vàng SJC ngày 17/04/2022,https://giavang.org/trong-nuoc/sjc/lich-su/2022-04-17.html,4653
Lịch sử giá vàng SJC ngày 18/04/2022,https://giavang.org/trong-nuoc/sjc/lich-su/2022-04-18.html,4654
Lịch sử giá vàng SJC ngày 19/04/2022,https://giavang.org/trong-nuoc/sjc/lich-su/2022-04-19.html,4655
Lịch sử giá vàng SJC ngày 20/04/2022,https://giavang.org/trong-nuoc/sjc/lich-su/2022-04-20.html,4656
Lịch sử giá vàng SJC ngày 21/04/2022,https://giavang.org/trong-nuoc/sjc/lich-su/2022-04-21.html,4657
Lịch sử giá vàng SJC ngày 22/04/2022,https://giavang.org/trong-nuoc/sjc/lich-su/2022-04-22.html,4658
Lịch sử giá vàng SJC ngày 23/04/2022,https://giavang.org/trong-nuoc/sjc/lich-su/2022-04-23.html,4659
Lịch sử giá vàng SJC ngày 24/04/2022,https://giavang.org/trong-nuoc/sjc/lich-su/2022-04-24.html,4660
Lịch sử giá vàng SJC ngày 25/04/2022,https://giavang.org/trong-nuoc/sjc/lich-su/2022-04-25.html,4661
Lịch sử giá vàng SJC ngày 26/04/2022,https://giavang.org/trong-nuoc/sjc/lich-su/2022-04-26.html,4662
Lịch sử giá vàng SJC ngày 27/04/2022,https://giavang.org/trong-nuoc/sjc/lich-su/2022-04-27.html,4663
Lịch sử giá vàng SJC ngày 28/04/2022,https://giavang.org/trong-nuoc/sjc/lich-su/2022-04-28.html,4664
Lịch sử giá vàng SJC ngày 29/04/2022,https://giavang.org/trong-nuoc/sjc/lich-su/2022-04-29.html,4665
Lịch sử giá vàng SJC ngày 30/04/2022,https://giavang.org/trong-nuoc/sjc/lich-su/2022-04-30.html,4666
Lịch sử giá vàng SJC ngày 01/05/2022,https://giavang.org/trong-nuoc/sjc/lich-su/2022-05-01.html,4667
Lịch sử giá vàng SJC ngày 02/05/2022,https://giavang.org/trong-nuoc/sjc/lich-su/2022-05-02.html,4668
Lịch sử giá vàng SJC ngày 03/05/2022,https://giavang.org/trong-nuoc/sjc/lich-su/2022-05-03.html,4669
Lịch sử giá vàng SJC ngày 04/05/2022,https://giavang.org/trong-nuoc/sjc/lich-su/2022-05-04.html,4670
Lịch sử giá vàng SJC ngày 05/05/2022,https://giavang.org/trong-nuoc/sjc/lich-su/2022-05-05.html,4671
Lịch sử giá vàng SJC ngày 06/05/2022,https://giavang.org/trong-nuoc/sjc/lich-su/2022-05-06.html,4672
Lịch sử giá vàng SJC ngày 07/05/2022,https://giavang.org/trong-nuoc/sjc/lich-su/2022-05-07.html,4673
Lịch sử giá vàng SJC ngày 08/05/2022,https://giavang.org/trong-nuoc/sjc/lich-su/2022-05-08.html,4674
Lịch sử giá vàng SJC ngày 09/05/2022,https://giavang.org/trong-nuoc/sjc/lich-su/2022-05-09.html,4675
Lịch sử giá vàng SJC ngày 10/05/2022,https://giavang.org/trong-nuoc/sjc/lich-su/2022-05-10.html,4676
Lịch sử giá vàng SJC ngày 11/05/2022,https://giavang.org/trong-nuoc/sjc/lich-su/2022-05-11.html,4677
Lịch sử giá vàng SJC ngày 12/05/2022,https://giavang.org/trong-nuoc/sjc/lich-su/2022-05-12.html,4678
Lịch sử giá vàng SJC ngày 13/05/2022,https://giavang.org/trong-nuoc/sjc/lich-su/2022-05-13.html,4679
Lịch sử giá vàng SJC ngày 14/05/2022,https://giavang.org/trong-nuoc/sjc/lich-su/2022-05-14.html,4680
Lịch sử giá vàng SJC ngày 15/05/2022,https://giavang.org/trong-nuoc/sjc/lich-su/2022-05-15.html,4681
Lịch sử giá vàng SJC ngày 16/05/2022,https://giavang.org/trong-nuoc/sjc/lich-su/2022-05-16.html,4682
Lịch sử giá vàng SJC ngày 17/05/2022,https://giavang.org/trong-nuoc/sjc/lich-su/2022-05-17.html,4683
Lịch sử giá vàng SJC ngày 18/05/2022,https://giavang.org/trong-nuoc/sjc/lich-su/2022-05-18.html,4684
Lịch sử giá vàng SJC ngày 19/05/2022,https://giavang.org/trong-nuoc/sjc/lich-su/2022-05-19.html,4685
Lịch sử giá vàng SJC ngày 20/05/2022,https://giavang.org/trong-nuoc/sjc/lich-su/2022-05-20.html,4686
Lịch sử giá vàng SJC ngày 21/05/2022,https://giavang.org/trong-nuoc/sjc/lich-su/2022-05-21.html,4687
Lịch sử giá vàng SJC ngày 22/05/2022,https://giavang.org/trong-nuoc/sjc/lich-su/2022-05-22.html,4688
Lịch sử giá vàng SJC ngày 23/05/2022,https://giavang.org/trong-nuoc/sjc/lich-su/2022-05-23.html,4689
Lịch sử giá vàng SJC ngày 24/05/2022,https://giavang.org/trong-nuoc/sjc/lich-su/2022-05-24.html,4690
Lịch sử giá vàng SJC ngày 25/05/2022,https://giavang.org/trong-nuoc/sjc/lich-su/2022-05-25.html,4691
Lịch sử giá vàng SJC ngày 26/05/2022,https://giavang.org/trong-nuoc/sjc/lich-su/2022-05-26.html,4692
Lịch sử giá vàng SJC ngày 27/05/2022,https://giavang.org/trong-nuoc/sjc/lich-su/2022-05-27.html,4693
Lịch sử giá vàng SJC ngày 28/05/2022,https://giavang.org/trong-nuoc/sjc/lich-su/2022-05-28.html,4694
Lịch sử giá vàng SJC ngày 29/05/2022,https://giavang.org/trong-nuoc/sjc/lich-su/2022-05-29.html,4695
Lịch sử giá vàng SJC ngày 30/05/2022,https://giavang.org/trong-nuoc/sjc/lich-su/2022-05-30.html,4696
Lịch sử giá vàng SJC ngày 31/05/2022,https://giavang.org/trong-nuoc/sjc/lich-su/2022-05-31.html,4697
Lịch sử giá vàng SJC ngày 01/06/2022,https://giavang.org/trong-nuoc/sjc/lich-su/2022-06-01.html,4698
Lịch sử giá vàng SJC ngày 02/06/2022,https://giavang.org/trong-nuoc/sjc/lich-su/2022-06-02.html,4699
Lịch sử giá vàng SJC ngày 03/06/2022,https://giavang.org/trong-nuoc/sjc/lich-su/2022-06-03.html,4700
Lịch sử giá vàng SJC ngày 04/06/2022,https://giavang.org/trong-nuoc/sjc/lich-su/2022-06-04.html,4701
Lịch sử giá vàng SJC ngày 05/06/2022,https://giavang.org/trong-nuoc/sjc/lich-su/2022-06-05.html,4702
Lịch sử giá vàng SJC ngày 06/06/2022,https://giavang.org/trong-nuoc/sjc/lich-su/2022-06-06.html,4703
Lịch sử giá vàng SJC ngày 07/06/2022,https://giavang.org/trong-nuoc/sjc/lich-su/2022-06-07.html,4704
Lịch sử giá vàng SJC ngày 08/06/2022,https://giavang.org/trong-nuoc/sjc/lich-su/2022-06-08.html,4705
Lịch sử giá vàng SJC ngày 09/06/2022,https://giavang.org/trong-nuoc/sjc/lich-su/2022-06-09.html,4706
Lịch sử giá vàng SJC ngày 10/06/2022,https://giavang.org/trong-nuoc/sjc/lich-su/2022-06-10.html,4707
Lịch sử giá vàng SJC ngày 11/06/2022,https://giavang.org/trong-nuoc/sjc/lich-su/2022-06-11.html,4708
Lịch sử giá vàng SJC ngày 12/06/2022,https://giavang.org/trong-nuoc/sjc/lich-su/2022-06-12.html,4709
Lịch sử giá vàng SJC ngày 13/06/2022,https://giavang.org/trong-nuoc/sjc/lich-su/2022-06-13.html,4710
Lịch sử giá vàng SJC ngày 14/06/2022,https://giavang.org/trong-nuoc/sjc/lich-su/2022-06-14.html,4711
Lịch sử giá vàng SJC ngày 15/06/2022,https://giavang.org/trong-nuoc/sjc/lich-su/2022-06-15.html,4712
Lịch sử giá vàng SJC ngày 16/06/2022,https://giavang.org/trong-nuoc/sjc/lich-su/2022-06-16.html,4713
Lịch sử giá vàng SJC ngày 17/06/2022,https://giavang.org/trong-nuoc/sjc/lich-su/2022-06-17.html,4714
Lịch sử giá vàng SJC ngày 18/06/2022,https://giavang.org/trong-nuoc/sjc/lich-su/2022-06-18.html,4715
Lịch sử giá vàng SJC ngày 19/06/2022,https://giavang.org/trong-nuoc/sjc/lich-su/2022-06-19.html,4716
Lịch sử giá vàng SJC ngày 20/06/2022,https://giavang.org/trong-nuoc/sjc/lich-su/2022-06-20.html,4717
Lịch sử giá vàng SJC ngày 21/06/2022,https://giavang.org/trong-nuoc/sjc/lich-su/2022-06-21.html,4718
Lịch sử giá vàng SJC ngày 22/06/2022,https://giavang.org/trong-nuoc/sjc/lich-su/2022-06-22.html,4719
Lịch sử giá vàng SJC ngày 23/06/2022,https://giavang.org/trong-nuoc/sjc/lich-su/2022-06-23.html,4720
Lịch sử giá vàng SJC ngày 24/06/2022,https://giavang.org/trong-nuoc/sjc/lich-su/2022-06-24.html,4721
Lịch sử giá vàng SJC ngày 25/06/2022,https://giavang.org/trong-nuoc/sjc/lich-su/2022-06-25.html,4722
Lịch sử giá vàng SJC ngày 26/06/2022,https://giavang.org/trong-nuoc/sjc/lich-su/2022-06-26.html,4723
Lịch sử giá vàng SJC ngày 27/06/2022,https://giavang.org/trong-nuoc/sjc/lich-su/2022-06-27.html,4724
Lịch sử giá vàng SJC ngày 28/06/2022,https://giavang.org/trong-nuoc/sjc/lich-su/2022-06-28.html,4725
Lịch sử giá vàng SJC ngày 29/06/2022,https://giavang.org/trong-nuoc/sjc/lich-su/2022-06-29.html,4726
Lịch sử giá vàng SJC ngày 30/06/2022,https://giavang.org/trong-nuoc/sjc/lich-su/2022-06-30.html,4727
Lịch sử giá vàng SJC ngày 01/07/2022,https://giavang.org/trong-nuoc/sjc/lich-su/2022-07-01.html,4728
Lịch sử giá vàng SJC ngày 02/07/2022,https://giavang.org/trong-nuoc/sjc/lich-su/2022-07-02.html,4729
Lịch sử giá vàng SJC ngày 03/07/2022,https://giavang.org/trong-nuoc/sjc/lich-su/2022-07-03.html,4730
Lịch sử giá vàng SJC ngày 04/07/2022,https://giavang.org/trong-nuoc/sjc/lich-su/2022-07-04.html,4731
Lịch sử giá vàng SJC ngày 05/07/2022,https://giavang.org/trong-nuoc/sjc/lich-su/2022-07-05.html,4732
Lịch sử giá vàng SJC ngày 06/07/2022,https://giavang.org/trong-nuoc/sjc/lich-su/2022-07-06.html,4733
Lịch sử giá vàng SJC ngày 07/07/2022,https://giavang.org/trong-nuoc/sjc/lich-su/2022-07-07.html,4734
Lịch sử giá vàng SJC ngày 08/07/2022,https://giavang.org/trong-nuoc/sjc/lich-su/2022-07-08.html,4735
Lịch sử giá vàng SJC ngày 09/07/2022,https://giavang.org/trong-nuoc/sjc/lich-su/2022-07-09.html,4736
Lịch sử giá vàng SJC ngày 10/07/2022,https://giavang.org/trong-nuoc/sjc/lich-su/2022-07-10.html,4737
Lịch sử giá vàng SJC ngày 11/07/2022,https://giavang.org/trong-nuoc/sjc/lich-su/2022-07-11.html,4738
Lịch sử giá vàng SJC ngày 12/07/2022,https://giavang.org/trong-nuoc/sjc/lich-su/2022-07-12.html,4739
Lịch sử giá vàng SJC ngày 13/07/2022,https://giavang.org/trong-nuoc/sjc/lich-su/2022-07-13.html,4740
Lịch sử giá vàng SJC ngày 14/07/2022,https://giavang.org/trong-nuoc/sjc/lich-su/2022-07-14.html,4741
Lịch sử giá vàng SJC ngày 15/07/2022,https://giavang.org/trong-nuoc/sjc/lich-su/2022-07-15.html,4742
Lịch sử giá vàng SJC ngày 16/07/2022,https://giavang.org/trong-nuoc/sjc/lich-su/2022-07-16.html,4743
Lịch sử giá vàng SJC ngày 17/07/2022,https://giavang.org/trong-nuoc/sjc/lich-su/2022-07-17.html,4744
Lịch sử giá vàng SJC ngày 18/07/2022,https://giavang.org/trong-nuoc/sjc/lich-su/2022-07-18.html,4745
Lịch sử giá vàng SJC ngày 19/07/2022,https://giavang.org/trong-nuoc/sjc/lich-su/2022-07-19.html,4746
Lịch sử giá vàng SJC ngày 20/07/2022,https://giavang.org/trong-nuoc/sjc/lich-su/2022-07-20.html,4747
Lịch sử giá vàng SJC ngày 21/07/2022,https://giavang.org/trong-nuoc/sjc/lich-su/2022-07-21.html,4748
Lịch sử giá vàng SJC ngày 22/07/2022,https://giavang.org/trong-nuoc/sjc/lich-su/2022-07-22.html,4749
Lịch sử giá vàng SJC ngày 23/07/2022,https://giavang.org/trong-nuoc/sjc/lich-su/2022-07-23.html,4750
Lịch sử giá vàng SJC ngày 24/07/2022,https://giavang.org/trong-nuoc/sjc/lich-su/2022-07-24.html,4751
Lịch sử giá vàng SJC ngày 25/07/2022,https://giavang.org/trong-nuoc/sjc/lich-su/2022-07-25.html,4752
Lịch sử giá vàng SJC ngày 26/07/2022,https://giavang.org/trong-nuoc/sjc/lich-su/2022-07-26.html,4753
Lịch sử giá vàng SJC ngày 27/07/2022,https://giavang.org/trong-nuoc/sjc/lich-su/2022-07-27.html,4754
Lịch sử giá vàng SJC ngày 28/07/2022,https://giavang.org/trong-nuoc/sjc/lich-su/2022-07-28.html,4755
Lịch sử giá vàng SJC ngày 29/07/2022,https://giavang.org/trong-nuoc/sjc/lich-su/2022-07-29.html,4756
Lịch sử giá vàng SJC ngày 30/07/2022,https://giavang.org/trong-nuoc/sjc/lich-su/2022-07-30.html,4757
Lịch sử giá vàng SJC ngày 31/07/2022,https://giavang.org/trong-nuoc/sjc/lich-su/2022-07-31.html,4758
Lịch sử giá vàng SJC ngày 01/08/2022,https://giavang.org/trong-nuoc/sjc/lich-su/2022-08-01.html,4759
Lịch sử giá vàng SJC ngày 02/08/2022,https://giavang.org/trong-nuoc/sjc/lich-su/2022-08-02.html,4760
Lịch sử giá vàng SJC ngày 03/08/2022,https://giavang.org/trong-nuoc/sjc/lich-su/2022-08-03.html,4761
Lịch sử giá vàng SJC ngày 04/08/2022,https://giavang.org/trong-nuoc/sjc/lich-su/2022-08-04.html,4762
Lịch sử giá vàng SJC ngày 05/08/2022,https://giavang.org/trong-nuoc/sjc/lich-su/2022-08-05.html,4763
Lịch sử giá vàng SJC ngày 06/08/2022,https://giavang.org/trong-nuoc/sjc/lich-su/2022-08-06.html,4764
Lịch sử giá vàng SJC ngày 07/08/2022,https://giavang.org/trong-nuoc/sjc/lich-su/2022-08-07.html,4765
Lịch sử giá vàng SJC ngày 08/08/2022,https://giavang.org/trong-nuoc/sjc/lich-su/2022-08-08.html,4766
Lịch sử giá vàng SJC ngày 09/08/2022,https://giavang.org/trong-nuoc/sjc/lich-su/2022-08-09.html,4767
Lịch sử giá vàng SJC ngày 10/08/2022,https://giavang.org/trong-nuoc/sjc/lich-su/2022-08-10.html,4768
Lịch sử giá vàng SJC ngày 11/08/2022,https://giavang.org/trong-nuoc/sjc/lich-su/2022-08-11.html,4769
Lịch sử giá vàng SJC ngày 12/08/2022,https://giavang.org/trong-nuoc/sjc/lich-su/2022-08-12.html,4770
Lịch sử giá vàng SJC ngày 13/08/2022,https://giavang.org/trong-nuoc/sjc/lich-su/2022-08-13.html,4771
Lịch sử giá vàng SJC ngày 14/08/2022,https://giavang.org/trong-nuoc/sjc/lich-su/2022-08-14.html,4772
Lịch sử giá vàng SJC ngày 15/08/2022,https://giavang.org/trong-nuoc/sjc/lich-su/2022-08-15.html,4773
Lịch sử giá vàng SJC ngày 16/08/2022,https://giavang.org/trong-nuoc/sjc/lich-su/2022-08-16.html,4774
Lịch sử giá vàng SJC ngày 17/08/2022,https://giavang.org/trong-nuoc/sjc/lich-su/2022-08-17.html,4775
Lịch sử giá vàng SJC ngày 18/08/2022,https://giavang.org/trong-nuoc/sjc/lich-su/2022-08-18.html,4776
Lịch sử giá vàng SJC ngày 19/08/2022,https://giavang.org/trong-nuoc/sjc/lich-su/2022-08-19.html,4777
Lịch sử giá vàng SJC ngày 20/08/2022,https://giavang.org/trong-nuoc/sjc/lich-su/2022-08-20.html,4778
Lịch sử giá vàng SJC ngày 21/08/2022,https://giavang.org/trong-nuoc/sjc/lich-su/2022-08-21.html,4779
Lịch sử giá vàng SJC ngày 22/08/2022,https://giavang.org/trong-nuoc/sjc/lich-su/2022-08-22.html,4780
Lịch sử giá vàng SJC ngày 23/08/2022,https://giavang.org/trong-nuoc/sjc/lich-su/2022-08-23.html,4781
Lịch sử giá vàng SJC ngày 24/08/2022,https://giavang.org/trong-nuoc/sjc/lich-su/2022-08-24.html,4782
Lịch sử giá vàng SJC ngày 25/08/2022,https://giavang.org/trong-nuoc/sjc/lich-su/2022-08-25.html,4783
Lịch sử giá vàng SJC ngày 26/08/2022,https://giavang.org/trong-nuoc/sjc/lich-su/2022-08-26.html,4784
Lịch sử giá vàng SJC ngày 27/08/2022,https://giavang.org/trong-nuoc/sjc/lich-su/2022-08-27.html,4785
Lịch sử giá vàng SJC ngày 28/08/2022,https://giavang.org/trong-nuoc/sjc/lich-su/2022-08-28.html,4786
Lịch sử giá vàng SJC ngày 29/08/2022,https://giavang.org/trong-nuoc/sjc/lich-su/2022-08-29.html,4787
Lịch sử giá vàng SJC ngày 30/08/2022,https://giavang.org/trong-nuoc/sjc/lich-su/2022-08-30.html,4788
Lịch sử giá vàng SJC ngày 31/08/2022,https://giavang.org/trong-nuoc/sjc/lich-su/2022-08-31.html,4789
Lịch sử giá vàng SJC ngày 01/09/2022,https://giavang.org/trong-nuoc/sjc/lich-su/2022-09-01.html,4790
Lịch sử giá vàng SJC ngày 02/09/2022,https://giavang.org/trong-nuoc/sjc/lich-su/2022-09-02.html,4791
Lịch sử giá vàng SJC ngày 03/09/2022,https://giavang.org/trong-nuoc/sjc/lich-su/2022-09-03.html,4792
Lịch sử giá vàng SJC ngày 04/09/2022,https://giavang.org/trong-nuoc/sjc/lich-su/2022-09-04.html,4793
Lịch sử giá vàng SJC ngày 05/09/2022,https://giavang.org/trong-nuoc/sjc/lich-su/2022-09-05.html,4794
Lịch sử giá vàng SJC ngày 06/09/2022,https://giavang.org/trong-nuoc/sjc/lich-su/2022-09-06.html,4795
Lịch sử giá vàng SJC ngày 07/09/2022,https://giavang.org/trong-nuoc/sjc/lich-su/2022-09-07.html,4796
Lịch sử giá vàng SJC ngày 08/09/2022,https://giavang.org/trong-nuoc/sjc/lich-su/2022-09-08.html,4797
Lịch sử giá vàng SJC ngày 09/09/2022,https://giavang.org/trong-nuoc/sjc/lich-su/2022-09-09.html,4798
Lịch sử giá vàng SJC ngày 10/09/2022,https://giavang.org/trong-nuoc/sjc/lich-su/2022-09-10.html,4799
Lịch sử giá vàng SJC ngày 11/09/2022,https://giavang.org/trong-nuoc/sjc/lich-su/2022-09-11.html,4800
Lịch sử giá vàng SJC ngày 12/09/2022,https://giavang.org/trong-nuoc/sjc/lich-su/2022-09-12.html,4801
Lịch sử giá vàng SJC ngày 13/09/2022,https://giavang.org/trong-nuoc/sjc/lich-su/2022-09-13.html,4802
Lịch sử giá vàng SJC ngày 14/09/2022,https://giavang.org/trong-nuoc/sjc/lich-su/2022-09-14.html,4803
Lịch sử giá vàng SJC ngày 15/09/2022,https://giavang.org/trong-nuoc/sjc/lich-su/2022-09-15.html,4804
Lịch sử giá vàng SJC ngày 16/09/2022,https://giavang.org/trong-nuoc/sjc/lich-su/2022-09-16.html,4805
Lịch sử giá vàng SJC ngày 17/09/2022,https://giavang.org/trong-nuoc/sjc/lich-su/2022-09-17.html,4806
Lịch sử giá vàng SJC ngày 18/09/2022,https://giavang.org/trong-nuoc/sjc/lich-su/2022-09-18.html,4807
Lịch sử giá vàng SJC ngày 19/09/2022,https://giavang.org/trong-nuoc/sjc/lich-su/2022-09-19.html,4808
Lịch sử giá vàng SJC ngày 20/09/2022,https://giavang.org/trong-nuoc/sjc/lich-su/2022-09-20.html,4809
Lịch sử giá vàng SJC ngày 21/09/2022,https://giavang.org/trong-nuoc/sjc/lich-su/2022-09-21.html,4810
Lịch sử giá vàng SJC ngày 22/09/2022,https://giavang.org/trong-nuoc/sjc/lich-su/2022-09-22.html,4811
Lịch sử giá vàng SJC ngày 23/09/2022,https://giavang.org/trong-nuoc/sjc/lich-su/2022-09-23.html,4812
Lịch sử giá vàng SJC ngày 24/09/2022,https://giavang.org/trong-nuoc/sjc/lich-su/2022-09-24.html,4813
Lịch sử giá vàng SJC ngày 25/09/2022,https://giavang.org/trong-nuoc/sjc/lich-su/2022-09-25.html,4814
Lịch sử giá vàng SJC ngày 26/09/2022,https://giavang.org/trong-nuoc/sjc/lich-su/2022-09-26.html,4815
Lịch sử giá vàng SJC ngày 27/09/2022,https://giavang.org/trong-nuoc/sjc/lich-su/2022-09-27.html,4816
Lịch sử giá vàng SJC ngày 28/09/2022,https://giavang.org/trong-nuoc/sjc/lich-su/2022-09-28.html,4817
Lịch sử giá vàng SJC ngày 29/09/2022,https://giavang.org/trong-nuoc/sjc/lich-su/2022-09-29.html,4818
Lịch sử giá vàng SJC ngày 30/09/2022,https://giavang.org/trong-nuoc/sjc/lich-su/2022-09-30.html,4819
Lịch sử giá vàng SJC ngày 01/10/2022,https://giavang.org/trong-nuoc/sjc/lich-su/2022-10-01.html,4820
Lịch sử giá vàng SJC ngày 02/10/2022,https://giavang.org/trong-nuoc/sjc/lich-su/2022-10-02.html,4821
Lịch sử giá vàng SJC ngày 03/10/2022,https://giavang.org/trong-nuoc/sjc/lich-su/2022-10-03.html,4822
Lịch sử giá vàng SJC ngày 04/10/2022,https://giavang.org/trong-nuoc/sjc/lich-su/2022-10-04.html,4823
Lịch sử giá vàng SJC ngày 05/10/2022,https://giavang.org/trong-nuoc/sjc/lich-su/2022-10-05.html,4824
Lịch sử giá vàng SJC ngày 06/10/2022,https://giavang.org/trong-nuoc/sjc/lich-su/2022-10-06.html,4825
Lịch sử giá vàng SJC ngày 07/10/2022,https://giavang.org/trong-nuoc/sjc/lich-su/2022-10-07.html,4826
Lịch sử giá vàng SJC ngày 08/10/2022,https://giavang.org/trong-nuoc/sjc/lich-su/2022-10-08.html,4827
Lịch sử giá vàng SJC ngày 09/10/2022,https://giavang.org/trong-nuoc/sjc/lich-su/2022-10-09.html,4828
Lịch sử giá vàng SJC ngày 10/10/2022,https://giavang.org/trong-nuoc/sjc/lich-su/2022-10-10.html,4829
Lịch sử giá vàng SJC ngày 11/10/2022,https://giavang.org/trong-nuoc/sjc/lich-su/2022-10-11.html,4830
Lịch sử giá vàng SJC ngày 12/10/2022,https://giavang.org/trong-nuoc/sjc/lich-su/2022-10-12.html,4831
Lịch sử giá vàng SJC ngày 13/10/2022,https://giavang.org/trong-nuoc/sjc/lich-su/2022-10-13.html,4832
Lịch sử giá vàng SJC ngày 14/10/2022,https://giavang.org/trong-nuoc/sjc/lich-su/2022-10-14.html,4833
Lịch sử giá vàng SJC ngày 15/10/2022,https://giavang.org/trong-nuoc/sjc/lich-su/2022-10-15.html,4834
Lịch sử giá vàng SJC ngày 16/10/2022,https://giavang.org/trong-nuoc/sjc/lich-su/2022-10-16.html,4835
Lịch sử giá vàng SJC ngày 17/10/2022,https://giavang.org/trong-nuoc/sjc/lich-su/2022-10-17.html,4836
Lịch sử giá vàng SJC ngày 18/10/2022,https://giavang.org/trong-nuoc/sjc/lich-su/2022-10-18.html,4837
Lịch sử giá vàng SJC ngày 19/10/2022,https://giavang.org/trong-nuoc/sjc/lich-su/2022-10-19.html,4838
Lịch sử giá vàng SJC ngày 20/10/2022,https://giavang.org/trong-nuoc/sjc/lich-su/2022-10-20.html,4839
Lịch sử giá vàng SJC ngày 21/10/2022,https://giavang.org/trong-nuoc/sjc/lich-su/2022-10-21.html,4840
Lịch sử giá vàng SJC ngày 22/10/2022,https://giavang.org/trong-nuoc/sjc/lich-su/2022-10-22.html,4841
Lịch sử giá vàng SJC ngày 23/10/2022,https://giavang.org/trong-nuoc/sjc/lich-su/2022-10-23.html,4842
Lịch sử giá vàng SJC ngày 24/10/2022,https://giavang.org/trong-nuoc/sjc/lich-su/2022-10-24.html,4843
Lịch sử giá vàng SJC ngày 25/10/2022,https://giavang.org/trong-nuoc/sjc/lich-su/2022-10-25.html,4844
Lịch sử giá vàng SJC ngày 26/10/2022,https://giavang.org/trong-nuoc/sjc/lich-su/2022-10-26.html,4845
Lịch sử giá vàng SJC ngày 27/10/2022,https://giavang.org/trong-nuoc/sjc/lich-su/2022-10-27.html,4846
Lịch sử giá vàng SJC ngày 28/10/2022,https://giavang.org/trong-nuoc/sjc/lich-su/2022-10-28.html,4847
Lịch sử giá vàng SJC ngày 29/10/2022,https://giavang.org/trong-nuoc/sjc/lich-su/2022-10-29.html,4848
Lịch sử giá vàng SJC ngày 30/10/2022,https://giavang.org/trong-nuoc/sjc/lich-su/2022-10-30.html,4849
Lịch sử giá vàng SJC ngày 31/10/2022,https://giavang.org/trong-nuoc/sjc/lich-su/2022-10-31.html,4850
Lịch sử giá vàng SJC ngày 01/11/2022,https://giavang.org/trong-nuoc/sjc/lich-su/2022-11-01.html,4851
Lịch sử giá vàng SJC ngày 02/11/2022,https://giavang.org/trong-nuoc/sjc/lich-su/2022-11-02.html,4852
Lịch sử giá vàng SJC ngày 03/11/2022,https://giavang.org/trong-nuoc/sjc/lich-su/2022-11-03.html,4853
Lịch sử giá vàng SJC ngày 04/11/2022,https://giavang.org/trong-nuoc/sjc/lich-su/2022-11-04.html,4854
Lịch sử giá vàng SJC ngày 05/11/2022,https://giavang.org/trong-nuoc/sjc/lich-su/2022-11-05.html,4855
Lịch sử giá vàng SJC ngày 06/11/2022,https://giavang.org/trong-nuoc/sjc/lich-su/2022-11-06.html,4856
Lịch sử giá vàng SJC ngày 07/11/2022,https://giavang.org/trong-nuoc/sjc/lich-su/2022-11-07.html,4857
Lịch sử giá vàng SJC ngày 08/11/2022,https://giavang.org/trong-nuoc/sjc/lich-su/2022-11-08.html,4858
Lịch sử giá vàng SJC ngày 09/11/2022,https://giavang.org/trong-nuoc/sjc/lich-su/2022-11-09.html,4859
Lịch sử giá vàng SJC ngày 10/11/2022,https://giavang.org/trong-nuoc/sjc/lich-su/2022-11-10.html,4860
Lịch sử giá vàng SJC ngày 11/11/2022,https://giavang.org/trong-nuoc/sjc/lich-su/2022-11-11.html,4861
Lịch sử giá vàng SJC ngày 12/11/2022,https://giavang.org/trong-nuoc/sjc/lich-su/2022-11-12.html,4862
Lịch sử giá vàng SJC ngày 13/11/2022,https://giavang.org/trong-nuoc/sjc/lich-su/2022-11-13.html,4863
Lịch sử giá vàng SJC ngày 14/11/2022,https://giavang.org/trong-nuoc/sjc/lich-su/2022-11-14.html,4864
Lịch sử giá vàng SJC ngày 15/11/2022,https://giavang.org/trong-nuoc/sjc/lich-su/2022-11-15.html,4865
Lịch sử giá vàng SJC ngày 16/11/2022,https://giavang.org/trong-nuoc/sjc/lich-su/2022-11-16.html,4866
Lịch sử giá vàng SJC ngày 17/11/2022,https://giavang.org/trong-nuoc/sjc/lich-su/2022-11-17.html,4867
Lịch sử giá vàng SJC ngày 18/11/2022,https://giavang.org/trong-nuoc/sjc/lich-su/2022-11-18.html,4868
Lịch sử giá vàng SJC ngày 19/11/2022,https://giavang.org/trong-nuoc/sjc/lich-su/2022-11-19.html,4869
Lịch sử giá vàng SJC ngày 20/11/2022,https://giavang.org/trong-nuoc/sjc/lich-su/2022-11-20.html,4870
Lịch sử giá vàng SJC ngày 21/11/2022,https://giavang.org/trong-nuoc/sjc/lich-su/2022-11-21.html,4871
Lịch sử giá vàng SJC ngày 22/11/2022,https://giavang.org/trong-nuoc/sjc/lich-su/2022-11-22.html,4872
Lịch sử giá vàng SJC ngày 23/11/2022,https://giavang.org/trong-nuoc/sjc/lich-su/2022-11-23.html,4873
Lịch sử giá vàng SJC ngày 24/11/2022,https://giavang.org/trong-nuoc/sjc/lich-su/2022-11-24.html,4874
Lịch sử giá vàng SJC ngày 25/11/2022,https://giavang.org/trong-nuoc/sjc/lich-su/2022-11-25.html,4875
Lịch sử giá vàng SJC ngày 26/11/2022,https://giavang.org/trong-nuoc/sjc/lich-su/2022-11-26.html,4876
Lịch sử giá vàng SJC ngày 27/11/2022,https://giavang.org/trong-nuoc/sjc/lich-su/2022-11-27.html,4877
Lịch sử giá vàng SJC ngày 28/11/2022,https://giavang.org/trong-nuoc/sjc/lich-su/2022-11-28.html,4878
Lịch sử giá vàng SJC ngày 29/11/2022,https://giavang.org/trong-nuoc/sjc/lich-su/2022-11-29.html,4879
Lịch sử giá vàng SJC ngày 30/11/2022,https://giavang.org/trong-nuoc/sjc/lich-su/2022-11-30.html,4880
Lịch sử giá vàng SJC ngày 01/12/2022,https://giavang.org/trong-nuoc/sjc/lich-su/2022-12-01.html,4881
Lịch sử giá vàng SJC ngày 02/12/2022,https://giavang.org/trong-nuoc/sjc/lich-su/2022-12-02.html,4882
Lịch sử giá vàng SJC ngày 03/12/2022,https://giavang.org/trong-nuoc/sjc/lich-su/2022-12-03.html,4883
Lịch sử giá vàng SJC ngày 04/12/2022,https://giavang.org/trong-nuoc/sjc/lich-su/2022-12-04.html,4884
Lịch sử giá vàng SJC ngày 05/12/2022,https://giavang.org/trong-nuoc/sjc/lich-su/2022-12-05.html,4885
Lịch sử giá vàng SJC ngày 06/12/2022,https://giavang.org/trong-nuoc/sjc/lich-su/2022-12-06.html,4886
Lịch sử giá vàng SJC ngày 07/12/2022,https://giavang.org/trong-nuoc/sjc/lich-su/2022-12-07.html,4887
Lịch sử giá vàng SJC ngày 08/12/2022,https://giavang.org/trong-nuoc/sjc/lich-su/2022-12-08.html,4888
Lịch sử giá vàng SJC ngày 09/12/2022,https://giavang.org/trong-nuoc/sjc/lich-su/2022-12-09.html,4889
Lịch sử giá vàng SJC ngày 10/12/2022,https://giavang.org/trong-nuoc/sjc/lich-su/2022-12-10.html,4890
Lịch sử giá vàng SJC ngày 11/12/2022,https://giavang.org/trong-nuoc/sjc/lich-su/2022-12-11.html,4891
Lịch sử giá vàng SJC ngày 12/12/2022,https://giavang.org/trong-nuoc/sjc/lich-su/2022-12-12.html,4892
Lịch sử giá vàng SJC ngày 13/12/2022,https://giavang.org/trong-nuoc/sjc/lich-su/2022-12-13.html,4893
Lịch sử giá vàng SJC ngày 14/12/2022,https://giavang.org/trong-nuoc/sjc/lich-su/2022-12-14.html,4894
Lịch sử giá vàng SJC ngày 15/12/2022,https://giavang.org/trong-nuoc/sjc/lich-su/2022-12-15.html,4895
Lịch sử giá vàng SJC ngày 16/12/2022,https://giavang.org/trong-nuoc/sjc/lich-su/2022-12-16.html,4896
Lịch sử giá vàng SJC ngày 17/12/2022,https://giavang.org/trong-nuoc/sjc/lich-su/2022-12-17.html,4897
Lịch sử giá vàng SJC ngày 18/12/2022,https://giavang.org/trong-nuoc/sjc/lich-su/2022-12-18.html,4898
Lịch sử giá vàng SJC ngày 19/12/2022,https://giavang.org/trong-nuoc/sjc/lich-su/2022-12-19.html,4899
Lịch sử giá vàng SJC ngày 20/12/2022,https://giavang.org/trong-nuoc/sjc/lich-su/2022-12-20.html,4900
Lịch sử giá vàng SJC ngày 21/12/2022,https://giavang.org/trong-nuoc/sjc/lich-su/2022-12-21.html,4901
Lịch sử giá vàng SJC ngày 22/12/2022,https://giavang.org/trong-nuoc/sjc/lich-su/2022-12-22.html,4902
Lịch sử giá vàng SJC ngày 23/12/2022,https://giavang.org/trong-nuoc/sjc/lich-su/2022-12-23.html,4903
Lịch sử giá vàng SJC ngày 24/12/2022,https://giavang.org/trong-nuoc/sjc/lich-su/2022-12-24.html,4904
Lịch sử giá vàng SJC ngày 25/12/2022,https://giavang.org/trong-nuoc/sjc/lich-su/2022-12-25.html,4905
Lịch sử giá vàng SJC ngày 26/12/2022,https://giavang.org/trong-nuoc/sjc/lich-su/2022-12-26.html,4906
Lịch sử giá vàng SJC ngày 27/12/2022,https://giavang.org/trong-nuoc/sjc/lich-su/2022-12-27.html,4907
Lịch sử giá vàng SJC ngày 28/12/2022,https://giavang.org/trong-nuoc/sjc/lich-su/2022-12-28.html,4908
Lịch sử giá vàng SJC ngày 29/12/2022,https://giavang.org/trong-nuoc/sjc/lich-su/2022-12-29.html,4909
Lịch sử giá vàng SJC ngày 30/12/2022,https://giavang.org/trong-nuoc/sjc/lich-su/2022-12-30.html,4910
Lịch sử giá vàng SJC ngày 31/12/2022,https://giavang.org/trong-nuoc/sjc/lich-su/2022-12-31.html,4911
Lịch sử giá vàng SJC ngày 01/01/2023,https://giavang.org/trong-nuoc/sjc/lich-su/2023-01-01.html,4912
Lịch sử giá vàng SJC ngày 02/01/2023,https://giavang.org/trong-nuoc/sjc/lich-su/2023-01-02.html,4913
Lịch sử giá vàng SJC ngày 03/01/2023,https://giavang.org/trong-nuoc/sjc/lich-su/2023-01-03.html,4914
Lịch sử giá vàng SJC ngày 04/01/2023,https://giavang.org/trong-nuoc/sjc/lich-su/2023-01-04.html,4915
Lịch sử giá vàng SJC ngày 05/01/2023,https://giavang.org/trong-nuoc/sjc/lich-su/2023-01-05.html,4916
Lịch sử giá vàng SJC ngày 06/01/2023,https://giavang.org/trong-nuoc/sjc/lich-su/2023-01-06.html,4917
Lịch sử giá vàng SJC ngày 07/01/2023,https://giavang.org/trong-nuoc/sjc/lich-su/2023-01-07.html,4918
Lịch sử giá vàng SJC ngày 08/01/2023,https://giavang.org/trong-nuoc/sjc/lich-su/2023-01-08.html,4919
Lịch sử giá vàng SJC ngày 09/01/2023,https://giavang.org/trong-nuoc/sjc/lich-su/2023-01-09.html,4920
Lịch sử giá vàng SJC ngày 10/01/2023,https://giavang.org/trong-nuoc/sjc/lich-su/2023-01-10.html,4921
Lịch sử giá vàng SJC ngày 11/01/2023,https://giavang.org/trong-nuoc/sjc/lich-su/2023-01-11.html,4922
Lịch sử giá vàng SJC ngày 12/01/2023,https://giavang.org/trong-nuoc/sjc/lich-su/2023-01-12.html,4923
Lịch sử giá vàng SJC ngày 13/01/2023,https://giavang.org/trong-nuoc/sjc/lich-su/2023-01-13.html,4924
Lịch sử giá vàng SJC ngày 14/01/2023,https://giavang.org/trong-nuoc/sjc/lich-su/2023-01-14.html,4925
Lịch sử giá vàng SJC ngày 15/01/2023,https://giavang.org/trong-nuoc/sjc/lich-su/2023-01-15.html,4926
Lịch sử giá vàng SJC ngày 16/01/2023,https://giavang.org/trong-nuoc/sjc/lich-su/2023-01-16.html,4927
Lịch sử giá vàng SJC ngày 17/01/2023,https://giavang.org/trong-nuoc/sjc/lich-su/2023-01-17.html,4928
Lịch sử giá vàng SJC ngày 18/01/2023,https://giavang.org/trong-nuoc/sjc/lich-su/2023-01-18.html,4929
Lịch sử giá vàng SJC ngày 19/01/2023,https://giavang.org/trong-nuoc/sjc/lich-su/2023-01-19.html,4930
Lịch sử giá vàng SJC ngày 20/01/2023,https://giavang.org/trong-nuoc/sjc/lich-su/2023-01-20.html,4931
Lịch sử giá vàng SJC ngày 21/01/2023,https://giavang.org/trong-nuoc/sjc/lich-su/2023-01-21.html,4932
Lịch sử giá vàng SJC ngày 22/01/2023,https://giavang.org/trong-nuoc/sjc/lich-su/2023-01-22.html,4933
Lịch sử giá vàng SJC ngày 23/01/2023,https://giavang.org/trong-nuoc/sjc/lich-su/2023-01-23.html,4934
Lịch sử giá vàng SJC ngày 24/01/2023,https://giavang.org/trong-nuoc/sjc/lich-su/2023-01-24.html,4935
Lịch sử giá vàng SJC ngày 25/01/2023,https://giavang.org/trong-nuoc/sjc/lich-su/2023-01-25.html,4936
Lịch sử giá vàng SJC ngày 26/01/2023,https://giavang.org/trong-nuoc/sjc/lich-su/2023-01-26.html,4937
Lịch sử giá vàng SJC ngày 27/01/2023,https://giavang.org/trong-nuoc/sjc/lich-su/2023-01-27.html,4938
Lịch sử giá vàng SJC ngày 28/01/2023,https://giavang.org/trong-nuoc/sjc/lich-su/2023-01-28.html,4939
Lịch sử giá vàng SJC ngày 29/01/2023,https://giavang.org/trong-nuoc/sjc/lich-su/2023-01-29.html,4940
Lịch sử giá vàng SJC ngày 30/01/2023,https://giavang.org/trong-nuoc/sjc/lich-su/2023-01-30.html,4941
Lịch sử giá vàng SJC ngày 31/01/2023,https://giavang.org/trong-nuoc/sjc/lich-su/2023-01-31.html,4942
Lịch sử giá vàng SJC ngày 01/02/2023,https://giavang.org/trong-nuoc/sjc/lich-su/2023-02-01.html,4943
Lịch sử giá vàng SJC ngày 02/02/2023,https://giavang.org/trong-nuoc/sjc/lich-su/2023-02-02.html,4944
Lịch sử giá vàng SJC ngày 03/02/2023,https://giavang.org/trong-nuoc/sjc/lich-su/2023-02-03.html,4945
Lịch sử giá vàng SJC ngày 04/02/2023,https://giavang.org/trong-nuoc/sjc/lich-su/2023-02-04.html,4946
Lịch sử giá vàng SJC ngày 05/02/2023,https://giavang.org/trong-nuoc/sjc/lich-su/2023-02-05.html,4947
Lịch sử giá vàng SJC ngày 06/02/2023,https://giavang.org/trong-nuoc/sjc/lich-su/2023-02-06.html,4948
Lịch sử giá vàng SJC ngày 07/02/2023,https://giavang.org/trong-nuoc/sjc/lich-su/2023-02-07.html,4949
Lịch sử giá vàng SJC ngày 08/02/2023,https://giavang.org/trong-nuoc/sjc/lich-su/2023-02-08.html,4950
Lịch sử giá vàng SJC ngày 09/02/2023,https://giavang.org/trong-nuoc/sjc/lich-su/2023-02-09.html,4951
Lịch sử giá vàng SJC ngày 10/02/2023,https://giavang.org/trong-nuoc/sjc/lich-su/2023-02-10.html,4952
Lịch sử giá vàng SJC ngày 11/02/2023,https://giavang.org/trong-nuoc/sjc/lich-su/2023-02-11.html,4953
Lịch sử giá vàng SJC ngày 12/02/2023,https://giavang.org/trong-nuoc/sjc/lich-su/2023-02-12.html,4954
Lịch sử giá vàng SJC ngày 13/02/2023,https://giavang.org/trong-nuoc/sjc/lich-su/2023-02-13.html,4955
Lịch sử giá vàng SJC ngày 14/02/2023,https://giavang.org/trong-nuoc/sjc/lich-su/2023-02-14.html,4956
Lịch sử giá vàng SJC ngày 15/02/2023,https://giavang.org/trong-nuoc/sjc/lich-su/2023-02-15.html,4957
Lịch sử giá vàng SJC ngày 16/02/2023,https://giavang.org/trong-nuoc/sjc/lich-su/2023-02-16.html,4958
Lịch sử giá vàng SJC ngày 17/02/2023,https://giavang.org/trong-nuoc/sjc/lich-su/2023-02-17.html,4959
Lịch sử giá vàng SJC ngày 18/02/2023,https://giavang.org/trong-nuoc/sjc/lich-su/2023-02-18.html,4960
Lịch sử giá vàng SJC ngày 19/02/2023,https://giavang.org/trong-nuoc/sjc/lich-su/2023-02-19.html,4961
Lịch sử giá vàng SJC ngày 20/02/2023,https://giavang.org/trong-nuoc/sjc/lich-su/2023-02-20.html,4962
Lịch sử giá vàng SJC ngày 21/02/2023,https://giavang.org/trong-nuoc/sjc/lich-su/2023-02-21.html,4963
Lịch sử giá vàng SJC ngày 22/02/2023,https://giavang.org/trong-nuoc/sjc/lich-su/2023-02-22.html,4964
Lịch sử giá vàng SJC ngày 23/02/2023,https://giavang.org/trong-nuoc/sjc/lich-su/2023-02-23.html,4965
Lịch sử giá vàng SJC ngày 24/02/2023,https://giavang.org/trong-nuoc/sjc/lich-su/2023-02-24.html,4966
Lịch sử giá vàng SJC ngày 25/02/2023,https://giavang.org/trong-nuoc/sjc/lich-su/2023-02-25.html,4967
Lịch sử giá vàng SJC ngày 26/02/2023,https://giavang.org/trong-nuoc/sjc/lich-su/2023-02-26.html,4968
Lịch sử giá vàng SJC ngày 27/02/2023,https://giavang.org/trong-nuoc/sjc/lich-su/2023-02-27.html,4969
Lịch sử giá vàng SJC ngày 28/02/2023,https://giavang.org/trong-nuoc/sjc/lich-su/2023-02-28.html,4970
Lịch sử giá vàng SJC ngày 01/03/2023,https://giavang.org/trong-nuoc/sjc/lich-su/2023-03-01.html,4971
Lịch sử giá vàng SJC ngày 02/03/2023,https://giavang.org/trong-nuoc/sjc/lich-su/2023-03-02.html,4972
Lịch sử giá vàng SJC ngày 03/03/2023,https://giavang.org/trong-nuoc/sjc/lich-su/2023-03-03.html,4973
Lịch sử giá vàng SJC ngày 04/03/2023,https://giavang.org/trong-nuoc/sjc/lich-su/2023-03-04.html,4974
Lịch sử giá vàng SJC ngày 05/03/2023,https://giavang.org/trong-nuoc/sjc/lich-su/2023-03-05.html,4975
Lịch sử giá vàng SJC ngày 06/03/2023,https://giavang.org/trong-nuoc/sjc/lich-su/2023-03-06.html,4976
Lịch sử giá vàng SJC ngày 07/03/2023,https://giavang.org/trong-nuoc/sjc/lich-su/2023-03-07.html,4977
Lịch sử giá vàng SJC ngày 08/03/2023,https://giavang.org/trong-nuoc/sjc/lich-su/2023-03-08.html,4978
Lịch sử giá vàng SJC ngày 09/03/2023,https://giavang.org/trong-nuoc/sjc/lich-su/2023-03-09.html,4979
Lịch sử giá vàng SJC ngày 10/03/2023,https://giavang.org/trong-nuoc/sjc/lich-su/2023-03-10.html,4980
Lịch sử giá vàng SJC ngày 11/03/2023,https://giavang.org/trong-nuoc/sjc/lich-su/2023-03-11.html,4981
Lịch sử giá vàng SJC ngày 12/03/2023,https://giavang.org/trong-nuoc/sjc/lich-su/2023-03-12.html,4982
Lịch sử giá vàng SJC ngày 13/03/2023,https://giavang.org/trong-nuoc/sjc/lich-su/2023-03-13.html,4983
Lịch sử giá vàng SJC ngày 14/03/2023,https://giavang.org/trong-nuoc/sjc/lich-su/2023-03-14.html,4984
Lịch sử giá vàng SJC ngày 15/03/2023,https://giavang.org/trong-nuoc/sjc/lich-su/2023-03-15.html,4985
Lịch sử giá vàng SJC ngày 16/03/2023,https://giavang.org/trong-nuoc/sjc/lich-su/2023-03-16.html,4986
Lịch sử giá vàng SJC ngày 17/03/2023,https://giavang.org/trong-nuoc/sjc/lich-su/2023-03-17.html,4987
Lịch sử giá vàng SJC ngày 18/03/2023,https://giavang.org/trong-nuoc/sjc/lich-su/2023-03-18.html,4988
Lịch sử giá vàng SJC ngày 19/03/2023,https://giavang.org/trong-nuoc/sjc/lich-su/2023-03-19.html,4989
Lịch sử giá vàng SJC ngày 20/03/2023,https://giavang.org/trong-nuoc/sjc/lich-su/2023-03-20.html,4990
Lịch sử giá vàng SJC ngày 21/03/2023,https://giavang.org/trong-nuoc/sjc/lich-su/2023-03-21.html,4991
Lịch sử giá vàng SJC ngày 22/03/2023,https://giavang.org/trong-nuoc/sjc/lich-su/2023-03-22.html,4992
Lịch sử giá vàng SJC ngày 23/03/2023,https://giavang.org/trong-nuoc/sjc/lich-su/2023-03-23.html,4993
Lịch sử giá vàng SJC ngày 24/03/2023,https://giavang.org/trong-nuoc/sjc/lich-su/2023-03-24.html,4994
Lịch sử giá vàng SJC ngày 25/03/2023,https://giavang.org/trong-nuoc/sjc/lich-su/2023-03-25.html,4995
Lịch sử giá vàng SJC ngày 26/03/2023,https://giavang.org/trong-nuoc/sjc/lich-su/2023-03-26.html,4996
Lịch sử giá vàng SJC ngày 27/03/2023,https://giavang.org/trong-nuoc/sjc/lich-su/2023-03-27.html,4997
Lịch sử giá vàng SJC ngày 28/03/2023,https://giavang.org/trong-nuoc/sjc/lich-su/2023-03-28.html,4998
Lịch sử giá vàng SJC ngày 29/03/2023,https://giavang.org/trong-nuoc/sjc/lich-su/2023-03-29.html,4999
Lịch sử giá vàng SJC ngày 30/03/2023,https://giavang.org/trong-nuoc/sjc/lich-su/2023-03-30.html,5000
Lịch sử giá vàng SJC ngày 31/03/2023,https://giavang.org/trong-nuoc/sjc/lich-su/2023-03-31.html,5001
Lịch sử giá vàng SJC ngày 01/04/2023,https://giavang.org/trong-nuoc/sjc/lich-su/2023-04-01.html,5002
Lịch sử giá vàng SJC ngày 02/04/2023,https://giavang.org/trong-nuoc/sjc/lich-su/2023-04-02.html,5003
Lịch sử giá vàng SJC ngày 03/04/2023,https://giavang.org/trong-nuoc/sjc/lich-su/2023-04-03.html,5004
Lịch sử giá vàng SJC ngày 04/04/2023,https://giavang.org/trong-nuoc/sjc/lich-su/2023-04-04.html,5005
Lịch sử giá vàng SJC ngày 05/04/2023,https://giavang.org/trong-nuoc/sjc/lich-su/2023-04-05.html,5006
Lịch sử giá vàng SJC ngày 06/04/2023,https://giavang.org/trong-nuoc/sjc/lich-su/2023-04-06.html,5007
Lịch sử giá vàng SJC ngày 07/04/2023,https://giavang.org/trong-nuoc/sjc/lich-su/2023-04-07.html,5008
Lịch sử giá vàng SJC ngày 08/04/2023,https://giavang.org/trong-nuoc/sjc/lich-su/2023-04-08.html,5009
Lịch sử giá vàng SJC ngày 09/04/2023,https://giavang.org/trong-nuoc/sjc/lich-su/2023-04-09.html,5010
Lịch sử giá vàng SJC ngày 10/04/2023,https://giavang.org/trong-nuoc/sjc/lich-su/2023-04-10.html,5011
Lịch sử giá vàng SJC ngày 11/04/2023,https://giavang.org/trong-nuoc/sjc/lich-su/2023-04-11.html,5012
Lịch sử giá vàng SJC ngày 12/04/2023,https://giavang.org/trong-nuoc/sjc/lich-su/2023-04-12.html,5013
Lịch sử giá vàng SJC ngày 13/04/2023,https://giavang.org/trong-nuoc/sjc/lich-su/2023-04-13.html,5014
Lịch sử giá vàng SJC ngày 14/04/2023,https://giavang.org/trong-nuoc/sjc/lich-su/2023-04-14.html,5015
Lịch sử giá vàng SJC ngày 15/04/2023,https://giavang.org/trong-nuoc/sjc/lich-su/2023-04-15.html,5016
Lịch sử giá vàng SJC ngày 16/04/2023,https://giavang.org/trong-nuoc/sjc/lich-su/2023-04-16.html,5017
Lịch sử giá vàng SJC ngày 17/04/2023,https://giavang.org/trong-nuoc/sjc/lich-su/2023-04-17.html,5018
Lịch sử giá vàng SJC ngày 18/04/2023,https://giavang.org/trong-nuoc/sjc/lich-su/2023-04-18.html,5019
Lịch sử giá vàng SJC ngày 19/04/2023,https://giavang.org/trong-nuoc/sjc/lich-su/2023-04-19.html,5020
Lịch sử giá vàng SJC ngày 20/04/2023,https://giavang.org/trong-nuoc/sjc/lich-su/2023-04-20.html,5021
Lịch sử giá vàng SJC ngày 21/04/2023,https://giavang.org/trong-nuoc/sjc/lich-su/2023-04-21.html,5022
Lịch sử giá vàng SJC ngày 22/04/2023,https://giavang.org/trong-nuoc/sjc/lich-su/2023-04-22.html,5023
Lịch sử giá vàng SJC ngày 23/04/2023,https://giavang.org/trong-nuoc/sjc/lich-su/2023-04-23.html,5024
Lịch sử giá vàng SJC ngày 24/04/2023,https://giavang.org/trong-nuoc/sjc/lich-su/2023-04-24.html,5025
Lịch sử giá vàng SJC ngày 25/04/2023,https://giavang.org/trong-nuoc/sjc/lich-su/2023-04-25.html,5026
Lịch sử giá vàng SJC ngày 26/04/2023,https://giavang.org/trong-nuoc/sjc/lich-su/2023-04-26.html,5027
Lịch sử giá vàng SJC ngày 27/04/2023,https://giavang.org/trong-nuoc/sjc/lich-su/2023-04-27.html,5028
Lịch sử giá vàng SJC ngày 28/04/2023,https://giavang.org/trong-nuoc/sjc/lich-su/2023-04-28.html,5029
Lịch sử giá vàng SJC ngày 29/04/2023,https://giavang.org/trong-nuoc/sjc/lich-su/2023-04-29.html,5030
Lịch sử giá vàng SJC ngày 30/04/2023,https://giavang.org/trong-nuoc/sjc/lich-su/2023-04-30.html,5031
Lịch sử giá vàng SJC ngày 01/05/2023,https://giavang.org/trong-nuoc/sjc/lich-su/2023-05-01.html,5032
Lịch sử giá vàng SJC ngày 02/05/2023,https://giavang.org/trong-nuoc/sjc/lich-su/2023-05-02.html,5033
Lịch sử giá vàng SJC ngày 03/05/2023,https://giavang.org/trong-nuoc/sjc/lich-su/2023-05-03.html,5034
Lịch sử giá vàng SJC ngày 04/05/2023,https://giavang.org/trong-nuoc/sjc/lich-su/2023-05-04.html,5035
Lịch sử giá vàng SJC ngày 05/05/2023,https://giavang.org/trong-nuoc/sjc/lich-su/2023-05-05.html,5036
Lịch sử giá vàng SJC ngày 06/05/2023,https://giavang.org/trong-nuoc/sjc/lich-su/2023-05-06.html,5037
Lịch sử giá vàng SJC ngày 07/05/2023,https://giavang.org/trong-nuoc/sjc/lich-su/2023-05-07.html,5038
Lịch sử giá vàng SJC ngày 08/05/2023,https://giavang.org/trong-nuoc/sjc/lich-su/2023-05-08.html,5039
Lịch sử giá vàng SJC ngày 09/05/2023,https://giavang.org/trong-nuoc/sjc/lich-su/2023-05-09.html,5040
Lịch sử giá vàng SJC ngày 10/05/2023,https://giavang.org/trong-nuoc/sjc/lich-su/2023-05-10.html,5041
Lịch sử giá vàng SJC ngày 11/05/2023,https://giavang.org/trong-nuoc/sjc/lich-su/2023-05-11.html,5042
Lịch sử giá vàng SJC ngày 12/05/2023,https://giavang.org/trong-nuoc/sjc/lich-su/2023-05-12.html,5043
Lịch sử giá vàng SJC ngày 13/05/2023,https://giavang.org/trong-nuoc/sjc/lich-su/2023-05-13.html,5044
Lịch sử giá vàng SJC ngày 14/05/2023,https://giavang.org/trong-nuoc/sjc/lich-su/2023-05-14.html,5045
Lịch sử giá vàng SJC ngày 15/05/2023,https://giavang.org/trong-nuoc/sjc/lich-su/2023-05-15.html,5046
Lịch sử giá vàng SJC ngày 16/05/2023,https://giavang.org/trong-nuoc/sjc/lich-su/2023-05-16.html,5047
Lịch sử giá vàng SJC ngày 17/05/2023,https://giavang.org/trong-nuoc/sjc/lich-su/2023-05-17.html,5048
Lịch sử giá vàng SJC ngày 18/05/2023,https://giavang.org/trong-nuoc/sjc/lich-su/2023-05-18.html,5049
Lịch sử giá vàng SJC ngày 19/05/2023,https://giavang.org/trong-nuoc/sjc/lich-su/2023-05-19.html,5050
Lịch sử giá vàng SJC ngày 20/05/2023,https://giavang.org/trong-nuoc/sjc/lich-su/2023-05-20.html,5051
Lịch sử giá vàng SJC ngày 21/05/2023,https://giavang.org/trong-nuoc/sjc/lich-su/2023-05-21.html,5052
Lịch sử giá vàng SJC ngày 22/05/2023,https://giavang.org/trong-nuoc/sjc/lich-su/2023-05-22.html,5053
Lịch sử giá vàng SJC ngày 23/05/2023,https://giavang.org/trong-nuoc/sjc/lich-su/2023-05-23.html,5054
Lịch sử giá vàng SJC ngày 24/05/2023,https://giavang.org/trong-nuoc/sjc/lich-su/2023-05-24.html,5055
Lịch sử giá vàng SJC ngày 25/05/2023,https://giavang.org/trong-nuoc/sjc/lich-su/2023-05-25.html,5056
Lịch sử giá vàng SJC ngày 26/05/2023,https://giavang.org/trong-nuoc/sjc/lich-su/2023-05-26.html,5057
Lịch sử giá vàng SJC ngày 27/05/2023,https://giavang.org/trong-nuoc/sjc/lich-su/2023-05-27.html,5058
Lịch sử giá vàng SJC ngày 28/05/2023,https://giavang.org/trong-nuoc/sjc/lich-su/2023-05-28.html,5059
Lịch sử giá vàng SJC ngày 29/05/2023,https://giavang.org/trong-nuoc/sjc/lich-su/2023-05-29.html,5060
Lịch sử giá vàng SJC ngày 30/05/2023,https://giavang.org/trong-nuoc/sjc/lich-su/2023-05-30.html,5061
Lịch sử giá vàng SJC ngày 31/05/2023,https://giavang.org/trong-nuoc/sjc/lich-su/2023-05-31.html,5062
Lịch sử giá vàng SJC ngày 01/06/2023,https://giavang.org/trong-nuoc/sjc/lich-su/2023-06-01.html,5063
Lịch sử giá vàng SJC ngày 02/06/2023,https://giavang.org/trong-nuoc/sjc/lich-su/2023-06-02.html,5064
Lịch sử giá vàng SJC ngày 03/06/2023,https://giavang.org/trong-nuoc/sjc/lich-su/2023-06-03.html,5065
Lịch sử giá vàng SJC ngày 04/06/2023,https://giavang.org/trong-nuoc/sjc/lich-su/2023-06-04.html,5066
Lịch sử giá vàng SJC ngày 05/06/2023,https://giavang.org/trong-nuoc/sjc/lich-su/2023-06-05.html,5067
Lịch sử giá vàng SJC ngày 06/06/2023,https://giavang.org/trong-nuoc/sjc/lich-su/2023-06-06.html,5068
Lịch sử giá vàng SJC ngày 07/06/2023,https://giavang.org/trong-nuoc/sjc/lich-su/2023-06-07.html,5069
Lịch sử giá vàng SJC ngày 08/06/2023,https://giavang.org/trong-nuoc/sjc/lich-su/2023-06-08.html,5070
Lịch sử giá vàng SJC ngày 09/06/2023,https://giavang.org/trong-nuoc/sjc/lich-su/2023-06-09.html,5071
Lịch sử giá vàng SJC ngày 10/06/2023,https://giavang.org/trong-nuoc/sjc/lich-su/2023-06-10.html,5072
Lịch sử giá vàng SJC ngày 11/06/2023,https://giavang.org/trong-nuoc/sjc/lich-su/2023-06-11.html,5073
Lịch sử giá vàng SJC ngày 12/06/2023,https://giavang.org/trong-nuoc/sjc/lich-su/2023-06-12.html,5074
Lịch sử giá vàng SJC ngày 13/06/2023,https://giavang.org/trong-nuoc/sjc/lich-su/2023-06-13.html,5075
Lịch sử giá vàng SJC ngày 14/06/2023,https://giavang.org/trong-nuoc/sjc/lich-su/2023-06-14.html,5076
Lịch sử giá vàng SJC ngày 15/06/2023,https://giavang.org/trong-nuoc/sjc/lich-su/2023-06-15.html,5077
Lịch sử giá vàng SJC ngày 16/06/2023,https://giavang.org/trong-nuoc/sjc/lich-su/2023-06-16.html,5078
Lịch sử giá vàng SJC ngày 17/06/2023,https://giavang.org/trong-nuoc/sjc/lich-su/2023-06-17.html,5079
Lịch sử giá vàng SJC ngày 18/06/2023,https://giavang.org/trong-nuoc/sjc/lich-su/2023-06-18.html,5080
Lịch sử giá vàng SJC ngày 19/06/2023,https://giavang.org/trong-nuoc/sjc/lich-su/2023-06-19.html,5081
Lịch sử giá vàng SJC ngày 20/06/2023,https://giavang.org/trong-nuoc/sjc/lich-su/2023-06-20.html,5082
Lịch sử giá vàng SJC ngày 21/06/2023,https://giavang.org/trong-nuoc/sjc/lich-su/2023-06-21.html,5083
Lịch sử giá vàng SJC ngày 22/06/2023,https://giavang.org/trong-nuoc/sjc/lich-su/2023-06-22.html,5084
Lịch sử giá vàng SJC ngày 23/06/2023,https://giavang.org/trong-nuoc/sjc/lich-su/2023-06-23.html,5085
Lịch sử giá vàng SJC ngày 24/06/2023,https://giavang.org/trong-nuoc/sjc/lich-su/2023-06-24.html,5086
Lịch sử giá vàng SJC ngày 25/06/2023,https://giavang.org/trong-nuoc/sjc/lich-su/2023-06-25.html,5087
Lịch sử giá vàng SJC ngày 26/06/2023,https://giavang.org/trong-nuoc/sjc/lich-su/2023-06-26.html,5088
Lịch sử giá vàng SJC ngày 27/06/2023,https://giavang.org/trong-nuoc/sjc/lich-su/2023-06-27.html,5089
Lịch sử giá vàng SJC ngày 28/06/2023,https://giavang.org/trong-nuoc/sjc/lich-su/2023-06-28.html,5090
Lịch sử giá vàng SJC ngày 29/06/2023,https://giavang.org/trong-nuoc/sjc/lich-su/2023-06-29.html,5091
Lịch sử giá vàng SJC ngày 30/06/2023,https://giavang.org/trong-nuoc/sjc/lich-su/2023-06-30.html,5092
Lịch sử giá vàng SJC ngày 01/07/2023,https://giavang.org/trong-nuoc/sjc/lich-su/2023-07-01.html,5093
Lịch sử giá vàng SJC ngày 02/07/2023,https://giavang.org/trong-nuoc/sjc/lich-su/2023-07-02.html,5094
Lịch sử giá vàng SJC ngày 03/07/2023,https://giavang.org/trong-nuoc/sjc/lich-su/2023-07-03.html,5095
Lịch sử giá vàng SJC ngày 04/07/2023,https://giavang.org/trong-nuoc/sjc/lich-su/2023-07-04.html,5096
Lịch sử giá vàng SJC ngày 05/07/2023,https://giavang.org/trong-nuoc/sjc/lich-su/2023-07-05.html,5097
Lịch sử giá vàng SJC ngày 06/07/2023,https://giavang.org/trong-nuoc/sjc/lich-su/2023-07-06.html,5098
Lịch sử giá vàng SJC ngày 07/07/2023,https://giavang.org/trong-nuoc/sjc/lich-su/2023-07-07.html,5099
Lịch sử giá vàng SJC ngày 08/07/2023,https://giavang.org/trong-nuoc/sjc/lich-su/2023-07-08.html,5100
Lịch sử giá vàng SJC ngày 09/07/2023,https://giavang.org/trong-nuoc/sjc/lich-su/2023-07-09.html,5101
Lịch sử giá vàng SJC ngày 10/07/2023,https://giavang.org/trong-nuoc/sjc/lich-su/2023-07-10.html,5102
Lịch sử giá vàng SJC ngày 11/07/2023,https://giavang.org/trong-nuoc/sjc/lich-su/2023-07-11.html,5103
Lịch sử giá vàng SJC ngày 12/07/2023,https://giavang.org/trong-nuoc/sjc/lich-su/2023-07-12.html,5104
Lịch sử giá vàng SJC ngày 13/07/2023,https://giavang.org/trong-nuoc/sjc/lich-su/2023-07-13.html,5105
Lịch sử giá vàng SJC ngày 14/07/2023,https://giavang.org/trong-nuoc/sjc/lich-su/2023-07-14.html,5106
Lịch sử giá vàng SJC ngày 15/07/2023,https://giavang.org/trong-nuoc/sjc/lich-su/2023-07-15.html,5107
Lịch sử giá vàng SJC ngày 16/07/2023,https://giavang.org/trong-nuoc/sjc/lich-su/2023-07-16.html,5108
Lịch sử giá vàng SJC ngày 17/07/2023,https://giavang.org/trong-nuoc/sjc/lich-su/2023-07-17.html,5109
Lịch sử giá vàng SJC ngày 18/07/2023,https://giavang.org/trong-nuoc/sjc/lich-su/2023-07-18.html,5110
Lịch sử giá vàng SJC ngày 19/07/2023,https://giavang.org/trong-nuoc/sjc/lich-su/2023-07-19.html,5111
Lịch sử giá vàng SJC ngày 20/07/2023,https://giavang.org/trong-nuoc/sjc/lich-su/2023-07-20.html,5112
Lịch sử giá vàng SJC ngày 21/07/2023,https://giavang.org/trong-nuoc/sjc/lich-su/2023-07-21.html,5113
Lịch sử giá vàng SJC ngày 22/07/2023,https://giavang.org/trong-nuoc/sjc/lich-su/2023-07-22.html,5114
Lịch sử giá vàng SJC ngày 23/07/2023,https://giavang.org/trong-nuoc/sjc/lich-su/2023-07-23.html,5115
Lịch sử giá vàng SJC ngày 24/07/2023,https://giavang.org/trong-nuoc/sjc/lich-su/2023-07-24.html,5116
Lịch sử giá vàng SJC ngày 25/07/2023,https://giavang.org/trong-nuoc/sjc/lich-su/2023-07-25.html,5117
Lịch sử giá vàng SJC ngày 26/07/2023,https://giavang.org/trong-nuoc/sjc/lich-su/2023-07-26.html,5118
Lịch sử giá vàng SJC ngày 27/07/2023,https://giavang.org/trong-nuoc/sjc/lich-su/2023-07-27.html,5119
Lịch sử giá vàng SJC ngày 28/07/2023,https://giavang.org/trong-nuoc/sjc/lich-su/2023-07-28.html,5120
Lịch sử giá vàng SJC ngày 29/07/2023,https://giavang.org/trong-nuoc/sjc/lich-su/2023-07-29.html,5121
Lịch sử giá vàng SJC ngày 30/07/2023,https://giavang.org/trong-nuoc/sjc/lich-su/2023-07-30.html,5122
Lịch sử giá vàng SJC ngày 31/07/2023,https://giavang.org/trong-nuoc/sjc/lich-su/2023-07-31.html,5123
Lịch sử giá vàng SJC ngày 01/08/2023,https://giavang.org/trong-nuoc/sjc/lich-su/2023-08-01.html,5124
Lịch sử giá vàng SJC ngày 02/08/2023,https://giavang.org/trong-nuoc/sjc/lich-su/2023-08-02.html,5125
Lịch sử giá vàng SJC ngày 03/08/2023,https://giavang.org/trong-nuoc/sjc/lich-su/2023-08-03.html,5126
Lịch sử giá vàng SJC ngày 04/08/2023,https://giavang.org/trong-nuoc/sjc/lich-su/2023-08-04.html,5127
Lịch sử giá vàng SJC ngày 05/08/2023,https://giavang.org/trong-nuoc/sjc/lich-su/2023-08-05.html,5128
Lịch sử giá vàng SJC ngày 06/08/2023,https://giavang.org/trong-nuoc/sjc/lich-su/2023-08-06.html,5129
Lịch sử giá vàng SJC ngày 07/08/2023,https://giavang.org/trong-nuoc/sjc/lich-su/2023-08-07.html,5130
Lịch sử giá vàng SJC ngày 08/08/2023,https://giavang.org/trong-nuoc/sjc/lich-su/2023-08-08.html,5131
Lịch sử giá vàng SJC ngày 09/08/2023,https://giavang.org/trong-nuoc/sjc/lich-su/2023-08-09.html,5132
Lịch sử giá vàng SJC ngày 10/08/2023,https://giavang.org/trong-nuoc/sjc/lich-su/2023-08-10.html,5133
Lịch sử giá vàng SJC ngày 11/08/2023,https://giavang.org/trong-nuoc/sjc/lich-su/2023-08-11.html,5134
Lịch sử giá vàng SJC ngày 12/08/2023,https://giavang.org/trong-nuoc/sjc/lich-su/2023-08-12.html,5135
Lịch sử giá vàng SJC ngày 13/08/2023,https://giavang.org/trong-nuoc/sjc/lich-su/2023-08-13.html,5136
Lịch sử giá vàng SJC ngày 14/08/2023,https://giavang.org/trong-nuoc/sjc/lich-su/2023-08-14.html,5137
Lịch sử giá vàng SJC ngày 15/08/2023,https://giavang.org/trong-nuoc/sjc/lich-su/2023-08-15.html,5138
Lịch sử giá vàng SJC ngày 16/08/2023,https://giavang.org/trong-nuoc/sjc/lich-su/2023-08-16.html,5139
Lịch sử giá vàng SJC ngày 17/08/2023,https://giavang.org/trong-nuoc/sjc/lich-su/2023-08-17.html,5140
Lịch sử giá vàng SJC ngày 18/08/2023,https://giavang.org/trong-nuoc/sjc/lich-su/2023-08-18.html,5141
Lịch sử giá vàng SJC ngày 19/08/2023,https://giavang.org/trong-nuoc/sjc/lich-su/2023-08-19.html,5142
Lịch sử giá vàng SJC ngày 20/08/2023,https://giavang.org/trong-nuoc/sjc/lich-su/2023-08-20.html,5143
Lịch sử giá vàng SJC ngày 21/08/2023,https://giavang.org/trong-nuoc/sjc/lich-su/2023-08-21.html,5144
Lịch sử giá vàng SJC ngày 22/08/2023,https://giavang.org/trong-nuoc/sjc/lich-su/2023-08-22.html,5145
Lịch sử giá vàng SJC ngày 23/08/2023,https://giavang.org/trong-nuoc/sjc/lich-su/2023-08-23.html,5146
Lịch sử giá vàng SJC ngày 24/08/2023,https://giavang.org/trong-nuoc/sjc/lich-su/2023-08-24.html,5147
Lịch sử giá vàng SJC ngày 25/08/2023,https://giavang.org/trong-nuoc/sjc/lich-su/2023-08-25.html,5148
Lịch sử giá vàng SJC ngày 26/08/2023,https://giavang.org/trong-nuoc/sjc/lich-su/2023-08-26.html,5149
Lịch sử giá vàng SJC ngày 27/08/2023,https://giavang.org/trong-nuoc/sjc/lich-su/2023-08-27.html,5150
Lịch sử giá vàng SJC ngày 28/08/2023,https://giavang.org/trong-nuoc/sjc/lich-su/2023-08-28.html,5151
Lịch sử giá vàng SJC ngày 29/08/2023,https://giavang.org/trong-nuoc/sjc/lich-su/2023-08-29.html,5152
Lịch sử giá vàng SJC ngày 30/08/2023,https://giavang.org/trong-nuoc/sjc/lich-su/2023-08-30.html,5153
Lịch sử giá vàng SJC ngày 31/08/2023,https://giavang.org/trong-nuoc/sjc/lich-su/2023-08-31.html,5154
Lịch sử giá vàng SJC ngày 01/09/2023,https://giavang.org/trong-nuoc/sjc/lich-su/2023-09-01.html,5155
Lịch sử giá vàng SJC ngày 02/09/2023,https://giavang.org/trong-nuoc/sjc/lich-su/2023-09-02.html,5156
Lịch sử giá vàng SJC ngày 03/09/2023,https://giavang.org/trong-nuoc/sjc/lich-su/2023-09-03.html,5157
Lịch sử giá vàng SJC ngày 04/09/2023,https://giavang.org/trong-nuoc/sjc/lich-su/2023-09-04.html,5158
Lịch sử giá vàng SJC ngày 05/09/2023,https://giavang.org/trong-nuoc/sjc/lich-su/2023-09-05.html,5159
Lịch sử giá vàng SJC ngày 06/09/2023,https://giavang.org/trong-nuoc/sjc/lich-su/2023-09-06.html,5160
Lịch sử giá vàng SJC ngày 07/09/2023,https://giavang.org/trong-nuoc/sjc/lich-su/2023-09-07.html,5161
Lịch sử giá vàng SJC ngày 08/09/2023,https://giavang.org/trong-nuoc/sjc/lich-su/2023-09-08.html,5162
Lịch sử giá vàng SJC ngày 09/09/2023,https://giavang.org/trong-nuoc/sjc/lich-su/2023-09-09.html,5163
Lịch sử giá vàng SJC ngày 10/09/2023,https://giavang.org/trong-nuoc/sjc/lich-su/2023-09-10.html,5164
Lịch sử giá vàng SJC ngày 11/09/2023,https://giavang.org/trong-nuoc/sjc/lich-su/2023-09-11.html,5165
Lịch sử giá vàng SJC ngày 12/09/2023,https://giavang.org/trong-nuoc/sjc/lich-su/2023-09-12.html,5166
Lịch sử giá vàng SJC ngày 13/09/2023,https://giavang.org/trong-nuoc/sjc/lich-su/2023-09-13.html,5167
Lịch sử giá vàng SJC ngày 14/09/2023,https://giavang.org/trong-nuoc/sjc/lich-su/2023-09-14.html,5168
Lịch sử giá vàng SJC ngày 15/09/2023,https://giavang.org/trong-nuoc/sjc/lich-su/2023-09-15.html,5169
Lịch sử giá vàng SJC ngày 16/09/2023,https://giavang.org/trong-nuoc/sjc/lich-su/2023-09-16.html,5170
Lịch sử giá vàng SJC ngày 17/09/2023,https://giavang.org/trong-nuoc/sjc/lich-su/2023-09-17.html,5171
Lịch sử giá vàng SJC ngày 18/09/2023,https://giavang.org/trong-nuoc/sjc/lich-su/2023-09-18.html,5172
Lịch sử giá vàng SJC ngày 19/09/2023,https://giavang.org/trong-nuoc/sjc/lich-su/2023-09-19.html,5173
Lịch sử giá vàng SJC ngày 20/09/2023,https://giavang.org/trong-nuoc/sjc/lich-su/2023-09-20.html,5174
Lịch sử giá vàng SJC ngày 21/09/2023,https://giavang.org/trong-nuoc/sjc/lich-su/2023-09-21.html,5175
Lịch sử giá vàng SJC ngày 22/09/2023,https://giavang.org/trong-nuoc/sjc/lich-su/2023-09-22.html,5176
Lịch sử giá vàng SJC ngày 23/09/2023,https://giavang.org/trong-nuoc/sjc/lich-su/2023-09-23.html,5177
Lịch sử giá vàng SJC ngày 24/09/2023,https://giavang.org/trong-nuoc/sjc/lich-su/2023-09-24.html,5178
Lịch sử giá vàng SJC ngày 25/09/2023,https://giavang.org/trong-nuoc/sjc/lich-su/2023-09-25.html,5179
Lịch sử giá vàng SJC ngày 26/09/2023,https://giavang.org/trong-nuoc/sjc/lich-su/2023-09-26.html,5180
Lịch sử giá vàng SJC ngày 27/09/2023,https://giavang.org/trong-nuoc/sjc/lich-su/2023-09-27.html,5181
Lịch sử giá vàng SJC ngày 28/09/2023,https://giavang.org/trong-nuoc/sjc/lich-su/2023-09-28.html,5182
Lịch sử giá vàng SJC ngày 29/09/2023,https://giavang.org/trong-nuoc/sjc/lich-su/2023-09-29.html,5183
Lịch sử giá vàng SJC ngày 30/09/2023,https://giavang.org/trong-nuoc/sjc/lich-su/2023-09-30.html,5184
Lịch sử giá vàng SJC ngày 01/10/2023,https://giavang.org/trong-nuoc/sjc/lich-su/2023-10-01.html,5185
Lịch sử giá vàng SJC ngày 02/10/2023,https://giavang.org/trong-nuoc/sjc/lich-su/2023-10-02.html,5186
Lịch sử giá vàng SJC ngày 03/10/2023,https://giavang.org/trong-nuoc/sjc/lich-su/2023-10-03.html,5187
Lịch sử giá vàng SJC ngày 04/10/2023,https://giavang.org/trong-nuoc/sjc/lich-su/2023-10-04.html,5188
Lịch sử giá vàng SJC ngày 05/10/2023,https://giavang.org/trong-nuoc/sjc/lich-su/2023-10-05.html,5189
Lịch sử giá vàng SJC ngày 06/10/2023,https://giavang.org/trong-nuoc/sjc/lich-su/2023-10-06.html,5190
Lịch sử giá vàng SJC ngày 07/10/2023,https://giavang.org/trong-nuoc/sjc/lich-su/2023-10-07.html,5191
Lịch sử giá vàng SJC ngày 08/10/2023,https://giavang.org/trong-nuoc/sjc/lich-su/2023-10-08.html,5192
Lịch sử giá vàng SJC ngày 09/10/2023,https://giavang.org/trong-nuoc/sjc/lich-su/2023-10-09.html,5193
Lịch sử giá vàng SJC ngày 10/10/2023,https://giavang.org/trong-nuoc/sjc/lich-su/2023-10-10.html,5194
Lịch sử giá vàng SJC ngày 11/10/2023,https://giavang.org/trong-nuoc/sjc/lich-su/2023-10-11.html,5195
Lịch sử giá vàng SJC ngày 12/10/2023,https://giavang.org/trong-nuoc/sjc/lich-su/2023-10-12.html,5196
Lịch sử giá vàng SJC ngày 13/10/2023,https://giavang.org/trong-nuoc/sjc/lich-su/2023-10-13.html,5197
Lịch sử giá vàng SJC ngày 14/10/2023,https://giavang.org/trong-nuoc/sjc/lich-su/2023-10-14.html,5198
Lịch sử giá vàng SJC ngày 15/10/2023,https://giavang.org/trong-nuoc/sjc/lich-su/2023-10-15.html,5199
Lịch sử giá vàng SJC ngày 16/10/2023,https://giavang.org/trong-nuoc/sjc/lich-su/2023-10-16.html,5200
Lịch sử giá vàng SJC ngày 17/10/2023,https://giavang.org/trong-nuoc/sjc/lich-su/2023-10-17.html,5201
Lịch sử giá vàng SJC ngày 18/10/2023,https://giavang.org/trong-nuoc/sjc/lich-su/2023-10-18.html,5202
Lịch sử giá vàng SJC ngày 19/10/2023,https://giavang.org/trong-nuoc/sjc/lich-su/2023-10-19.html,5203
Lịch sử giá vàng SJC ngày 20/10/2023,https://giavang.org/trong-nuoc/sjc/lich-su/2023-10-20.html,5204
Lịch sử giá vàng SJC ngày 21/10/2023,https://giavang.org/trong-nuoc/sjc/lich-su/2023-10-21.html,5205
Lịch sử giá vàng SJC ngày 22/10/2023,https://giavang.org/trong-nuoc/sjc/lich-su/2023-10-22.html,5206
Lịch sử giá vàng SJC ngày 23/10/2023,https://giavang.org/trong-nuoc/sjc/lich-su/2023-10-23.html,5207
Lịch sử giá vàng SJC ngày 24/10/2023,https://giavang.org/trong-nuoc/sjc/lich-su/2023-10-24.html,5208
Lịch sử giá vàng SJC ngày 25/10/2023,https://giavang.org/trong-nuoc/sjc/lich-su/2023-10-25.html,5209
Lịch sử giá vàng SJC ngày 26/10/2023,https://giavang.org/trong-nuoc/sjc/lich-su/2023-10-26.html,5210
Lịch sử giá vàng SJC ngày 27/10/2023,https://giavang.org/trong-nuoc/sjc/lich-su/2023-10-27.html,5211
Lịch sử giá vàng SJC ngày 28/10/2023,https://giavang.org/trong-nuoc/sjc/lich-su/2023-10-28.html,5212
Lịch sử giá vàng SJC ngày 29/10/2023,https://giavang.org/trong-nuoc/sjc/lich-su/2023-10-29.html,5213
Lịch sử giá vàng SJC ngày 30/10/2023,https://giavang.org/trong-nuoc/sjc/lich-su/2023-10-30.html,5214
Lịch sử giá vàng SJC ngày 31/10/2023,https://giavang.org/trong-nuoc/sjc/lich-su/2023-10-31.html,5215
Lịch sử giá vàng SJC ngày 01/11/2023,https://giavang.org/trong-nuoc/sjc/lich-su/2023-11-01.html,5216
Lịch sử giá vàng SJC ngày 02/11/2023,https://giavang.org/trong-nuoc/sjc/lich-su/2023-11-02.html,5217
Lịch sử giá vàng SJC ngày 03/11/2023,https://giavang.org/trong-nuoc/sjc/lich-su/2023-11-03.html,5218
Lịch sử giá vàng SJC ngày 04/11/2023,https://giavang.org/trong-nuoc/sjc/lich-su/2023-11-04.html,5219
Lịch sử giá vàng SJC ngày 05/11/2023,https://giavang.org/trong-nuoc/sjc/lich-su/2023-11-05.html,5220
Lịch sử giá vàng SJC ngày 06/11/2023,https://giavang.org/trong-nuoc/sjc/lich-su/2023-11-06.html,5221
Lịch sử giá vàng SJC ngày 07/11/2023,https://giavang.org/trong-nuoc/sjc/lich-su/2023-11-07.html,5222
Lịch sử giá vàng SJC ngày 08/11/2023,https://giavang.org/trong-nuoc/sjc/lich-su/2023-11-08.html,5223
Lịch sử giá vàng SJC ngày 09/11/2023,https://giavang.org/trong-nuoc/sjc/lich-su/2023-11-09.html,5224
Lịch sử giá vàng SJC ngày 10/11/2023,https://giavang.org/trong-nuoc/sjc/lich-su/2023-11-10.html,5225
Lịch sử giá vàng SJC ngày 11/11/2023,https://giavang.org/trong-nuoc/sjc/lich-su/2023-11-11.html,5226
Lịch sử giá vàng SJC ngày 12/11/2023,https://giavang.org/trong-nuoc/sjc/lich-su/2023-11-12.html,5227
Lịch sử giá vàng SJC ngày 13/11/2023,https://giavang.org/trong-nuoc/sjc/lich-su/2023-11-13.html,5228
Lịch sử giá vàng SJC ngày 14/11/2023,https://giavang.org/trong-nuoc/sjc/lich-su/2023-11-14.html,5229
Lịch sử giá vàng SJC ngày 15/11/2023,https://giavang.org/trong-nuoc/sjc/lich-su/2023-11-15.html,5230
Lịch sử giá vàng SJC ngày 16/11/2023,https://giavang.org/trong-nuoc/sjc/lich-su/2023-11-16.html,5231
Lịch sử giá vàng SJC ngày 17/11/2023,https://giavang.org/trong-nuoc/sjc/lich-su/2023-11-17.html,5232
Lịch sử giá vàng SJC ngày 18/11/2023,https://giavang.org/trong-nuoc/sjc/lich-su/2023-11-18.html,5233
Lịch sử giá vàng SJC ngày 19/11/2023,https://giavang.org/trong-nuoc/sjc/lich-su/2023-11-19.html,5234
Lịch sử giá vàng SJC ngày 20/11/2023,https://giavang.org/trong-nuoc/sjc/lich-su/2023-11-20.html,5235
Lịch sử giá vàng SJC ngày 21/11/2023,https://giavang.org/trong-nuoc/sjc/lich-su/2023-11-21.html,5236
Lịch sử giá vàng SJC ngày 22/11/2023,https://giavang.org/trong-nuoc/sjc/lich-su/2023-11-22.html,5237
Lịch sử giá vàng SJC ngày 23/11/2023,https://giavang.org/trong-nuoc/sjc/lich-su/2023-11-23.html,5238
Lịch sử giá vàng SJC ngày 24/11/2023,https://giavang.org/trong-nuoc/sjc/lich-su/2023-11-24.html,5239
Lịch sử giá vàng SJC ngày 25/11/2023,https://giavang.org/trong-nuoc/sjc/lich-su/2023-11-25.html,5240
Lịch sử giá vàng SJC ngày 26/11/2023,https://giavang.org/trong-nuoc/sjc/lich-su/2023-11-26.html,5241
Lịch sử giá vàng SJC ngày 27/11/2023,https://giavang.org/trong-nuoc/sjc/lich-su/2023-11-27.html,5242
Lịch sử giá vàng SJC ngày 28/11/2023,https://giavang.org/trong-nuoc/sjc/lich-su/2023-11-28.html,5243
Lịch sử giá vàng SJC ngày 29/11/2023,https://giavang.org/trong-nuoc/sjc/lich-su/2023-11-29.html,5244
Lịch sử giá vàng SJC ngày 30/11/2023,https://giavang.org/trong-nuoc/sjc/lich-su/2023-11-30.html,5245
Lịch sử giá vàng SJC ngày 01/12/2023,https://giavang.org/trong-nuoc/sjc/lich-su/2023-12-01.html,5246
Lịch sử giá vàng SJC ngày 02/12/2023,https://giavang.org/trong-nuoc/sjc/lich-su/2023-12-02.html,5247
Lịch sử giá vàng SJC ngày 03/12/2023,https://giavang.org/trong-nuoc/sjc/lich-su/2023-12-03.html,5248
Lịch sử giá vàng SJC ngày 04/12/2023,https://giavang.org/trong-nuoc/sjc/lich-su/2023-12-04.html,5249
Lịch sử giá vàng SJC ngày 05/12/2023,https://giavang.org/trong-nuoc/sjc/lich-su/2023-12-05.html,5250
Lịch sử giá vàng SJC ngày 06/12/2023,https://giavang.org/trong-nuoc/sjc/lich-su/2023-12-06.html,5251
Lịch sử giá vàng SJC ngày 07/12/2023,https://giavang.org/trong-nuoc/sjc/lich-su/2023-12-07.html,5252
Lịch sử giá vàng SJC ngày 08/12/2023,https://giavang.org/trong-nuoc/sjc/lich-su/2023-12-08.html,5253
Lịch sử giá vàng SJC ngày 09/12/2023,https://giavang.org/trong-nuoc/sjc/lich-su/2023-12-09.html,5254
Lịch sử giá vàng SJC ngày 10/12/2023,https://giavang.org/trong-nuoc/sjc/lich-su/2023-12-10.html,5255
Lịch sử giá vàng SJC ngày 11/12/2023,https://giavang.org/trong-nuoc/sjc/lich-su/2023-12-11.html,5256
Lịch sử giá vàng SJC ngày 12/12/2023,https://giavang.org/trong-nuoc/sjc/lich-su/2023-12-12.html,5257
Lịch sử giá vàng SJC ngày 13/12/2023,https://giavang.org/trong-nuoc/sjc/lich-su/2023-12-13.html,5258
Lịch sử giá vàng SJC ngày 14/12/2023,https://giavang.org/trong-nuoc/sjc/lich-su/2023-12-14.html,5259
Lịch sử giá vàng SJC ngày 15/12/2023,https://giavang.org/trong-nuoc/sjc/lich-su/2023-12-15.html,5260
Lịch sử giá vàng SJC ngày 16/12/2023,https://giavang.org/trong-nuoc/sjc/lich-su/2023-12-16.html,5261
Lịch sử giá vàng SJC ngày 17/12/2023,https://giavang.org/trong-nuoc/sjc/lich-su/2023-12-17.html,5262
Lịch sử giá vàng SJC ngày 18/12/2023,https://giavang.org/trong-nuoc/sjc/lich-su/2023-12-18.html,5263
Lịch sử giá vàng SJC ngày 19/12/2023,https://giavang.org/trong-nuoc/sjc/lich-su/2023-12-19.html,5264
Lịch sử giá vàng SJC ngày 20/12/2023,https://giavang.org/trong-nuoc/sjc/lich-su/2023-12-20.html,5265
Lịch sử giá vàng SJC ngày 21/12/2023,https://giavang.org/trong-nuoc/sjc/lich-su/2023-12-21.html,5266
Lịch sử giá vàng SJC ngày 22/12/2023,https://giavang.org/trong-nuoc/sjc/lich-su/2023-12-22.html,5267
Lịch sử giá vàng SJC ngày 23/12/2023,https://giavang.org/trong-nuoc/sjc/lich-su/2023-12-23.html,5268
Lịch sử giá vàng SJC ngày 24/12/2023,https://giavang.org/trong-nuoc/sjc/lich-su/2023-12-24.html,5269
Lịch sử giá vàng SJC ngày 25/12/2023,https://giavang.org/trong-nuoc/sjc/lich-su/2023-12-25.html,5270
Lịch sử giá vàng SJC ngày 26/12/2023,https://giavang.org/trong-nuoc/sjc/lich-su/2023-12-26.html,5271
Lịch sử giá vàng SJC ngày 27/12/2023,https://giavang.org/trong-nuoc/sjc/lich-su/2023-12-27.html,5272
Lịch sử giá vàng SJC ngày 28/12/2023,https://giavang.org/trong-nuoc/sjc/lich-su/2023-12-28.html,5273
Lịch sử giá vàng SJC ngày 29/12/2023,https://giavang.org/trong-nuoc/sjc/lich-su/2023-12-29.html,5274
Lịch sử giá vàng SJC ngày 30/12/2023,https://giavang.org/trong-nuoc/sjc/lich-su/2023-12-30.html,5275
Lịch sử giá vàng SJC ngày 31/12/2023,https://giavang.org/trong-nuoc/sjc/lich-su/2023-12-31.html,5276
Lịch sử giá vàng SJC ngày 01/01/2024,https://giavang.org/trong-nuoc/sjc/lich-su/2024-01-01.html,5277
Lịch sử giá vàng SJC ngày 02/01/2024,https://giavang.org/trong-nuoc/sjc/lich-su/2024-01-02.html,5278
Lịch sử giá vàng SJC ngày 03/01/2024,https://giavang.org/trong-nuoc/sjc/lich-su/2024-01-03.html,5279
Lịch sử giá vàng SJC ngày 04/01/2024,https://giavang.org/trong-nuoc/sjc/lich-su/2024-01-04.html,5280
Lịch sử giá vàng SJC ngày 05/01/2024,https://giavang.org/trong-nuoc/sjc/lich-su/2024-01-05.html,5281
Lịch sử giá vàng SJC ngày 06/01/2024,https://giavang.org/trong-nuoc/sjc/lich-su/2024-01-06.html,5282
Lịch sử giá vàng SJC ngày 07/01/2024,https://giavang.org/trong-nuoc/sjc/lich-su/2024-01-07.html,5283
Lịch sử giá vàng SJC ngày 08/01/2024,https://giavang.org/trong-nuoc/sjc/lich-su/2024-01-08.html,5284
Lịch sử giá vàng SJC ngày 09/01/2024,https://giavang.org/trong-nuoc/sjc/lich-su/2024-01-09.html,5285
Lịch sử giá vàng SJC ngày 10/01/2024,https://giavang.org/trong-nuoc/sjc/lich-su/2024-01-10.html,5286
Lịch sử giá vàng SJC ngày 11/01/2024,https://giavang.org/trong-nuoc/sjc/lich-su/2024-01-11.html,5287
Lịch sử giá vàng SJC ngày 12/01/2024,https://giavang.org/trong-nuoc/sjc/lich-su/2024-01-12.html,5288
Lịch sử giá vàng SJC ngày 13/01/2024,https://giavang.org/trong-nuoc/sjc/lich-su/2024-01-13.html,5289
Lịch sử giá vàng SJC ngày 14/01/2024,https://giavang.org/trong-nuoc/sjc/lich-su/2024-01-14.html,5290
Lịch sử giá vàng SJC ngày 15/01/2024,https://giavang.org/trong-nuoc/sjc/lich-su/2024-01-15.html,5291
Lịch sử giá vàng SJC ngày 16/01/2024,https://giavang.org/trong-nuoc/sjc/lich-su/2024-01-16.html,5292
Lịch sử giá vàng SJC ngày 17/01/2024,https://giavang.org/trong-nuoc/sjc/lich-su/2024-01-17.html,5293
Lịch sử giá vàng SJC ngày 18/01/2024,https://giavang.org/trong-nuoc/sjc/lich-su/2024-01-18.html,5294
Lịch sử giá vàng SJC ngày 19/01/2024,https://giavang.org/trong-nuoc/sjc/lich-su/2024-01-19.html,5295
Lịch sử giá vàng SJC ngày 20/01/2024,https://giavang.org/trong-nuoc/sjc/lich-su/2024-01-20.html,5296
Lịch sử giá vàng SJC ngày 21/01/2024,https://giavang.org/trong-nuoc/sjc/lich-su/2024-01-21.html,5297
Lịch sử giá vàng SJC ngày 22/01/2024,https://giavang.org/trong-nuoc/sjc/lich-su/2024-01-22.html,5298
Lịch sử giá vàng SJC ngày 23/01/2024,https://giavang.org/trong-nuoc/sjc/lich-su/2024-01-23.html,5299
Lịch sử giá vàng SJC ngày 24/01/2024,https://giavang.org/trong-nuoc/sjc/lich-su/2024-01-24.html,5300
Lịch sử giá vàng SJC ngày 25/01/2024,https://giavang.org/trong-nuoc/sjc/lich-su/2024-01-25.html,5301
Lịch sử giá vàng SJC ngày 26/01/2024,https://giavang.org/trong-nuoc/sjc/lich-su/2024-01-26.html,5302
Lịch sử giá vàng SJC ngày 27/01/2024,https://giavang.org/trong-nuoc/sjc/lich-su/2024-01-27.html,5303
Lịch sử giá vàng SJC ngày 28/01/2024,https://giavang.org/trong-nuoc/sjc/lich-su/2024-01-28.html,5304
Lịch sử giá vàng SJC ngày 29/01/2024,https://giavang.org/trong-nuoc/sjc/lich-su/2024-01-29.html,5305
Lịch sử giá vàng SJC ngày 30/01/2024,https://giavang.org/trong-nuoc/sjc/lich-su/2024-01-30.html,5306
Lịch sử giá vàng SJC ngày 31/01/2024,https://giavang.org/trong-nuoc/sjc/lich-su/2024-01-31.html,5307
Lịch sử giá vàng SJC ngày 01/02/2024,https://giavang.org/trong-nuoc/sjc/lich-su/2024-02-01.html,5308
Lịch sử giá vàng SJC ngày 02/02/2024,https://giavang.org/trong-nuoc/sjc/lich-su/2024-02-02.html,5309
Lịch sử giá vàng SJC ngày 03/02/2024,https://giavang.org/trong-nuoc/sjc/lich-su/2024-02-03.html,5310
Lịch sử giá vàng SJC ngày 04/02/2024,https://giavang.org/trong-nuoc/sjc/lich-su/2024-02-04.html,5311
Lịch sử giá vàng SJC ngày 05/02/2024,https://giavang.org/trong-nuoc/sjc/lich-su/2024-02-05.html,5312
Lịch sử giá vàng SJC ngày 06/02/2024,https://giavang.org/trong-nuoc/sjc/lich-su/2024-02-06.html,5313
Lịch sử giá vàng SJC ngày 07/02/2024,https://giavang.org/trong-nuoc/sjc/lich-su/2024-02-07.html,5314
Lịch sử giá vàng SJC ngày 08/02/2024,https://giavang.org/trong-nuoc/sjc/lich-su/2024-02-08.html,5315
Lịch sử giá vàng SJC ngày 09/02/2024,https://giavang.org/trong-nuoc/sjc/lich-su/2024-02-09.html,5316
Lịch sử giá vàng SJC ngày 10/02/2024,https://giavang.org/trong-nuoc/sjc/lich-su/2024-02-10.html,5317
Lịch sử giá vàng SJC ngày 11/02/2024,https://giavang.org/trong-nuoc/sjc/lich-su/2024-02-11.html,5318
Lịch sử giá vàng SJC ngày 12/02/2024,https://giavang.org/trong-nuoc/sjc/lich-su/2024-02-12.html,5319
Lịch sử giá vàng SJC ngày 13/02/2024,https://giavang.org/trong-nuoc/sjc/lich-su/2024-02-13.html,5320
Lịch sử giá vàng SJC ngày 14/02/2024,https://giavang.org/trong-nuoc/sjc/lich-su/2024-02-14.html,5321
Lịch sử giá vàng SJC ngày 15/02/2024,https://giavang.org/trong-nuoc/sjc/lich-su/2024-02-15.html,5322
Lịch sử giá vàng SJC ngày 16/02/2024,https://giavang.org/trong-nuoc/sjc/lich-su/2024-02-16.html,5323
Lịch sử giá vàng SJC ngày 17/02/2024,https://giavang.org/trong-nuoc/sjc/lich-su/2024-02-17.html,5324
Lịch sử giá vàng SJC ngày 18/02/2024,https://giavang.org/trong-nuoc/sjc/lich-su/2024-02-18.html,5325
Lịch sử giá vàng SJC ngày 19/02/2024,https://giavang.org/trong-nuoc/sjc/lich-su/2024-02-19.html,5326
Lịch sử giá vàng SJC ngày 20/02/2024,https://giavang.org/trong-nuoc/sjc/lich-su/2024-02-20.html,5327
Lịch sử giá vàng SJC ngày 21/02/2024,https://giavang.org/trong-nuoc/sjc/lich-su/2024-02-21.html,5328
Lịch sử giá vàng SJC ngày 22/02/2024,https://giavang.org/trong-nuoc/sjc/lich-su/2024-02-22.html,5329
Lịch sử giá vàng SJC ngày 23/02/2024,https://giavang.org/trong-nuoc/sjc/lich-su/2024-02-23.html,5330
Lịch sử giá vàng SJC ngày 24/02/2024,https://giavang.org/trong-nuoc/sjc/lich-su/2024-02-24.html,5331
Lịch sử giá vàng SJC ngày 25/02/2024,https://giavang.org/trong-nuoc/sjc/lich-su/2024-02-25.html,5332
Lịch sử giá vàng SJC ngày 26/02/2024,https://giavang.org/trong-nuoc/sjc/lich-su/2024-02-26.html,5333
Lịch sử giá vàng SJC ngày 27/02/2024,https://giavang.org/trong-nuoc/sjc/lich-su/2024-02-27.html,5334
Lịch sử giá vàng SJC ngày 28/02/2024,https://giavang.org/trong-nuoc/sjc/lich-su/2024-02-28.html,5335
Lịch sử giá vàng SJC ngày 29/02/2024,https://giavang.org/trong-nuoc/sjc/lich-su/2024-02-29.html,5336
Lịch sử giá vàng SJC ngày 01/03/2024,https://giavang.org/trong-nuoc/sjc/lich-su/2024-03-01.html,5337
Lịch sử giá vàng SJC ngày 02/03/2024,https://giavang.org/trong-nuoc/sjc/lich-su/2024-03-02.html,5338
Lịch sử giá vàng SJC ngày 03/03/2024,https://giavang.org/trong-nuoc/sjc/lich-su/2024-03-03.html,5339
Lịch sử giá vàng SJC ngày 04/03/2024,https://giavang.org/trong-nuoc/sjc/lich-su/2024-03-04.html,5340
Lịch sử giá vàng SJC ngày 05/03/2024,https://giavang.org/trong-nuoc/sjc/lich-su/2024-03-05.html,5341
Lịch sử giá vàng SJC ngày 06/03/2024,https://giavang.org/trong-nuoc/sjc/lich-su/2024-03-06.html,5342
Lịch sử giá vàng SJC ngày 07/03/2024,https://giavang.org/trong-nuoc/sjc/lich-su/2024-03-07.html,5343
Lịch sử giá vàng SJC ngày 08/03/2024,https://giavang.org/trong-nuoc/sjc/lich-su/2024-03-08.html,5344
Lịch sử giá vàng SJC ngày 09/03/2024,https://giavang.org/trong-nuoc/sjc/lich-su/2024-03-09.html,5345
Lịch sử giá vàng SJC ngày 10/03/2024,https://giavang.org/trong-nuoc/sjc/lich-su/2024-03-10.html,5346
Lịch sử giá vàng SJC ngày 11/03/2024,https://giavang.org/trong-nuoc/sjc/lich-su/2024-03-11.html,5347
Lịch sử giá vàng SJC ngày 12/03/2024,https://giavang.org/trong-nuoc/sjc/lich-su/2024-03-12.html,5348
Lịch sử giá vàng SJC ngày 13/03/2024,https://giavang.org/trong-nuoc/sjc/lich-su/2024-03-13.html,5349
Lịch sử giá vàng SJC ngày 14/03/2024,https://giavang.org/trong-nuoc/sjc/lich-su/2024-03-14.html,5350
Lịch sử giá vàng SJC ngày 15/03/2024,https://giavang.org/trong-nuoc/sjc/lich-su/2024-03-15.html,5351
Lịch sử giá vàng SJC ngày 16/03/2024,https://giavang.org/trong-nuoc/sjc/lich-su/2024-03-16.html,5352
Lịch sử giá vàng SJC ngày 17/03/2024,https://giavang.org/trong-nuoc/sjc/lich-su/2024-03-17.html,5353
Lịch sử giá vàng SJC ngày 18/03/2024,https://giavang.org/trong-nuoc/sjc/lich-su/2024-03-18.html,5354
Lịch sử giá vàng SJC ngày 19/03/2024,https://giavang.org/trong-nuoc/sjc/lich-su/2024-03-19.html,5355
Lịch sử giá vàng SJC ngày 20/03/2024,https://giavang.org/trong-nuoc/sjc/lich-su/2024-03-20.html,5356
Lịch sử giá vàng SJC ngày 21/03/2024,https://giavang.org/trong-nuoc/sjc/lich-su/2024-03-21.html,5357
Lịch sử giá vàng SJC ngày 22/03/2024,https://giavang.org/trong-nuoc/sjc/lich-su/2024-03-22.html,5358
Lịch sử giá vàng SJC ngày 23/03/2024,https://giavang.org/trong-nuoc/sjc/lich-su/2024-03-23.html,5359
Lịch sử giá vàng SJC ngày 24/03/2024,https://giavang.org/trong-nuoc/sjc/lich-su/2024-03-24.html,5360
Lịch sử giá vàng SJC ngày 25/03/2024,https://giavang.org/trong-nuoc/sjc/lich-su/2024-03-25.html,5361
Lịch sử giá vàng SJC ngày 26/03/2024,https://giavang.org/trong-nuoc/sjc/lich-su/2024-03-26.html,5362
Lịch sử giá vàng SJC ngày 27/03/2024,https://giavang.org/trong-nuoc/sjc/lich-su/2024-03-27.html,5363
Lịch sử giá vàng SJC ngày 28/03/2024,https://giavang.org/trong-nuoc/sjc/lich-su/2024-03-28.html,5364
Lịch sử giá vàng SJC ngày 29/03/2024,https://giavang.org/trong-nuoc/sjc/lich-su/2024-03-29.html,5365
Lịch sử giá vàng SJC ngày 30/03/2024,https://giavang.org/trong-nuoc/sjc/lich-su/2024-03-30.html,5366
Lịch sử giá vàng SJC ngày 31/03/2024,https://giavang.org/trong-nuoc/sjc/lich-su/2024-03-31.html,5367
Lịch sử giá vàng SJC ngày 01/04/2024,https://giavang.org/trong-nuoc/sjc/lich-su/2024-04-01.html,5368
Lịch sử giá vàng SJC ngày 02/04/2024,https://giavang.org/trong-nuoc/sjc/lich-su/2024-04-02.html,5369
Lịch sử giá vàng SJC ngày 03/04/2024,https://giavang.org/trong-nuoc/sjc/lich-su/2024-04-03.html,5370
Lịch sử giá vàng SJC ngày 04/04/2024,https://giavang.org/trong-nuoc/sjc/lich-su/2024-04-04.html,5371
Lịch sử giá vàng SJC ngày 05/04/2024,https://giavang.org/trong-nuoc/sjc/lich-su/2024-04-05.html,5372
Lịch sử giá vàng SJC ngày 06/04/2024,https://giavang.org/trong-nuoc/sjc/lich-su/2024-04-06.html,5373
Lịch sử giá vàng SJC ngày 07/04/2024,https://giavang.org/trong-nuoc/sjc/lich-su/2024-04-07.html,5374
Lịch sử giá vàng SJC ngày 08/04/2024,https://giavang.org/trong-nuoc/sjc/lich-su/2024-04-08.html,5375
Lịch sử giá vàng SJC ngày 09/04/2024,https://giavang.org/trong-nuoc/sjc/lich-su/2024-04-09.html,5376
Lịch sử giá vàng SJC ngày 10/04/2024,https://giavang.org/trong-nuoc/sjc/lich-su/2024-04-10.html,5377
Lịch sử giá vàng SJC ngày 11/04/2024,https://giavang.org/trong-nuoc/sjc/lich-su/2024-04-11.html,5378
Lịch sử giá vàng SJC ngày 12/04/2024,https://giavang.org/trong-nuoc/sjc/lich-su/2024-04-12.html,5379
Lịch sử giá vàng SJC ngày 13/04/2024,https://giavang.org/trong-nuoc/sjc/lich-su/2024-04-13.html,5380
Lịch sử giá vàng SJC ngày 14/04/2024,https://giavang.org/trong-nuoc/sjc/lich-su/2024-04-14.html,5381
Lịch sử giá vàng SJC ngày 15/04/2024,https://giavang.org/trong-nuoc/sjc/lich-su/2024-04-15.html,5382
Lịch sử giá vàng SJC ngày 16/04/2024,https://giavang.org/trong-nuoc/sjc/lich-su/2024-04-16.html,5383
Lịch sử giá vàng SJC ngày 17/04/2024,https://giavang.org/trong-nuoc/sjc/lich-su/2024-04-17.html,5384
Lịch sử giá vàng SJC ngày 18/04/2024,https://giavang.org/trong-nuoc/sjc/lich-su/2024-04-18.html,5385
Lịch sử giá vàng SJC ngày 19/04/2024,https://giavang.org/trong-nuoc/sjc/lich-su/2024-04-19.html,5386
Lịch sử giá vàng SJC ngày 20/04/2024,https://giavang.org/trong-nuoc/sjc/lich-su/2024-04-20.html,5387
Lịch sử giá vàng SJC ngày 21/04/2024,https://giavang.org/trong-nuoc/sjc/lich-su/2024-04-21.html,5388
Lịch sử giá vàng SJC ngày 22/04/2024,https://giavang.org/trong-nuoc/sjc/lich-su/2024-04-22.html,5389
Lịch sử giá vàng SJC ngày 23/04/2024,https://giavang.org/trong-nuoc/sjc/lich-su/2024-04-23.html,5390
Lịch sử giá vàng SJC ngày 24/04/2024,https://giavang.org/trong-nuoc/sjc/lich-su/2024-04-24.html,5391
Lịch sử giá vàng SJC ngày 25/04/2024,https://giavang.org/trong-nuoc/sjc/lich-su/2024-04-25.html,5392
Lịch sử giá vàng SJC ngày 26/04/2024,https://giavang.org/trong-nuoc/sjc/lich-su/2024-04-26.html,5393
Lịch sử giá vàng SJC ngày 27/04/2024,https://giavang.org/trong-nuoc/sjc/lich-su/2024-04-27.html,5394
Lịch sử giá vàng SJC ngày 28/04/2024,https://giavang.org/trong-nuoc/sjc/lich-su/2024-04-28.html,5395
Lịch sử giá vàng SJC ngày 29/04/2024,https://giavang.org/trong-nuoc/sjc/lich-su/2024-04-29.html,5396
Lịch sử giá vàng SJC ngày 30/04/2024,https://giavang.org/trong-nuoc/sjc/lich-su/2024-04-30.html,5397
Lịch sử giá vàng SJC ngày 01/05/2024,https://giavang.org/trong-nuoc/sjc/lich-su/2024-05-01.html,5398
Lịch sử giá vàng SJC ngày 02/05/2024,https://giavang.org/trong-nuoc/sjc/lich-su/2024-05-02.html,5399
Lịch sử giá vàng SJC ngày 03/05/2024,https://giavang.org/trong-nuoc/sjc/lich-su/2024-05-03.html,5400
Lịch sử giá vàng SJC ngày 04/05/2024,https://giavang.org/trong-nuoc/sjc/lich-su/2024-05-04.html,5401
Lịch sử giá vàng SJC ngày 05/05/2024,https://giavang.org/trong-nuoc/sjc/lich-su/2024-05-05.html,5402
Lịch sử giá vàng SJC ngày 06/05/2024,https://giavang.org/trong-nuoc/sjc/lich-su/2024-05-06.html,5403
Lịch sử giá vàng SJC ngày 07/05/2024,https://giavang.org/trong-nuoc/sjc/lich-su/2024-05-07.html,5404
Lịch sử giá vàng SJC ngày 08/05/2024,https://giavang.org/trong-nuoc/sjc/lich-su/2024-05-08.html,5405
Lịch sử giá vàng SJC ngày 09/05/2024,https://giavang.org/trong-nuoc/sjc/lich-su/2024-05-09.html,5406
Lịch sử giá vàng SJC ngày 10/05/2024,https://giavang.org/trong-nuoc/sjc/lich-su/2024-05-10.html,5407
Lịch sử giá vàng SJC ngày 11/05/2024,https://giavang.org/trong-nuoc/sjc/lich-su/2024-05-11.html,5408
Lịch sử giá vàng SJC ngày 12/05/2024,https://giavang.org/trong-nuoc/sjc/lich-su/2024-05-12.html,5409
Lịch sử giá vàng SJC ngày 13/05/2024,https://giavang.org/trong-nuoc/sjc/lich-su/2024-05-13.html,5410
Lịch sử giá vàng SJC ngày 14/05/2024,https://giavang.org/trong-nuoc/sjc/lich-su/2024-05-14.html,5411
Lịch sử giá vàng SJC ngày 15/05/2024,https://giavang.org/trong-nuoc/sjc/lich-su/2024-05-15.html,5412
Lịch sử giá vàng SJC ngày 16/05/2024,https://giavang.org/trong-nuoc/sjc/lich-su/2024-05-16.html,5413
Lịch sử giá vàng SJC ngày 17/05/2024,https://giavang.org/trong-nuoc/sjc/lich-su/2024-05-17.html,5414
Lịch sử giá vàng SJC ngày 18/05/2024,https://giavang.org/trong-nuoc/sjc/lich-su/2024-05-18.html,5415
Lịch sử giá vàng SJC ngày 19/05/2024,https://giavang.org/trong-nuoc/sjc/lich-su/2024-05-19.html,5416
Lịch sử giá vàng SJC ngày 20/05/2024,https://giavang.org/trong-nuoc/sjc/lich-su/2024-05-20.html,5417
Lịch sử giá vàng SJC ngày 21/05/2024,https://giavang.org/trong-nuoc/sjc/lich-su/2024-05-21.html,5418
Lịch sử giá vàng SJC ngày 22/05/2024,https://giavang.org/trong-nuoc/sjc/lich-su/2024-05-22.html,5419
Lịch sử giá vàng SJC ngày 23/05/2024,https://giavang.org/trong-nuoc/sjc/lich-su/2024-05-23.html,5420
Lịch sử giá vàng SJC ngày 24/05/2024,https://giavang.org/trong-nuoc/sjc/lich-su/2024-05-24.html,5421
Lịch sử giá vàng SJC ngày 25/05/2024,https://giavang.org/trong-nuoc/sjc/lich-su/2024-05-25.html,5422
Lịch sử giá vàng SJC ngày 26/05/2024,https://giavang.org/trong-nuoc/sjc/lich-su/2024-05-26.html,5423
Lịch sử giá vàng SJC ngày 27/05/2024,https://giavang.org/trong-nuoc/sjc/lich-su/2024-05-27.html,5424
Lịch sử giá vàng SJC ngày 28/05/2024,https://giavang.org/trong-nuoc/sjc/lich-su/2024-05-28.html,5425
Lịch sử giá vàng SJC ngày 29/05/2024,https://giavang.org/trong-nuoc/sjc/lich-su/2024-05-29.html,5426
Lịch sử giá vàng SJC ngày 30/05/2024,https://giavang.org/trong-nuoc/sjc/lich-su/2024-05-30.html,5427
Lịch sử giá vàng SJC ngày 31/05/2024,https://giavang.org/trong-nuoc/sjc/lich-su/2024-05-31.html,5428
Lịch sử giá vàng SJC ngày 01/06/2024,https://giavang.org/trong-nuoc/sjc/lich-su/2024-06-01.html,5429
Lịch sử giá vàng SJC ngày 02/06/2024,https://giavang.org/trong-nuoc/sjc/lich-su/2024-06-02.html,5430
Lịch sử giá vàng SJC ngày 03/06/2024,https://giavang.org/trong-nuoc/sjc/lich-su/2024-06-03.html,5431
Lịch sử giá vàng SJC ngày 04/06/2024,https://giavang.org/trong-nuoc/sjc/lich-su/2024-06-04.html,5432
Lịch sử giá vàng SJC ngày 05/06/2024,https://giavang.org/trong-nuoc/sjc/lich-su/2024-06-05.html,5433
Lịch sử giá vàng SJC ngày 06/06/2024,https://giavang.org/trong-nuoc/sjc/lich-su/2024-06-06.html,5434
Lịch sử giá vàng SJC ngày 07/06/2024,https://giavang.org/trong-nuoc/sjc/lich-su/2024-06-07.html,5435
Lịch sử giá vàng SJC ngày 08/06/2024,https://giavang.org/trong-nuoc/sjc/lich-su/2024-06-08.html,5436
Lịch sử giá vàng SJC ngày 09/06/2024,https://giavang.org/trong-nuoc/sjc/lich-su/2024-06-09.html,5437
Lịch sử giá vàng SJC ngày 10/06/2024,https://giavang.org/trong-nuoc/sjc/lich-su/2024-06-10.html,5438
Lịch sử giá vàng SJC ngày 11/06/2024,https://giavang.org/trong-nuoc/sjc/lich-su/2024-06-11.html,5439
Lịch sử giá vàng SJC ngày 12/06/2024,https://giavang.org/trong-nuoc/sjc/lich-su/2024-06-12.html,5440
Lịch sử giá vàng SJC ngày 13/06/2024,https://giavang.org/trong-nuoc/sjc/lich-su/2024-06-13.html,5441
Lịch sử giá vàng SJC ngày 14/06/2024,https://giavang.org/trong-nuoc/sjc/lich-su/2024-06-14.html,5442
Lịch sử giá vàng SJC ngày 15/06/2024,https://giavang.org/trong-nuoc/sjc/lich-su/2024-06-15.html,5443
Lịch sử giá vàng SJC ngày 16/06/2024,https://giavang.org/trong-nuoc/sjc/lich-su/2024-06-16.html,5444
Lịch sử giá vàng SJC ngày 17/06/2024,https://giavang.org/trong-nuoc/sjc/lich-su/2024-06-17.html,5445
Lịch sử giá vàng SJC ngày 18/06/2024,https://giavang.org/trong-nuoc/sjc/lich-su/2024-06-18.html,5446
Lịch sử giá vàng SJC ngày 19/06/2024,https://giavang.org/trong-nuoc/sjc/lich-su/2024-06-19.html,5447
Lịch sử giá vàng SJC ngày 20/06/2024,https://giavang.org/trong-nuoc/sjc/lich-su/2024-06-20.html,5448
Lịch sử giá vàng SJC ngày 21/06/2024,https://giavang.org/trong-nuoc/sjc/lich-su/2024-06-21.html,5449
Lịch sử giá vàng SJC ngày 22/06/2024,https://giavang.org/trong-nuoc/sjc/lich-su/2024-06-22.html,5450
Lịch sử giá vàng SJC ngày 23/06/2024,https://giavang.org/trong-nuoc/sjc/lich-su/2024-06-23.html,5451
Lịch sử giá vàng SJC ngày 24/06/2024,https://giavang.org/trong-nuoc/sjc/lich-su/2024-06-24.html,5452
Lịch sử giá vàng SJC ngày 25/06/2024,https://giavang.org/trong-nuoc/sjc/lich-su/2024-06-25.html,5453
Lịch sử giá vàng SJC ngày 26/06/2024,https://giavang.org/trong-nuoc/sjc/lich-su/2024-06-26.html,5454
Lịch sử giá vàng SJC ngày 27/06/2024,https://giavang.org/trong-nuoc/sjc/lich-su/2024-06-27.html,5455
Lịch sử giá vàng SJC ngày 28/06/2024,https://giavang.org/trong-nuoc/sjc/lich-su/2024-06-28.html,5456
Lịch sử giá vàng SJC ngày 29/06/2024,https://giavang.org/trong-nuoc/sjc/lich-su/2024-06-29.html,5457
Lịch sử giá vàng SJC ngày 30/06/2024,https://giavang.org/trong-nuoc/sjc/lich-su/2024-06-30.html,5458
Lịch sử giá vàng SJC ngày 01/07/2024,https://giavang.org/trong-nuoc/sjc/lich-su/2024-07-01.html,5459
Lịch sử giá vàng SJC ngày 02/07/2024,https://giavang.org/trong-nuoc/sjc/lich-su/2024-07-02.html,5460
Lịch sử giá vàng SJC ngày 03/07/2024,https://giavang.org/trong-nuoc/sjc/lich-su/2024-07-03.html,5461
Lịch sử giá vàng SJC ngày 04/07/2024,https://giavang.org/trong-nuoc/sjc/lich-su/2024-07-04.html,5462
Lịch sử giá vàng SJC ngày 05/07/2024,https://giavang.org/trong-nuoc/sjc/lich-su/2024-07-05.html,5463
Lịch sử giá vàng SJC ngày 06/07/2024,https://giavang.org/trong-nuoc/sjc/lich-su/2024-07-06.html,5464
Lịch sử giá vàng SJC ngày 07/07/2024,https://giavang.org/trong-nuoc/sjc/lich-su/2024-07-07.html,5465
Lịch sử giá vàng SJC ngày 08/07/2024,https://giavang.org/trong-nuoc/sjc/lich-su/2024-07-08.html,5466
Lịch sử giá vàng SJC ngày 09/07/2024,https://giavang.org/trong-nuoc/sjc/lich-su/2024-07-09.html,5467
Lịch sử giá vàng SJC ngày 10/07/2024,https://giavang.org/trong-nuoc/sjc/lich-su/2024-07-10.html,5468
Lịch sử giá vàng SJC ngày 11/07/2024,https://giavang.org/trong-nuoc/sjc/lich-su/2024-07-11.html,5469
Lịch sử giá vàng SJC ngày 12/07/2024,https://giavang.org/trong-nuoc/sjc/lich-su/2024-07-12.html,5470
Lịch sử giá vàng SJC ngày 13/07/2024,https://giavang.org/trong-nuoc/sjc/lich-su/2024-07-13.html,5471
Lịch sử giá vàng SJC ngày 14/07/2024,https://giavang.org/trong-nuoc/sjc/lich-su/2024-07-14.html,5472
Lịch sử giá vàng SJC ngày 15/07/2024,https://giavang.org/trong-nuoc/sjc/lich-su/2024-07-15.html,5473
Lịch sử giá vàng SJC ngày 16/07/2024,https://giavang.org/trong-nuoc/sjc/lich-su/2024-07-16.html,5474
Lịch sử giá vàng SJC ngày 17/07/2024,https://giavang.org/trong-nuoc/sjc/lich-su/2024-07-17.html,5475
Lịch sử giá vàng SJC ngày 18/07/2024,https://giavang.org/trong-nuoc/sjc/lich-su/2024-07-18.html,5476
Lịch sử giá vàng SJC ngày 19/07/2024,https://giavang.org/trong-nuoc/sjc/lich-su/2024-07-19.html,5477
Lịch sử giá vàng SJC ngày 20/07/2024,https://giavang.org/trong-nuoc/sjc/lich-su/2024-07-20.html,5478
Lịch sử giá vàng SJC ngày 21/07/2024,https://giavang.org/trong-nuoc/sjc/lich-su/2024-07-21.html,5479
Lịch sử giá vàng SJC ngày 22/07/2024,https://giavang.org/trong-nuoc/sjc/lich-su/2024-07-22.html,5480
Lịch sử giá vàng SJC ngày 23/07/2024,https://giavang.org/trong-nuoc/sjc/lich-su/2024-07-23.html,5481
Lịch sử giá vàng SJC ngày 24/07/2024,https://giavang.org/trong-nuoc/sjc/lich-su/2024-07-24.html,5482
Lịch sử giá vàng SJC ngày 25/07/2024,https://giavang.org/trong-nuoc/sjc/lich-su/2024-07-25.html,5483
Lịch sử giá vàng SJC ngày 26/07/2024,https://giavang.org/trong-nuoc/sjc/lich-su/2024-07-26.html,5484
Lịch sử giá vàng SJC ngày 27/07/2024,https://giavang.org/trong-nuoc/sjc/lich-su/2024-07-27.html,5485
Lịch sử giá vàng SJC ngày 28/07/2024,https://giavang.org/trong-nuoc/sjc/lich-su/2024-07-28.html,5486
Lịch sử giá vàng SJC ngày 29/07/2024,https://giavang.org/trong-nuoc/sjc/lich-su/2024-07-29.html,5487
Lịch sử giá vàng SJC ngày 30/07/2024,https://giavang.org/trong-nuoc/sjc/lich-su/2024-07-30.html,5488
Lịch sử giá vàng SJC ngày 31/07/2024,https://giavang.org/trong-nuoc/sjc/lich-su/2024-07-31.html,5489
Lịch sử giá vàng SJC ngày 01/08/2024,https://giavang.org/trong-nuoc/sjc/lich-su/2024-08-01.html,5490
Lịch sử giá vàng SJC ngày 02/08/2024,https://giavang.org/trong-nuoc/sjc/lich-su/2024-08-02.html,5491
Lịch sử giá vàng SJC ngày 03/08/2024,https://giavang.org/trong-nuoc/sjc/lich-su/2024-08-03.html,5492
Lịch sử giá vàng SJC ngày 04/08/2024,https://giavang.org/trong-nuoc/sjc/lich-su/2024-08-04.html,5493
Lịch sử giá vàng SJC ngày 05/08/2024,https://giavang.org/trong-nuoc/sjc/lich-su/2024-08-05.html,5494
Lịch sử giá vàng SJC ngày 06/08/2024,https://giavang.org/trong-nuoc/sjc/lich-su/2024-08-06.html,5495
Lịch sử giá vàng SJC ngày 07/08/2024,https://giavang.org/trong-nuoc/sjc/lich-su/2024-08-07.html,5496
Lịch sử giá vàng SJC ngày 08/08/2024,https://giavang.org/trong-nuoc/sjc/lich-su/2024-08-08.html,5497
Lịch sử giá vàng SJC ngày 09/08/2024,https://giavang.org/trong-nuoc/sjc/lich-su/2024-08-09.html,5498
Lịch sử giá vàng SJC ngày 10/08/2024,https://giavang.org/trong-nuoc/sjc/lich-su/2024-08-10.html,5499
Lịch sử giá vàng SJC ngày 11/08/2024,https://giavang.org/trong-nuoc/sjc/lich-su/2024-08-11.html,5500
Lịch sử giá vàng SJC ngày 12/08/2024,https://giavang.org/trong-nuoc/sjc/lich-su/2024-08-12.html,5501
Lịch sử giá vàng SJC ngày 13/08/2024,https://giavang.org/trong-nuoc/sjc/lich-su/2024-08-13.html,5502
Lịch sử giá vàng SJC ngày 14/08/2024,https://giavang.org/trong-nuoc/sjc/lich-su/2024-08-14.html,5503
Lịch sử giá vàng SJC ngày 15/08/2024,https://giavang.org/trong-nuoc/sjc/lich-su/2024-08-15.html,5504
Lịch sử giá vàng SJC ngày 16/08/2024,https://giavang.org/trong-nuoc/sjc/lich-su/2024-08-16.html,5505
Lịch sử giá vàng SJC ngày 17/08/2024,https://giavang.org/trong-nuoc/sjc/lich-su/2024-08-17.html,5506
Lịch sử giá vàng SJC ngày 18/08/2024,https://giavang.org/trong-nuoc/sjc/lich-su/2024-08-18.html,5507
Lịch sử giá vàng SJC ngày 19/08/2024,https://giavang.org/trong-nuoc/sjc/lich-su/2024-08-19.html,5508
Lịch sử giá vàng SJC ngày 20/08/2024,https://giavang.org/trong-nuoc/sjc/lich-su/2024-08-20.html,5509
Lịch sử giá vàng SJC ngày 21/08/2024,https://giavang.org/trong-nuoc/sjc/lich-su/2024-08-21.html,5510
Lịch sử giá vàng SJC ngày 22/08/2024,https://giavang.org/trong-nuoc/sjc/lich-su/2024-08-22.html,5511
Lịch sử giá vàng SJC ngày 23/08/2024,https://giavang.org/trong-nuoc/sjc/lich-su/2024-08-23.html,5512
Lịch sử giá vàng SJC ngày 24/08/2024,https://giavang.org/trong-nuoc/sjc/lich-su/2024-08-24.html,5513
Lịch sử giá vàng SJC ngày 25/08/2024,https://giavang.org/trong-nuoc/sjc/lich-su/2024-08-25.html,5514
Lịch sử giá vàng SJC ngày 26/08/2024,https://giavang.org/trong-nuoc/sjc/lich-su/2024-08-26.html,5515
Lịch sử giá vàng SJC ngày 27/08/2024,https://giavang.org/trong-nuoc/sjc/lich-su/2024-08-27.html,5516
Lịch sử giá vàng SJC ngày 28/08/2024,https://giavang.org/trong-nuoc/sjc/lich-su/2024-08-28.html,5517
Lịch sử giá vàng SJC ngày 29/08/2024,https://giavang.org/trong-nuoc/sjc/lich-su/2024-08-29.html,5518
Lịch sử giá vàng SJC ngày 30/08/2024,https://giavang.org/trong-nuoc/sjc/lich-su/2024-08-30.html,5519
Lịch sử giá vàng SJC ngày 31/08/2024,https://giavang.org/trong-nuoc/sjc/lich-su/2024-08-31.html,5520
Lịch sử giá vàng SJC ngày 01/09/2024,https://giavang.org/trong-nuoc/sjc/lich-su/2024-09-01.html,5521
Lịch sử giá vàng SJC ngày 02/09/2024,https://giavang.org/trong-nuoc/sjc/lich-su/2024-09-02.html,5522
Lịch sử giá vàng SJC ngày 03/09/2024,https://giavang.org/trong-nuoc/sjc/lich-su/2024-09-03.html,5523
Lịch sử giá vàng SJC ngày 04/09/2024,https://giavang.org/trong-nuoc/sjc/lich-su/2024-09-04.html,5524
Lịch sử giá vàng SJC ngày 05/09/2024,https://giavang.org/trong-nuoc/sjc/lich-su/2024-09-05.html,5525
Lịch sử giá vàng SJC ngày 06/09/2024,https://giavang.org/trong-nuoc/sjc/lich-su/2024-09-06.html,5526
Lịch sử giá vàng SJC ngày 07/09/2024,https://giavang.org/trong-nuoc/sjc/lich-su/2024-09-07.html,5527
Lịch sử giá vàng SJC ngày 08/09/2024,https://giavang.org/trong-nuoc/sjc/lich-su/2024-09-08.html,5528
Lịch sử giá vàng SJC ngày 09/09/2024,https://giavang.org/trong-nuoc/sjc/lich-su/2024-09-09.html,5529
Lịch sử giá vàng SJC ngày 10/09/2024,https://giavang.org/trong-nuoc/sjc/lich-su/2024-09-10.html,5530
Lịch sử giá vàng SJC ngày 11/09/2024,https://giavang.org/trong-nuoc/sjc/lich-su/2024-09-11.html,5531
Lịch sử giá vàng SJC ngày 12/09/2024,https://giavang.org/trong-nuoc/sjc/lich-su/2024-09-12.html,5532
Lịch sử giá vàng SJC ngày 13/09/2024,https://giavang.org/trong-nuoc/sjc/lich-su/2024-09-13.html,5533
Lịch sử giá vàng SJC ngày 14/09/2024,https://giavang.org/trong-nuoc/sjc/lich-su/2024-09-14.html,5534
Lịch sử giá vàng SJC ngày 15/09/2024,https://giavang.org/trong-nuoc/sjc/lich-su/2024-09-15.html,5535
Lịch sử giá vàng SJC ngày 16/09/2024,https://giavang.org/trong-nuoc/sjc/lich-su/2024-09-16.html,5536
Lịch sử giá vàng SJC ngày 17/09/2024,https://giavang.org/trong-nuoc/sjc/lich-su/2024-09-17.html,5537
Lịch sử giá vàng SJC ngày 18/09/2024,https://giavang.org/trong-nuoc/sjc/lich-su/2024-09-18.html,5538
Lịch sử giá vàng SJC ngày 19/09/2024,https://giavang.org/trong-nuoc/sjc/lich-su/2024-09-19.html,5539
Lịch sử giá vàng SJC ngày 20/09/2024,https://giavang.org/trong-nuoc/sjc/lich-su/2024-09-20.html,5540
Lịch sử giá vàng SJC ngày 21/09/2024,https://giavang.org/trong-nuoc/sjc/lich-su/2024-09-21.html,5541
Lịch sử giá vàng SJC ngày 22/09/2024,https://giavang.org/trong-nuoc/sjc/lich-su/2024-09-22.html,5542
Lịch sử giá vàng SJC ngày 23/09/2024,https://giavang.org/trong-nuoc/sjc/lich-su/2024-09-23.html,5543
Lịch sử giá vàng SJC ngày 24/09/2024,https://giavang.org/trong-nuoc/sjc/lich-su/2024-09-24.html,5544
Lịch sử giá vàng SJC ngày 25/09/2024,https://giavang.org/trong-nuoc/sjc/lich-su/2024-09-25.html,5545
Lịch sử giá vàng SJC ngày 26/09/2024,https://giavang.org/trong-nuoc/sjc/lich-su/2024-09-26.html,5546
Lịch sử giá vàng SJC ngày 27/09/2024,https://giavang.org/trong-nuoc/sjc/lich-su/2024-09-27.html,5547
Lịch sử giá vàng SJC ngày 28/09/2024,https://giavang.org/trong-nuoc/sjc/lich-su/2024-09-28.html,5548
Lịch sử giá vàng SJC ngày 29/09/2024,https://giavang.org/trong-nuoc/sjc/lich-su/2024-09-29.html,5549
Lịch sử giá vàng SJC ngày 30/09/2024,https://giavang.org/trong-nuoc/sjc/lich-su/2024-09-30.html,5550
Lịch sử giá vàng SJC ngày 01/10/2024,https://giavang.org/trong-nuoc/sjc/lich-su/2024-10-01.html,5551
Lịch sử giá vàng SJC ngày 02/10/2024,https://giavang.org/trong-nuoc/sjc/lich-su/2024-10-02.html,5552
Lịch sử giá vàng SJC ngày 03/10/2024,https://giavang.org/trong-nuoc/sjc/lich-su/2024-10-03.html,5553
Lịch sử giá vàng SJC ngày 04/10/2024,https://giavang.org/trong-nuoc/sjc/lich-su/2024-10-04.html,5554
Lịch sử giá vàng SJC ngày 05/10/2024,https://giavang.org/trong-nuoc/sjc/lich-su/2024-10-05.html,5555
Lịch sử giá vàng SJC ngày 06/10/2024,https://giavang.org/trong-nuoc/sjc/lich-su/2024-10-06.html,5556
Lịch sử giá vàng SJC ngày 07/10/2024,https://giavang.org/trong-nuoc/sjc/lich-su/2024-10-07.html,5557
Lịch sử giá vàng SJC ngày 08/10/2024,https://giavang.org/trong-nuoc/sjc/lich-su/2024-10-08.html,5558
Lịch sử giá vàng SJC ngày 09/10/2024,https://giavang.org/trong-nuoc/sjc/lich-su/2024-10-09.html,5559
Lịch sử giá vàng SJC ngày 10/10/2024,https://giavang.org/trong-nuoc/sjc/lich-su/2024-10-10.html,5560
Lịch sử giá vàng SJC ngày 11/10/2024,https://giavang.org/trong-nuoc/sjc/lich-su/2024-10-11.html,5561
Lịch sử giá vàng SJC ngày 12/10/2024,https://giavang.org/trong-nuoc/sjc/lich-su/2024-10-12.html,5562
Lịch sử giá vàng SJC ngày 13/10/2024,https://giavang.org/trong-nuoc/sjc/lich-su/2024-10-13.html,5563
Lịch sử giá vàng SJC ngày 14/10/2024,https://giavang.org/trong-nuoc/sjc/lich-su/2024-10-14.html,5564
Lịch sử giá vàng SJC ngày 15/10/2024,https://giavang.org/trong-nuoc/sjc/lich-su/2024-10-15.html,5565
Lịch sử giá vàng SJC ngày 16/10/2024,https://giavang.org/trong-nuoc/sjc/lich-su/2024-10-16.html,5566
Lịch sử giá vàng SJC ngày 17/10/2024,https://giavang.org/trong-nuoc/sjc/lich-su/2024-10-17.html,5567
Lịch sử giá vàng SJC ngày 18/10/2024,https://giavang.org/trong-nuoc/sjc/lich-su/2024-10-18.html,5568
Lịch sử giá vàng SJC ngày 19/10/2024,https://giavang.org/trong-nuoc/sjc/lich-su/2024-10-19.html,5569
Lịch sử giá vàng SJC ngày 20/10/2024,https://giavang.org/trong-nuoc/sjc/lich-su/2024-10-20.html,5570
Lịch sử giá vàng SJC ngày 21/10/2024,https://giavang.org/trong-nuoc/sjc/lich-su/2024-10-21.html,5571
Lịch sử giá vàng SJC ngày 22/10/2024,https://giavang.org/trong-nuoc/sjc/lich-su/2024-10-22.html,5572
Lịch sử giá vàng SJC ngày 23/10/2024,https://giavang.org/trong-nuoc/sjc/lich-su/2024-10-23.html,5573
Lịch sử giá vàng SJC ngày 24/10/2024,https://giavang.org/trong-nuoc/sjc/lich-su/2024-10-24.html,5574
Lịch sử giá vàng SJC ngày 25/10/2024,https://giavang.org/trong-nuoc/sjc/lich-su/2024-10-25.html,5575
Lịch sử giá vàng SJC ngày 26/10/2024,https://giavang.org/trong-nuoc/sjc/lich-su/2024-10-26.html,5576
Lịch sử giá vàng SJC ngày 27/10/2024,https://giavang.org/trong-nuoc/sjc/lich-su/2024-10-27.html,5577
